FeedbackID,CustomerID,StoreID,Rating,ReviewText,FeedbackDate
1,5822,7,2,Could not find what I needed,2024-09-27
2,3958,21,2,Could not find what I needed,2023-04-23
3,7989,14,5,Helpful staff and healthy plants,2022-10-08
4,2387,15,5,Good prices during promotion,2024-07-13
5,9311,9,4,Loved the indoor plant variety,2024-04-07
6,8113,2,2,Long wait and limited stock,2022-07-09
7,307,1,4,Fast checkout and friendly advice,2025-06-03
8,14016,14,4,Loved the indoor plant variety,2024-09-14
9,8821,6,4,Helpful staff and healthy plants,2025-04-14
10,4584,10,4,Helpful staff and healthy plants,2025-12-01
11,2787,10,4,Fast checkout and friendly advice,2021-10-11
12,9111,19,4,Fast checkout and friendly advice,2022-04-08
13,7631,8,4,Loved the indoor plant variety,2022-06-27
14,2951,2,5,Loved the indoor plant variety,2021-04-10
15,887,17,4,Loved the indoor plant variety,2024-04-11
16,219,19,4,Great selection and clean store,2023-02-23
17,6744,8,3,Average product selection,2025-05-22
18,14235,16,4,Great selection and clean store,2024-06-25
19,9665,12,4,Loved the indoor plant variety,2022-12-02
20,11195,11,4,Good prices during promotion,2024-05-23
21,11102,2,4,Great selection and clean store,2021-01-15
22,6250,10,4,Helpful staff and healthy plants,2024-07-20
23,1939,2,5,Good prices during promotion,2023-07-17
24,7758,2,4,Great selection and clean store,2024-05-14
25,6806,17,4,Good prices during promotion,2025-11-26
26,5599,19,3,Decent experience overall,2022-11-02
27,12729,10,5,Good prices during promotion,2023-08-06
28,9601,10,3,Average product selection,2025-05-13
29,10625,11,4,Fast checkout and friendly advice,2023-02-21
30,13683,2,2,Could not find what I needed,2022-03-05
31,9650,13,4,Helpful staff and healthy plants,2023-02-22
32,8495,3,3,Prices were a bit high,2024-05-10
33,11980,24,3,Decent experience overall,2021-08-11
34,10628,15,4,Good prices during promotion,2024-05-27
35,5023,13,4,Good prices during promotion,2025-10-03
36,8775,9,5,Helpful staff and healthy plants,2022-12-09
37,10564,19,5,Good prices during promotion,2025-11-27
38,10869,24,4,Good prices during promotion,2021-10-18
39,6804,19,5,Helpful staff and healthy plants,2024-03-13
40,12204,8,4,Good prices during promotion,2025-09-04
41,9301,23,4,Loved the indoor plant variety,2023-04-14
42,11689,2,4,Good prices during promotion,2023-11-05
43,891,24,4,Great selection and clean store,2022-09-01
44,12220,2,3,Store was busy but okay,2024-03-13
45,8600,18,5,Loved the indoor plant variety,2022-08-26
46,4681,2,4,Great selection and clean store,2024-05-14
47,3732,1,4,Good prices during promotion,2025-07-23
48,8338,17,3,Average product selection,2021-04-05
49,8313,24,2,Competitor had better price,2022-08-17
50,2634,14,4,Great selection and clean store,2025-11-24
51,3026,10,4,Fast checkout and friendly advice,2024-05-03
52,13045,22,3,Average product selection,2024-04-10
53,6746,22,4,Loved the indoor plant variety,2023-03-15
54,14845,10,3,Some items were out of stock,2021-01-13
55,1339,22,4,Good prices during promotion,2022-06-15
56,8978,24,4,Loved the indoor plant variety,2021-06-21
57,5079,21,3,Decent experience overall,2025-07-28
58,8480,19,3,Decent experience overall,2022-04-27
59,4758,17,3,Average product selection,2021-02-11
60,6290,20,4,Helpful staff and healthy plants,2025-11-13
61,11153,11,4,Great selection and clean store,2022-04-18
62,7611,4,3,Prices were a bit high,2021-10-06
63,8153,17,5,Fast checkout and friendly advice,2021-12-05
64,2766,18,4,Great selection and clean store,2025-10-20
65,7154,7,4,Good prices during promotion,2022-05-16
66,7335,7,3,Store was busy but okay,2022-05-12
67,12421,23,3,Average product selection,2021-10-21
68,8867,4,4,Great selection and clean store,2022-01-25
69,12402,16,4,Good prices during promotion,2024-01-02
70,13650,10,3,Some items were out of stock,2022-12-08
71,634,9,4,Helpful staff and healthy plants,2024-10-21
72,10920,4,4,Helpful staff and healthy plants,2021-11-15
73,14510,21,4,Great selection and clean store,2023-07-20
74,5251,24,3,Some items were out of stock,2024-02-05
75,9354,11,4,Loved the indoor plant variety,2021-07-19
76,6992,3,5,Helpful staff and healthy plants,2024-04-15
77,11306,16,4,Fast checkout and friendly advice,2021-06-02
78,9730,21,4,Great selection and clean store,2023-08-04
79,4227,18,4,Good prices during promotion,2021-08-22
80,6379,3,5,Fast checkout and friendly advice,2021-04-16
81,12301,9,4,Good prices during promotion,2023-04-23
82,2586,15,3,Prices were a bit high,2024-12-25
83,3819,19,4,Good prices during promotion,2025-05-27
84,1277,21,2,Plant quality was disappointing,2021-09-16
85,7769,4,4,Good prices during promotion,2024-07-23
86,2738,18,3,Prices were a bit high,2023-11-11
87,5428,11,4,Good prices during promotion,2023-10-08
88,8649,23,4,Helpful staff and healthy plants,2024-10-27
89,12725,6,3,Prices were a bit high,2025-09-20
90,3459,19,3,Decent experience overall,2023-03-13
91,1825,10,4,Good prices during promotion,2025-05-05
92,10423,17,4,Helpful staff and healthy plants,2021-09-09
93,7856,11,3,Prices were a bit high,2022-06-04
94,4275,6,4,Good prices during promotion,2025-06-24
95,5992,1,4,Good prices during promotion,2024-12-10
96,14210,21,4,Good prices during promotion,2021-03-11
97,12482,2,4,Great selection and clean store,2023-11-13
98,10785,3,4,Fast checkout and friendly advice,2025-10-13
99,9225,21,5,Great selection and clean store,2022-02-12
100,11454,18,4,Helpful staff and healthy plants,2022-09-22
101,4264,13,4,Great selection and clean store,2021-10-15
102,5959,4,4,Great selection and clean store,2025-04-11
103,14775,19,2,Plant quality was disappointing,2025-05-27
104,5144,18,4,Fast checkout and friendly advice,2025-10-01
105,634,25,4,Good prices during promotion,2022-05-14
106,6209,4,4,Fast checkout and friendly advice,2024-06-06
107,2907,11,4,Great selection and clean store,2023-06-24
108,8337,9,5,Great selection and clean store,2022-12-12
109,7478,18,4,Fast checkout and friendly advice,2024-06-02
110,4101,12,3,Some items were out of stock,2024-12-06
111,2186,4,5,Good prices during promotion,2025-04-08
112,10945,10,4,Fast checkout and friendly advice,2022-10-13
113,11091,25,2,Competitor had better price,2024-05-22
114,14021,21,4,Loved the indoor plant variety,2023-12-21
115,12272,11,4,Loved the indoor plant variety,2025-04-02
116,13436,12,5,Good prices during promotion,2025-12-25
117,5715,16,3,Some items were out of stock,2023-03-14
118,13838,7,4,Great selection and clean store,2022-12-16
119,5292,7,4,Good prices during promotion,2022-05-25
120,11430,19,4,Good prices during promotion,2022-10-13
121,12552,12,3,Average product selection,2023-07-03
122,6914,16,3,Prices were a bit high,2021-03-12
123,2334,15,4,Good prices during promotion,2022-05-23
124,5654,9,3,Store was busy but okay,2022-04-12
125,3635,8,5,Fast checkout and friendly advice,2022-05-14
126,8466,14,4,Helpful staff and healthy plants,2023-10-03
127,14642,21,3,Decent experience overall,2023-05-01
128,14222,22,3,Decent experience overall,2021-06-12
129,2736,1,4,Fast checkout and friendly advice,2022-10-13
130,2301,14,3,Store was busy but okay,2023-03-22
131,4635,17,3,Decent experience overall,2024-03-08
132,14233,16,5,Fast checkout and friendly advice,2024-11-09
133,13420,7,4,Loved the indoor plant variety,2023-10-24
134,10036,14,4,Helpful staff and healthy plants,2025-07-04
135,13661,14,3,Store was busy but okay,2024-08-01
136,7395,9,4,Helpful staff and healthy plants,2024-10-25
137,14599,19,4,Helpful staff and healthy plants,2022-12-19
138,3783,17,3,Average product selection,2024-02-09
139,1122,22,5,Loved the indoor plant variety,2023-04-11
140,14505,3,3,Prices were a bit high,2024-07-09
141,2478,21,3,Some items were out of stock,2025-09-06
142,9818,4,3,Store was busy but okay,2024-03-12
143,1608,2,5,Fast checkout and friendly advice,2022-01-03
144,869,10,3,Store was busy but okay,2025-03-11
145,3199,2,4,Good prices during promotion,2023-12-26
146,12346,15,4,Loved the indoor plant variety,2025-09-11
147,4276,4,5,Loved the indoor plant variety,2025-05-07
148,9113,23,4,Great selection and clean store,2023-12-10
149,1345,6,5,Great selection and clean store,2025-01-18
150,5549,23,4,Loved the indoor plant variety,2022-04-28
151,1124,11,3,Some items were out of stock,2022-05-27
152,6252,17,5,Great selection and clean store,2021-11-01
153,12563,7,3,Average product selection,2024-06-14
154,397,17,3,Average product selection,2025-04-26
155,8493,3,4,Great selection and clean store,2025-10-11
156,12958,2,3,Average product selection,2025-05-26
157,4015,4,4,Good prices during promotion,2022-12-14
158,6530,3,4,Great selection and clean store,2025-05-19
159,11645,18,4,Great selection and clean store,2021-11-22
160,10486,6,4,Good prices during promotion,2023-02-03
161,6373,19,2,Could not find what I needed,2021-11-21
162,9064,5,3,Prices were a bit high,2021-05-16
163,11571,20,3,Prices were a bit high,2022-07-01
164,3627,10,3,Decent experience overall,2021-04-19
165,188,2,5,Loved the indoor plant variety,2024-03-02
166,8146,9,4,Good prices during promotion,2023-07-20
167,501,19,3,Store was busy but okay,2025-09-21
168,1231,22,3,Store was busy but okay,2022-10-02
169,1165,18,5,Good prices during promotion,2022-05-13
170,10303,25,5,Fast checkout and friendly advice,2022-07-09
171,3364,10,4,Great selection and clean store,2024-03-04
172,7100,6,4,Helpful staff and healthy plants,2025-04-28
173,1529,10,4,Good prices during promotion,2025-12-24
174,10546,15,4,Good prices during promotion,2024-04-24
175,3615,17,2,Competitor had better price,2021-05-03
176,9760,22,3,Average product selection,2024-12-18
177,1337,4,3,Average product selection,2024-11-18
178,924,22,2,Competitor had better price,2024-03-13
179,112,6,5,Fast checkout and friendly advice,2021-05-20
180,1642,4,3,Decent experience overall,2021-01-28
181,7734,20,4,Great selection and clean store,2025-03-03
182,5707,10,2,Could not find what I needed,2025-10-08
183,2714,12,4,Fast checkout and friendly advice,2024-04-03
184,5795,5,4,Fast checkout and friendly advice,2024-02-07
185,10172,24,3,Prices were a bit high,2025-03-07
186,13483,15,3,Prices were a bit high,2022-10-19
187,2474,22,3,Decent experience overall,2022-04-18
188,7633,17,4,Helpful staff and healthy plants,2022-06-12
189,5436,21,5,Fast checkout and friendly advice,2023-06-11
190,7215,3,4,Fast checkout and friendly advice,2025-04-21
191,315,15,3,Prices were a bit high,2024-03-02
192,9943,6,3,Prices were a bit high,2021-05-25
193,10153,18,4,Good prices during promotion,2025-09-04
194,3085,10,4,Loved the indoor plant variety,2023-06-07
195,3840,9,3,Decent experience overall,2021-12-23
196,3684,10,4,Good prices during promotion,2023-03-03
197,2451,25,4,Fast checkout and friendly advice,2023-10-24
198,10007,20,4,Helpful staff and healthy plants,2024-08-21
199,11664,4,4,Loved the indoor plant variety,2021-05-16
200,7027,21,4,Great selection and clean store,2023-07-14
201,1813,3,4,Great selection and clean store,2021-05-04
202,12168,11,3,Store was busy but okay,2024-02-10
203,5716,22,4,Good prices during promotion,2024-12-09
204,3658,12,3,Average product selection,2023-03-26
205,12533,17,3,Store was busy but okay,2024-08-05
206,3634,22,4,Helpful staff and healthy plants,2025-12-08
207,7728,1,4,Loved the indoor plant variety,2022-05-11
208,8939,25,4,Helpful staff and healthy plants,2025-05-17
209,13670,12,4,Loved the indoor plant variety,2022-05-18
210,11370,25,4,Fast checkout and friendly advice,2023-05-16
211,5669,12,3,Decent experience overall,2024-05-28
212,13215,21,5,Good prices during promotion,2023-04-15
213,5234,18,4,Fast checkout and friendly advice,2022-05-10
214,1729,6,5,Loved the indoor plant variety,2022-07-03
215,8826,21,5,Great selection and clean store,2024-03-19
216,2725,15,3,Prices were a bit high,2025-11-19
217,13202,8,3,Decent experience overall,2025-05-06
218,12477,11,4,Great selection and clean store,2025-03-16
219,2253,25,4,Fast checkout and friendly advice,2025-08-04
220,12412,11,2,Long wait and limited stock,2021-11-25
221,9236,10,2,Could not find what I needed,2025-04-26
222,11972,4,4,Great selection and clean store,2022-10-10
223,10414,1,4,Good prices during promotion,2024-06-02
224,1677,20,4,Loved the indoor plant variety,2022-06-19
225,3208,1,4,Loved the indoor plant variety,2024-04-06
226,5508,11,4,Helpful staff and healthy plants,2022-11-20
227,8536,3,4,Great selection and clean store,2024-08-27
228,6195,14,4,Fast checkout and friendly advice,2025-11-04
229,4885,20,4,Fast checkout and friendly advice,2025-01-24
230,11268,9,4,Great selection and clean store,2021-12-23
231,7902,1,4,Great selection and clean store,2024-07-05
232,11788,9,2,Long wait and limited stock,2025-04-05
233,7800,14,3,Prices were a bit high,2025-05-19
234,14198,15,3,Decent experience overall,2022-06-14
235,6528,11,4,Good prices during promotion,2021-06-21
236,52,8,4,Fast checkout and friendly advice,2025-02-17
237,13482,19,4,Helpful staff and healthy plants,2021-07-18
238,4407,12,3,Average product selection,2021-02-17
239,13422,11,3,Prices were a bit high,2024-02-18
240,5001,15,4,Fast checkout and friendly advice,2025-09-05
241,534,9,5,Loved the indoor plant variety,2025-09-19
242,8475,25,5,Helpful staff and healthy plants,2022-01-19
243,902,1,3,Prices were a bit high,2024-05-28
244,5830,24,4,Helpful staff and healthy plants,2025-09-15
245,14281,22,4,Helpful staff and healthy plants,2023-05-21
246,68,18,5,Loved the indoor plant variety,2025-03-06
247,3846,5,4,Great selection and clean store,2021-06-08
248,13757,23,3,Prices were a bit high,2025-09-02
249,1213,6,3,Average product selection,2022-11-18
250,3820,8,3,Decent experience overall,2023-11-17
251,10451,23,3,Store was busy but okay,2022-02-28
252,5948,14,4,Helpful staff and healthy plants,2023-09-11
253,5379,2,4,Great selection and clean store,2021-08-05
254,6256,14,3,Prices were a bit high,2023-01-10
255,719,22,3,Average product selection,2022-05-08
256,1564,19,5,Fast checkout and friendly advice,2022-10-25
257,13992,5,5,Great selection and clean store,2022-11-07
258,14700,3,5,Fast checkout and friendly advice,2025-11-23
259,14934,1,5,Loved the indoor plant variety,2025-05-02
260,7802,9,3,Prices were a bit high,2024-01-17
261,4955,19,4,Good prices during promotion,2023-10-26
262,6892,9,4,Fast checkout and friendly advice,2021-05-22
263,10292,13,3,Prices were a bit high,2022-10-04
264,14502,11,3,Decent experience overall,2025-01-05
265,9604,2,4,Good prices during promotion,2023-02-01
266,14665,13,4,Loved the indoor plant variety,2022-10-11
267,14549,2,4,Good prices during promotion,2022-10-28
268,11248,24,3,Some items were out of stock,2022-05-22
269,8527,9,4,Fast checkout and friendly advice,2021-05-24
270,1635,4,3,Decent experience overall,2021-04-02
271,4296,7,3,Some items were out of stock,2025-12-21
272,4807,22,3,Average product selection,2021-02-21
273,4843,13,4,Good prices during promotion,2022-03-23
274,14470,4,3,Average product selection,2021-08-16
275,5814,20,4,Good prices during promotion,2024-05-09
276,7216,10,5,Loved the indoor plant variety,2024-07-19
277,12713,7,4,Great selection and clean store,2025-06-28
278,12015,16,5,Fast checkout and friendly advice,2021-08-23
279,13143,16,4,Helpful staff and healthy plants,2022-03-01
280,2233,15,5,Great selection and clean store,2025-02-19
281,1507,19,4,Helpful staff and healthy plants,2024-10-20
282,1668,25,3,Store was busy but okay,2021-08-05
283,7919,9,4,Helpful staff and healthy plants,2023-12-14
284,800,16,4,Fast checkout and friendly advice,2023-01-17
285,21,22,4,Helpful staff and healthy plants,2023-01-27
286,14984,5,4,Helpful staff and healthy plants,2021-12-14
287,7327,1,4,Fast checkout and friendly advice,2021-11-07
288,8306,17,2,Plant quality was disappointing,2025-09-09
289,13168,6,3,Average product selection,2025-08-20
290,9491,11,3,Store was busy but okay,2023-01-05
291,3098,10,4,Great selection and clean store,2021-08-20
292,11728,10,3,Store was busy but okay,2021-06-06
293,7478,1,3,Prices were a bit high,2025-03-23
294,3290,12,5,Great selection and clean store,2025-09-16
295,14678,17,3,Store was busy but okay,2021-06-16
296,6414,3,3,Average product selection,2025-06-14
297,9257,2,3,Average product selection,2025-03-01
298,9270,5,4,Great selection and clean store,2025-02-22
299,89,2,4,Loved the indoor plant variety,2025-11-14
300,4346,4,5,Great selection and clean store,2022-07-26
301,2289,22,5,Loved the indoor plant variety,2021-03-05
302,4670,2,4,Great selection and clean store,2024-06-09
303,13519,10,3,Prices were a bit high,2023-07-26
304,2762,22,5,Great selection and clean store,2021-04-26
305,13484,5,5,Great selection and clean store,2021-11-19
306,8889,4,4,Good prices during promotion,2024-03-19
307,7319,13,4,Great selection and clean store,2023-12-09
308,6812,17,2,Long wait and limited stock,2023-07-19
309,2715,6,4,Helpful staff and healthy plants,2024-12-07
310,6195,10,4,Helpful staff and healthy plants,2022-03-09
311,14421,23,3,Prices were a bit high,2021-07-09
312,12519,4,3,Decent experience overall,2022-08-28
313,6476,5,5,Fast checkout and friendly advice,2022-08-06
314,8797,11,3,Store was busy but okay,2024-10-03
315,4608,11,4,Loved the indoor plant variety,2023-06-09
316,13941,2,3,Some items were out of stock,2025-03-09
317,14642,7,4,Loved the indoor plant variety,2022-09-15
318,5567,4,3,Prices were a bit high,2021-08-08
319,5089,3,5,Good prices during promotion,2021-05-02
320,803,3,4,Loved the indoor plant variety,2022-07-20
321,11120,24,4,Fast checkout and friendly advice,2021-05-17
322,12147,9,4,Fast checkout and friendly advice,2024-02-04
323,223,4,4,Great selection and clean store,2025-11-21
324,4739,11,4,Fast checkout and friendly advice,2021-03-11
325,4972,10,4,Loved the indoor plant variety,2023-02-06
326,9625,2,3,Decent experience overall,2025-06-19
327,3594,22,5,Helpful staff and healthy plants,2024-10-26
328,9101,12,4,Helpful staff and healthy plants,2023-04-27
329,13974,7,3,Decent experience overall,2022-12-25
330,1669,15,4,Fast checkout and friendly advice,2023-11-13
331,9392,20,4,Great selection and clean store,2024-04-07
332,5537,22,4,Fast checkout and friendly advice,2025-02-17
333,3928,13,4,Great selection and clean store,2023-03-08
334,10493,3,4,Good prices during promotion,2021-08-03
335,12561,4,4,Loved the indoor plant variety,2025-11-12
336,10833,14,4,Loved the indoor plant variety,2025-09-07
337,1178,5,4,Loved the indoor plant variety,2022-10-23
338,13250,25,5,Loved the indoor plant variety,2025-03-18
339,9455,21,4,Loved the indoor plant variety,2021-02-05
340,11211,4,3,Prices were a bit high,2025-04-17
341,11951,20,3,Store was busy but okay,2022-04-13
342,13274,3,3,Decent experience overall,2025-06-12
343,4146,18,4,Fast checkout and friendly advice,2025-04-14
344,8115,10,5,Good prices during promotion,2022-11-08
345,11478,8,4,Loved the indoor plant variety,2023-07-03
346,11659,17,3,Decent experience overall,2021-05-26
347,13618,16,3,Decent experience overall,2024-03-25
348,14870,25,5,Loved the indoor plant variety,2023-05-27
349,562,14,4,Great selection and clean store,2022-09-10
350,13517,7,3,Decent experience overall,2024-01-01
351,10943,9,3,Decent experience overall,2024-07-02
352,14114,8,2,Competitor had better price,2024-03-19
353,10271,3,4,Fast checkout and friendly advice,2022-09-23
354,14656,23,5,Helpful staff and healthy plants,2023-03-10
355,11876,24,3,Some items were out of stock,2021-04-17
356,6794,1,4,Great selection and clean store,2023-12-01
357,5217,1,3,Store was busy but okay,2022-12-18
358,14484,8,3,Decent experience overall,2025-10-19
359,6460,16,2,Long wait and limited stock,2024-05-06
360,6080,3,4,Helpful staff and healthy plants,2025-12-23
361,5326,5,4,Fast checkout and friendly advice,2022-10-28
362,11943,12,3,Average product selection,2022-08-16
363,4142,3,2,Long wait and limited stock,2021-07-12
364,10977,12,4,Loved the indoor plant variety,2025-08-13
365,12665,2,3,Some items were out of stock,2021-05-08
366,11390,1,5,Great selection and clean store,2024-12-21
367,9644,13,4,Fast checkout and friendly advice,2023-07-08
368,206,23,4,Helpful staff and healthy plants,2024-10-07
369,5896,23,3,Average product selection,2021-04-13
370,9858,9,3,Decent experience overall,2021-05-09
371,12360,25,4,Helpful staff and healthy plants,2023-04-06
372,13923,18,4,Helpful staff and healthy plants,2024-03-14
373,8861,6,4,Fast checkout and friendly advice,2025-01-17
374,9473,24,3,Store was busy but okay,2021-12-23
375,4118,24,4,Loved the indoor plant variety,2021-11-03
376,4033,11,4,Great selection and clean store,2024-04-02
377,12637,15,4,Great selection and clean store,2021-12-13
378,5495,25,3,Decent experience overall,2021-03-16
379,11608,19,4,Great selection and clean store,2024-11-05
380,692,15,2,Long wait and limited stock,2022-01-12
381,3554,15,3,Some items were out of stock,2023-10-13
382,9461,25,4,Helpful staff and healthy plants,2021-10-21
383,7528,23,3,Average product selection,2021-10-20
384,12828,21,4,Good prices during promotion,2024-03-17
385,14682,10,3,Decent experience overall,2022-12-16
386,9080,23,4,Loved the indoor plant variety,2025-04-26
387,4400,14,4,Fast checkout and friendly advice,2021-10-27
388,7117,1,4,Loved the indoor plant variety,2021-04-21
389,14427,21,3,Average product selection,2022-07-05
390,14769,11,4,Great selection and clean store,2024-11-24
391,1366,15,4,Great selection and clean store,2025-04-27
392,9047,17,4,Loved the indoor plant variety,2024-09-17
393,5873,5,4,Fast checkout and friendly advice,2023-08-19
394,6915,11,4,Loved the indoor plant variety,2023-09-22
395,6689,4,4,Helpful staff and healthy plants,2023-06-15
396,7179,23,3,Some items were out of stock,2022-02-12
397,338,1,5,Loved the indoor plant variety,2022-09-11
398,6274,7,4,Great selection and clean store,2025-11-13
399,11863,8,5,Fast checkout and friendly advice,2024-06-14
400,10927,5,4,Loved the indoor plant variety,2024-05-25
401,11099,9,4,Good prices during promotion,2024-01-23
402,9236,25,3,Average product selection,2024-12-24
403,1369,14,4,Fast checkout and friendly advice,2021-12-12
404,7802,6,4,Loved the indoor plant variety,2023-11-07
405,3107,1,3,Prices were a bit high,2023-12-18
406,5027,4,5,Helpful staff and healthy plants,2024-05-10
407,10995,8,3,Prices were a bit high,2024-01-01
408,4159,11,3,Store was busy but okay,2023-07-07
409,10424,8,4,Fast checkout and friendly advice,2023-08-13
410,13912,19,4,Loved the indoor plant variety,2024-03-04
411,11965,17,4,Fast checkout and friendly advice,2024-02-04
412,7318,10,4,Good prices during promotion,2021-10-03
413,10279,20,4,Great selection and clean store,2024-05-21
414,12799,17,4,Great selection and clean store,2025-07-01
415,7956,25,4,Good prices during promotion,2023-09-13
416,329,19,4,Good prices during promotion,2025-03-27
417,5877,20,4,Helpful staff and healthy plants,2021-07-27
418,588,7,4,Good prices during promotion,2022-10-03
419,11896,6,3,Average product selection,2024-11-26
420,14532,15,4,Great selection and clean store,2022-06-19
421,4227,19,4,Helpful staff and healthy plants,2022-08-21
422,12367,5,3,Decent experience overall,2024-12-28
423,252,16,5,Great selection and clean store,2021-07-24
424,14443,16,5,Fast checkout and friendly advice,2025-11-14
425,6741,8,4,Helpful staff and healthy plants,2025-08-10
426,13155,14,4,Fast checkout and friendly advice,2022-03-02
427,12510,1,3,Store was busy but okay,2022-12-12
428,6092,20,5,Loved the indoor plant variety,2024-10-11
429,14911,10,5,Fast checkout and friendly advice,2024-09-23
430,11394,16,3,Store was busy but okay,2025-02-06
431,9902,1,4,Good prices during promotion,2023-05-23
432,3718,18,3,Store was busy but okay,2021-01-24
433,14570,16,4,Helpful staff and healthy plants,2025-08-08
434,13902,14,3,Store was busy but okay,2022-10-24
435,7482,5,3,Store was busy but okay,2024-12-14
436,7721,12,5,Great selection and clean store,2023-04-12
437,906,5,4,Good prices during promotion,2025-06-25
438,3865,19,5,Helpful staff and healthy plants,2025-02-16
439,10579,17,3,Prices were a bit high,2023-01-04
440,5083,2,4,Great selection and clean store,2024-05-09
441,9452,4,5,Fast checkout and friendly advice,2023-11-07
442,10266,13,5,Helpful staff and healthy plants,2021-05-22
443,3124,12,3,Some items were out of stock,2021-04-03
444,8599,4,4,Good prices during promotion,2021-11-02
445,7142,9,3,Decent experience overall,2024-09-28
446,9074,6,4,Helpful staff and healthy plants,2021-06-24
447,14962,10,3,Average product selection,2022-08-11
448,14770,21,3,Decent experience overall,2024-04-15
449,6798,7,5,Great selection and clean store,2023-02-15
450,11309,19,5,Loved the indoor plant variety,2021-12-16
451,7344,15,5,Loved the indoor plant variety,2022-12-28
452,961,25,4,Fast checkout and friendly advice,2022-04-14
453,13222,21,5,Loved the indoor plant variety,2021-03-22
454,7787,25,4,Loved the indoor plant variety,2022-07-08
455,7509,12,3,Store was busy but okay,2023-01-14
456,7907,20,3,Prices were a bit high,2021-07-22
457,6845,12,5,Loved the indoor plant variety,2021-12-01
458,4159,1,4,Great selection and clean store,2022-03-01
459,6343,13,3,Prices were a bit high,2022-11-17
460,14417,9,4,Great selection and clean store,2023-03-02
461,3666,14,3,Decent experience overall,2024-05-16
462,10791,16,4,Helpful staff and healthy plants,2023-09-02
463,3776,5,4,Loved the indoor plant variety,2025-07-04
464,13795,7,5,Loved the indoor plant variety,2025-10-12
465,10105,6,5,Fast checkout and friendly advice,2023-10-26
466,6178,4,2,Plant quality was disappointing,2022-09-25
467,7412,18,4,Loved the indoor plant variety,2024-05-06
468,5436,14,4,Helpful staff and healthy plants,2023-04-13
469,13874,15,3,Decent experience overall,2023-11-25
470,11530,21,4,Great selection and clean store,2023-10-09
471,8997,20,3,Store was busy but okay,2022-05-25
472,8693,5,3,Average product selection,2021-05-01
473,4206,16,4,Great selection and clean store,2022-04-23
474,10059,21,4,Helpful staff and healthy plants,2023-12-23
475,9115,18,5,Great selection and clean store,2022-06-17
476,4471,9,5,Great selection and clean store,2025-06-25
477,9649,15,3,Average product selection,2023-06-27
478,11178,14,5,Helpful staff and healthy plants,2025-03-25
479,7527,20,4,Great selection and clean store,2022-12-06
480,5570,15,5,Fast checkout and friendly advice,2023-04-27
481,1042,1,4,Loved the indoor plant variety,2021-03-21
482,6688,11,3,Decent experience overall,2023-04-04
483,10198,24,4,Helpful staff and healthy plants,2024-05-14
484,12775,7,4,Great selection and clean store,2024-07-17
485,6021,6,3,Average product selection,2021-07-20
486,11933,4,5,Helpful staff and healthy plants,2023-05-25
487,4714,12,5,Helpful staff and healthy plants,2023-08-24
488,11740,9,4,Good prices during promotion,2022-04-14
489,9103,6,5,Good prices during promotion,2025-05-01
490,9482,18,4,Loved the indoor plant variety,2024-04-10
491,6809,13,3,Decent experience overall,2025-06-01
492,5520,4,4,Helpful staff and healthy plants,2025-09-06
493,3285,13,5,Loved the indoor plant variety,2022-04-12
494,9692,5,3,Store was busy but okay,2022-11-01
495,12783,15,4,Fast checkout and friendly advice,2021-04-09
496,11374,3,5,Helpful staff and healthy plants,2023-12-17
497,1057,1,3,Store was busy but okay,2021-04-07
498,503,17,4,Loved the indoor plant variety,2024-02-07
499,8362,21,5,Great selection and clean store,2024-05-25
500,9782,19,3,Average product selection,2021-10-05
501,1272,1,4,Good prices during promotion,2025-12-27
502,5757,10,4,Fast checkout and friendly advice,2021-06-22
503,3547,23,4,Good prices during promotion,2021-04-09
504,1113,4,4,Fast checkout and friendly advice,2022-07-06
505,3510,2,4,Good prices during promotion,2024-12-26
506,11599,10,3,Prices were a bit high,2021-05-02
507,2198,5,4,Loved the indoor plant variety,2022-04-15
508,136,25,5,Helpful staff and healthy plants,2022-04-13
509,9545,11,5,Good prices during promotion,2024-09-28
510,14819,15,4,Helpful staff and healthy plants,2022-07-04
511,5002,16,4,Great selection and clean store,2023-12-13
512,11340,25,4,Good prices during promotion,2023-09-09
513,3513,16,3,Some items were out of stock,2021-01-25
514,2710,9,5,Loved the indoor plant variety,2025-07-02
515,10190,7,3,Some items were out of stock,2024-11-04
516,14419,20,3,Decent experience overall,2022-05-23
517,6905,17,5,Great selection and clean store,2024-03-08
518,11830,4,4,Good prices during promotion,2022-06-10
519,3034,2,3,Decent experience overall,2024-10-18
520,13103,14,5,Helpful staff and healthy plants,2023-06-15
521,12822,8,3,Average product selection,2025-03-28
522,9530,14,5,Great selection and clean store,2025-05-05
523,13324,21,4,Fast checkout and friendly advice,2022-12-03
524,198,16,3,Average product selection,2025-12-03
525,2022,9,3,Average product selection,2024-10-08
526,7185,23,4,Loved the indoor plant variety,2025-11-16
527,14917,24,3,Some items were out of stock,2023-04-11
528,5788,10,4,Good prices during promotion,2021-02-09
529,197,7,4,Loved the indoor plant variety,2021-03-07
530,14960,24,4,Helpful staff and healthy plants,2025-03-23
531,11412,16,4,Loved the indoor plant variety,2022-06-05
532,1387,3,4,Fast checkout and friendly advice,2021-04-20
533,8972,6,4,Good prices during promotion,2025-05-11
534,9293,14,4,Great selection and clean store,2023-04-05
535,2755,9,5,Loved the indoor plant variety,2024-11-15
536,6016,9,2,Plant quality was disappointing,2021-07-03
537,5338,18,4,Good prices during promotion,2023-04-12
538,5951,17,3,Prices were a bit high,2024-05-18
539,10722,1,3,Some items were out of stock,2023-12-10
540,12242,19,4,Great selection and clean store,2025-09-02
541,11179,2,4,Great selection and clean store,2023-11-17
542,2252,21,2,Plant quality was disappointing,2024-10-13
543,4794,21,4,Good prices during promotion,2023-11-12
544,11833,8,4,Good prices during promotion,2021-08-02
545,2116,9,4,Loved the indoor plant variety,2024-01-15
546,12877,17,3,Store was busy but okay,2023-02-03
547,5039,12,4,Helpful staff and healthy plants,2025-07-01
548,2734,2,3,Decent experience overall,2023-09-15
549,3224,8,3,Some items were out of stock,2024-11-08
550,8604,5,3,Prices were a bit high,2025-10-04
551,7977,12,3,Prices were a bit high,2021-03-17
552,6232,10,4,Great selection and clean store,2023-05-15
553,9663,22,4,Good prices during promotion,2023-08-21
554,185,9,3,Decent experience overall,2022-02-18
555,8984,9,3,Prices were a bit high,2021-12-11
556,9022,6,3,Prices were a bit high,2025-10-18
557,4774,8,4,Good prices during promotion,2024-09-08
558,9172,19,3,Average product selection,2023-04-17
559,14873,1,4,Good prices during promotion,2021-10-25
560,7879,15,3,Some items were out of stock,2025-10-16
561,1673,16,3,Average product selection,2025-04-12
562,1965,2,4,Fast checkout and friendly advice,2021-04-11
563,87,19,3,Prices were a bit high,2021-04-28
564,2140,13,4,Fast checkout and friendly advice,2024-09-12
565,13335,11,4,Helpful staff and healthy plants,2021-04-07
566,6536,6,4,Good prices during promotion,2024-11-28
567,8916,19,3,Average product selection,2025-02-28
568,5636,19,4,Helpful staff and healthy plants,2022-08-09
569,4836,20,4,Fast checkout and friendly advice,2024-07-10
570,1569,2,3,Average product selection,2023-08-15
571,7541,8,3,Prices were a bit high,2021-07-14
572,4679,23,4,Good prices during promotion,2021-03-11
573,13377,4,3,Prices were a bit high,2022-05-21
574,9551,18,4,Good prices during promotion,2023-06-08
575,1281,10,4,Helpful staff and healthy plants,2021-09-20
576,14168,2,4,Fast checkout and friendly advice,2022-11-17
577,7469,7,4,Loved the indoor plant variety,2022-12-21
578,4794,14,4,Fast checkout and friendly advice,2022-10-22
579,3389,4,4,Great selection and clean store,2021-04-21
580,13434,24,4,Fast checkout and friendly advice,2021-09-14
581,6280,14,4,Fast checkout and friendly advice,2022-04-26
582,8417,10,3,Decent experience overall,2025-05-03
583,10771,17,4,Fast checkout and friendly advice,2022-11-26
584,8279,25,3,Some items were out of stock,2022-05-01
585,8195,13,4,Good prices during promotion,2021-12-03
586,11520,13,5,Loved the indoor plant variety,2024-11-06
587,14458,6,4,Helpful staff and healthy plants,2024-03-09
588,13108,5,4,Loved the indoor plant variety,2022-06-17
589,7128,8,5,Great selection and clean store,2025-05-05
590,6796,23,3,Some items were out of stock,2025-05-01
591,14261,3,4,Helpful staff and healthy plants,2021-11-04
592,8893,19,4,Great selection and clean store,2022-05-04
593,14049,11,4,Good prices during promotion,2025-08-19
594,7679,13,3,Average product selection,2023-05-16
595,1698,8,3,Store was busy but okay,2021-04-18
596,8084,23,1,Plant quality was disappointing,2021-08-14
597,9247,10,4,Fast checkout and friendly advice,2023-02-28
598,1033,6,3,Store was busy but okay,2022-04-26
599,12164,9,4,Helpful staff and healthy plants,2025-04-09
600,10533,1,2,Long wait and limited stock,2025-05-10
601,3871,22,3,Decent experience overall,2025-04-26
602,4893,18,3,Decent experience overall,2025-05-15
603,4440,23,5,Loved the indoor plant variety,2024-02-09
604,9072,24,3,Store was busy but okay,2025-07-20
605,8674,22,3,Average product selection,2024-06-21
606,12808,4,2,Discount was confusing,2025-06-01
607,5098,14,4,Loved the indoor plant variety,2023-04-21
608,11999,21,5,Good prices during promotion,2025-05-14
609,4697,14,4,Great selection and clean store,2022-07-20
610,6146,20,4,Fast checkout and friendly advice,2022-02-27
611,4073,19,5,Fast checkout and friendly advice,2024-12-14
612,4473,2,5,Fast checkout and friendly advice,2024-02-16
613,865,14,4,Helpful staff and healthy plants,2021-07-16
614,7498,10,4,Great selection and clean store,2023-03-21
615,4292,21,4,Good prices during promotion,2023-04-26
616,3316,22,3,Prices were a bit high,2024-08-05
617,9299,16,4,Loved the indoor plant variety,2022-01-13
618,3805,16,3,Some items were out of stock,2023-03-15
619,6720,13,4,Helpful staff and healthy plants,2021-12-06
620,9987,19,4,Good prices during promotion,2024-12-13
621,3245,20,2,Plant quality was disappointing,2022-04-06
622,10943,10,3,Store was busy but okay,2024-01-28
623,4788,13,2,Could not find what I needed,2024-03-03
624,8600,21,5,Helpful staff and healthy plants,2021-02-27
625,11598,15,5,Great selection and clean store,2021-03-19
626,9301,16,4,Fast checkout and friendly advice,2024-11-03
627,3401,22,5,Great selection and clean store,2023-10-03
628,11062,12,5,Helpful staff and healthy plants,2022-04-03
629,3019,11,5,Fast checkout and friendly advice,2023-04-09
630,3562,9,4,Good prices during promotion,2021-08-14
631,6489,25,3,Average product selection,2022-03-06
632,3374,13,4,Helpful staff and healthy plants,2022-09-13
633,11923,2,4,Fast checkout and friendly advice,2025-08-11
634,13674,23,3,Some items were out of stock,2021-03-20
635,4044,24,3,Average product selection,2022-12-12
636,2923,20,4,Helpful staff and healthy plants,2023-03-08
637,12027,10,4,Loved the indoor plant variety,2024-09-12
638,12917,6,4,Loved the indoor plant variety,2021-03-17
639,12457,20,3,Store was busy but okay,2024-07-06
640,13843,12,3,Prices were a bit high,2022-05-14
641,1301,9,3,Decent experience overall,2024-11-03
642,12428,23,3,Prices were a bit high,2022-07-02
643,5472,10,5,Great selection and clean store,2022-01-16
644,5583,25,5,Loved the indoor plant variety,2021-09-15
645,8457,11,4,Loved the indoor plant variety,2025-04-23
646,4453,16,4,Good prices during promotion,2025-12-28
647,12282,4,4,Great selection and clean store,2024-04-08
648,8190,16,4,Fast checkout and friendly advice,2022-05-18
649,7755,22,5,Great selection and clean store,2024-05-12
650,1633,20,4,Loved the indoor plant variety,2024-09-11
651,8802,21,4,Fast checkout and friendly advice,2024-10-07
652,10958,7,5,Great selection and clean store,2023-06-15
653,1841,25,4,Great selection and clean store,2025-11-10
654,8387,11,4,Loved the indoor plant variety,2025-03-24
655,4044,15,3,Prices were a bit high,2025-06-20
656,5368,2,3,Prices were a bit high,2025-03-14
657,3129,25,3,Decent experience overall,2025-12-10
658,14717,14,4,Helpful staff and healthy plants,2022-03-26
659,7135,2,4,Helpful staff and healthy plants,2024-02-07
660,1227,18,5,Great selection and clean store,2024-04-28
661,1145,7,3,Decent experience overall,2022-04-10
662,14596,7,4,Helpful staff and healthy plants,2022-07-25
663,6719,13,4,Loved the indoor plant variety,2025-02-23
664,7304,21,4,Great selection and clean store,2023-11-07
665,5271,2,4,Fast checkout and friendly advice,2021-05-15
666,5436,24,4,Good prices during promotion,2025-05-17
667,10254,13,4,Fast checkout and friendly advice,2021-04-06
668,8629,14,5,Great selection and clean store,2023-05-27
669,10849,20,5,Great selection and clean store,2024-05-19
670,12115,17,3,Average product selection,2023-06-06
671,5376,4,3,Decent experience overall,2023-12-06
672,10642,9,3,Average product selection,2023-03-04
673,8359,6,3,Some items were out of stock,2022-05-19
674,12162,15,4,Loved the indoor plant variety,2025-08-09
675,12391,22,4,Great selection and clean store,2021-08-15
676,3739,20,4,Great selection and clean store,2023-03-11
677,9089,24,5,Helpful staff and healthy plants,2021-04-24
678,4165,13,4,Fast checkout and friendly advice,2023-11-01
679,1629,16,5,Loved the indoor plant variety,2024-05-09
680,7,15,2,Competitor had better price,2024-01-23
681,5973,24,5,Great selection and clean store,2021-08-15
682,1707,19,5,Loved the indoor plant variety,2021-11-20
683,14619,14,4,Good prices during promotion,2025-05-23
684,8443,21,4,Good prices during promotion,2022-05-21
685,1466,5,3,Decent experience overall,2023-03-20
686,3456,12,5,Great selection and clean store,2025-11-25
687,9821,25,4,Fast checkout and friendly advice,2025-12-06
688,8250,10,5,Fast checkout and friendly advice,2024-08-01
689,12944,18,4,Fast checkout and friendly advice,2025-09-23
690,10521,16,4,Helpful staff and healthy plants,2022-03-16
691,7833,23,4,Good prices during promotion,2025-02-08
692,14249,1,3,Prices were a bit high,2021-05-06
693,989,7,2,Long wait and limited stock,2025-10-10
694,10298,3,4,Helpful staff and healthy plants,2021-09-23
695,8393,7,3,Store was busy but okay,2024-01-04
696,5436,3,3,Decent experience overall,2022-06-09
697,4730,22,4,Loved the indoor plant variety,2023-04-02
698,661,17,4,Great selection and clean store,2024-10-11
699,682,4,4,Good prices during promotion,2025-03-21
700,9742,7,5,Loved the indoor plant variety,2023-11-18
701,3754,1,4,Loved the indoor plant variety,2021-01-24
702,778,1,5,Loved the indoor plant variety,2024-08-05
703,5017,22,4,Fast checkout and friendly advice,2021-04-19
704,2958,24,4,Helpful staff and healthy plants,2025-07-26
705,9161,23,5,Helpful staff and healthy plants,2021-12-20
706,12282,12,4,Helpful staff and healthy plants,2021-05-24
707,12597,22,2,Discount was confusing,2022-01-20
708,5629,9,4,Loved the indoor plant variety,2023-03-27
709,1623,12,4,Helpful staff and healthy plants,2024-05-21
710,8816,25,3,Store was busy but okay,2022-06-21
711,11544,13,4,Great selection and clean store,2024-07-04
712,405,11,3,Some items were out of stock,2021-12-21
713,6349,16,3,Decent experience overall,2023-11-04
714,928,6,3,Decent experience overall,2022-09-04
715,5520,24,4,Good prices during promotion,2024-03-24
716,5895,2,2,Long wait and limited stock,2023-12-25
717,10200,10,5,Fast checkout and friendly advice,2021-06-16
718,2813,6,5,Loved the indoor plant variety,2022-10-17
719,4023,11,5,Great selection and clean store,2022-07-08
720,5960,1,3,Store was busy but okay,2022-09-04
721,5807,1,5,Fast checkout and friendly advice,2022-08-19
722,1535,25,4,Great selection and clean store,2021-01-07
723,12804,8,4,Good prices during promotion,2025-12-04
724,14586,22,4,Helpful staff and healthy plants,2021-01-20
725,8353,20,5,Great selection and clean store,2022-09-17
726,7569,17,3,Store was busy but okay,2024-10-20
727,8534,23,4,Loved the indoor plant variety,2025-01-18
728,11227,2,4,Fast checkout and friendly advice,2025-12-05
729,5661,15,4,Loved the indoor plant variety,2025-12-28
730,10582,23,4,Loved the indoor plant variety,2021-11-26
731,9560,9,4,Helpful staff and healthy plants,2024-11-05
732,6246,10,4,Loved the indoor plant variety,2021-01-17
733,12293,20,4,Great selection and clean store,2025-06-14
734,9189,6,4,Helpful staff and healthy plants,2025-04-24
735,6175,17,4,Good prices during promotion,2021-06-09
736,11513,18,5,Great selection and clean store,2024-03-28
737,12632,5,4,Loved the indoor plant variety,2025-05-07
738,2857,2,5,Fast checkout and friendly advice,2024-01-21
739,6179,9,4,Fast checkout and friendly advice,2023-10-26
740,9751,24,4,Good prices during promotion,2025-05-26
741,3673,1,4,Fast checkout and friendly advice,2022-09-14
742,10203,15,3,Decent experience overall,2022-11-24
743,13869,23,5,Helpful staff and healthy plants,2025-05-25
744,6805,16,4,Loved the indoor plant variety,2025-04-24
745,9818,24,4,Fast checkout and friendly advice,2023-08-11
746,11762,6,5,Loved the indoor plant variety,2025-12-15
747,11365,4,3,Average product selection,2022-05-28
748,3176,23,5,Loved the indoor plant variety,2023-02-28
749,7408,5,4,Fast checkout and friendly advice,2021-06-13
750,10845,6,4,Great selection and clean store,2022-03-05
751,1385,11,3,Decent experience overall,2021-01-27
752,14057,21,2,Discount was confusing,2021-12-13
753,14073,17,4,Loved the indoor plant variety,2024-03-04
754,216,18,4,Good prices during promotion,2022-11-02
755,14669,23,2,Plant quality was disappointing,2022-03-11
756,63,15,3,Decent experience overall,2025-03-27
757,1023,7,4,Good prices during promotion,2024-10-24
758,302,16,4,Helpful staff and healthy plants,2024-03-22
759,4760,8,3,Store was busy but okay,2022-06-16
760,4794,1,3,Store was busy but okay,2023-12-03
761,7963,10,4,Good prices during promotion,2022-08-18
762,5988,6,4,Great selection and clean store,2023-07-21
763,13289,16,5,Good prices during promotion,2023-05-15
764,4027,19,4,Helpful staff and healthy plants,2024-04-07
765,12664,17,4,Loved the indoor plant variety,2025-11-14
766,5161,1,4,Great selection and clean store,2025-05-26
767,7342,19,4,Fast checkout and friendly advice,2024-05-28
768,13528,1,4,Loved the indoor plant variety,2023-11-23
769,13855,18,4,Good prices during promotion,2021-09-06
770,8889,24,4,Helpful staff and healthy plants,2021-10-05
771,3354,17,3,Store was busy but okay,2025-05-22
772,8134,1,5,Fast checkout and friendly advice,2023-05-13
773,1686,18,3,Store was busy but okay,2025-02-22
774,4906,13,4,Good prices during promotion,2024-01-26
775,11053,7,4,Fast checkout and friendly advice,2021-12-18
776,9849,19,3,Decent experience overall,2022-02-28
777,10895,14,3,Some items were out of stock,2024-07-10
778,12129,5,4,Good prices during promotion,2025-03-12
779,10675,20,4,Loved the indoor plant variety,2023-03-23
780,8877,17,4,Fast checkout and friendly advice,2023-11-09
781,9952,24,4,Fast checkout and friendly advice,2024-01-12
782,12321,18,3,Some items were out of stock,2025-07-21
783,4467,18,4,Great selection and clean store,2022-12-13
784,7284,12,5,Good prices during promotion,2022-06-05
785,177,12,3,Decent experience overall,2024-05-24
786,4094,22,4,Helpful staff and healthy plants,2025-04-24
787,7768,5,3,Some items were out of stock,2025-02-10
788,7060,11,5,Fast checkout and friendly advice,2023-09-16
789,7015,17,4,Helpful staff and healthy plants,2025-10-10
790,31,9,3,Store was busy but okay,2024-05-17
791,1200,14,4,Loved the indoor plant variety,2025-10-22
792,6758,2,4,Fast checkout and friendly advice,2023-03-06
793,5645,8,4,Helpful staff and healthy plants,2024-01-10
794,7109,10,4,Good prices during promotion,2023-12-22
795,8375,2,4,Loved the indoor plant variety,2021-03-06
796,8395,23,3,Average product selection,2025-08-27
797,5844,6,3,Decent experience overall,2022-04-24
798,808,3,5,Helpful staff and healthy plants,2021-01-28
799,6174,2,4,Loved the indoor plant variety,2025-05-24
800,2176,2,3,Average product selection,2022-03-25
801,11131,8,4,Fast checkout and friendly advice,2025-07-10
802,14578,21,3,Some items were out of stock,2025-03-23
803,11641,2,4,Helpful staff and healthy plants,2021-12-05
804,13281,8,4,Good prices during promotion,2025-05-06
805,1071,25,4,Fast checkout and friendly advice,2023-11-09
806,13020,2,4,Good prices during promotion,2024-05-08
807,2485,22,5,Loved the indoor plant variety,2021-07-08
808,3374,8,3,Decent experience overall,2023-09-09
809,7862,15,4,Loved the indoor plant variety,2021-02-03
810,4535,22,4,Great selection and clean store,2023-10-25
811,6858,10,4,Great selection and clean store,2024-10-19
812,3737,22,5,Loved the indoor plant variety,2023-11-16
813,4104,6,3,Store was busy but okay,2025-09-15
814,7914,21,3,Decent experience overall,2023-02-10
815,3960,1,3,Store was busy but okay,2023-02-17
816,10479,4,4,Good prices during promotion,2025-01-24
817,13888,13,3,Store was busy but okay,2021-07-22
818,13320,12,4,Loved the indoor plant variety,2025-07-25
819,14058,8,5,Fast checkout and friendly advice,2024-07-20
820,2405,18,4,Great selection and clean store,2025-07-26
821,12046,10,4,Good prices during promotion,2025-02-15
822,9280,4,3,Store was busy but okay,2023-11-27
823,13026,20,3,Decent experience overall,2024-06-22
824,11703,5,3,Average product selection,2023-11-12
825,5204,16,4,Fast checkout and friendly advice,2022-05-22
826,3369,2,3,Store was busy but okay,2021-03-03
827,12632,9,2,Discount was confusing,2021-12-14
828,10784,5,4,Helpful staff and healthy plants,2023-07-11
829,7620,10,3,Decent experience overall,2023-12-07
830,1267,7,5,Loved the indoor plant variety,2022-03-12
831,11609,18,3,Some items were out of stock,2023-01-26
832,3835,10,4,Good prices during promotion,2025-03-15
833,6246,6,3,Store was busy but okay,2024-03-27
834,6944,19,3,Some items were out of stock,2021-12-08
835,1484,14,5,Fast checkout and friendly advice,2023-12-17
836,3027,7,4,Good prices during promotion,2022-11-19
837,9661,17,3,Decent experience overall,2024-01-26
838,1994,22,2,Long wait and limited stock,2024-04-02
839,2737,22,4,Loved the indoor plant variety,2025-03-18
840,2127,4,5,Helpful staff and healthy plants,2021-02-25
841,6241,8,4,Loved the indoor plant variety,2025-01-26
842,14144,17,5,Great selection and clean store,2021-10-09
843,10806,24,4,Helpful staff and healthy plants,2024-12-05
844,2436,22,4,Fast checkout and friendly advice,2025-09-19
845,1910,19,4,Great selection and clean store,2025-05-05
846,13329,25,4,Good prices during promotion,2022-10-20
847,10053,6,4,Great selection and clean store,2022-12-28
848,10655,3,4,Loved the indoor plant variety,2024-03-09
849,5744,16,5,Good prices during promotion,2022-03-18
850,6209,13,4,Helpful staff and healthy plants,2022-02-15
851,12434,2,5,Great selection and clean store,2024-11-06
852,4810,12,3,Decent experience overall,2024-09-27
853,11013,25,3,Decent experience overall,2025-08-14
854,9354,21,4,Great selection and clean store,2021-07-15
855,8511,18,4,Good prices during promotion,2021-05-27
856,118,7,4,Good prices during promotion,2021-03-27
857,2,10,4,Fast checkout and friendly advice,2023-05-22
858,3434,21,3,Store was busy but okay,2021-06-23
859,5653,23,4,Helpful staff and healthy plants,2023-01-06
860,5425,12,4,Helpful staff and healthy plants,2021-09-15
861,10028,7,4,Fast checkout and friendly advice,2023-07-21
862,11030,23,5,Helpful staff and healthy plants,2022-08-01
863,2370,1,3,Decent experience overall,2025-10-08
864,13021,20,4,Good prices during promotion,2021-11-14
865,7463,21,4,Good prices during promotion,2024-09-11
866,6477,17,3,Average product selection,2025-03-18
867,12061,25,4,Good prices during promotion,2025-10-28
868,11618,3,3,Average product selection,2023-05-19
869,2875,8,3,Store was busy but okay,2025-06-08
870,824,11,3,Some items were out of stock,2024-07-11
871,33,1,4,Great selection and clean store,2024-04-16
872,8753,7,2,Could not find what I needed,2024-11-07
873,14570,4,3,Some items were out of stock,2021-08-14
874,6176,12,4,Good prices during promotion,2022-09-07
875,4320,9,4,Great selection and clean store,2025-05-17
876,2334,4,4,Great selection and clean store,2025-11-04
877,10278,8,5,Helpful staff and healthy plants,2022-12-24
878,6690,18,5,Helpful staff and healthy plants,2022-12-02
879,66,14,4,Good prices during promotion,2023-03-03
880,2374,17,4,Fast checkout and friendly advice,2021-11-22
881,5960,15,4,Good prices during promotion,2025-04-19
882,3912,16,3,Average product selection,2024-04-09
883,11780,19,5,Great selection and clean store,2024-05-23
884,7640,23,4,Helpful staff and healthy plants,2025-08-16
885,11872,1,3,Average product selection,2021-11-11
886,10164,12,4,Great selection and clean store,2021-03-08
887,13248,16,4,Great selection and clean store,2021-11-07
888,13816,19,4,Loved the indoor plant variety,2023-05-03
889,3726,22,3,Decent experience overall,2021-10-24
890,11874,10,5,Good prices during promotion,2022-07-25
891,11214,10,4,Great selection and clean store,2022-02-21
892,10614,14,4,Great selection and clean store,2023-12-20
893,5735,22,4,Helpful staff and healthy plants,2024-08-16
894,5316,5,4,Great selection and clean store,2021-04-03
895,11306,12,3,Prices were a bit high,2024-12-19
896,9377,5,5,Helpful staff and healthy plants,2023-03-27
897,5222,19,4,Loved the indoor plant variety,2024-12-27
898,5495,4,4,Loved the indoor plant variety,2022-11-18
899,12397,14,3,Average product selection,2021-08-21
900,12050,19,4,Good prices during promotion,2022-10-08
901,12300,12,4,Great selection and clean store,2025-12-19
902,3701,10,3,Some items were out of stock,2022-06-10
903,14944,15,4,Good prices during promotion,2022-12-19
904,4134,10,5,Helpful staff and healthy plants,2021-05-17
905,2567,21,2,Competitor had better price,2021-11-13
906,8219,9,4,Loved the indoor plant variety,2021-11-22
907,12708,15,4,Helpful staff and healthy plants,2024-08-06
908,10641,9,4,Good prices during promotion,2025-07-16
909,10392,25,4,Fast checkout and friendly advice,2024-11-02
910,6677,2,5,Good prices during promotion,2022-08-21
911,12330,4,3,Store was busy but okay,2022-08-18
912,8040,9,4,Good prices during promotion,2024-05-18
913,13210,18,4,Good prices during promotion,2024-12-14
914,5569,4,2,Discount was confusing,2023-06-11
915,11006,23,5,Good prices during promotion,2024-10-25
916,11698,13,4,Loved the indoor plant variety,2023-03-20
917,5784,23,2,Competitor had better price,2025-09-12
918,11877,18,4,Helpful staff and healthy plants,2022-09-24
919,5343,4,4,Loved the indoor plant variety,2024-05-16
920,10895,19,4,Fast checkout and friendly advice,2023-04-17
921,14858,6,5,Good prices during promotion,2025-11-08
922,11850,17,5,Helpful staff and healthy plants,2024-12-13
923,14658,1,3,Some items were out of stock,2024-08-02
924,8263,19,4,Great selection and clean store,2021-07-03
925,14781,17,4,Helpful staff and healthy plants,2025-07-12
926,2171,5,5,Great selection and clean store,2025-04-12
927,112,4,3,Prices were a bit high,2025-02-09
928,9154,8,4,Good prices during promotion,2023-07-04
929,11729,13,4,Loved the indoor plant variety,2025-10-26
930,5755,14,3,Some items were out of stock,2021-04-15
931,10688,3,4,Great selection and clean store,2023-05-09
932,1128,1,3,Average product selection,2025-11-16
933,2888,1,3,Some items were out of stock,2025-04-07
934,8070,18,4,Helpful staff and healthy plants,2024-03-09
935,7899,6,3,Store was busy but okay,2022-06-13
936,8385,2,3,Some items were out of stock,2022-01-27
937,4052,15,5,Helpful staff and healthy plants,2025-07-19
938,10032,25,3,Prices were a bit high,2025-06-02
939,2106,12,2,Discount was confusing,2025-03-07
940,2119,2,4,Great selection and clean store,2022-03-25
941,1859,13,5,Fast checkout and friendly advice,2025-10-17
942,7953,23,4,Helpful staff and healthy plants,2023-09-08
943,4315,19,5,Great selection and clean store,2024-07-12
944,14045,10,5,Fast checkout and friendly advice,2024-05-08
945,690,23,2,Competitor had better price,2025-05-01
946,12805,10,5,Fast checkout and friendly advice,2024-03-02
947,12256,17,4,Fast checkout and friendly advice,2025-07-08
948,3511,18,4,Fast checkout and friendly advice,2022-08-01
949,13524,16,3,Prices were a bit high,2022-08-26
950,13186,2,3,Decent experience overall,2025-04-22
951,384,13,3,Decent experience overall,2024-08-28
952,11689,6,3,Decent experience overall,2024-09-17
953,9962,2,4,Loved the indoor plant variety,2022-03-19
954,10937,3,4,Loved the indoor plant variety,2022-03-10
955,8279,5,3,Prices were a bit high,2025-10-17
956,11979,25,3,Store was busy but okay,2025-11-02
957,14721,22,4,Fast checkout and friendly advice,2024-11-19
958,13083,17,4,Good prices during promotion,2022-09-24
959,2037,15,3,Decent experience overall,2022-04-04
960,8149,20,5,Helpful staff and healthy plants,2022-12-13
961,4178,24,4,Fast checkout and friendly advice,2023-12-22
962,5852,1,3,Prices were a bit high,2022-11-03
963,1211,23,3,Decent experience overall,2022-03-06
964,13971,14,3,Prices were a bit high,2022-06-05
965,1385,7,4,Great selection and clean store,2022-04-08
966,4587,21,3,Decent experience overall,2024-11-15
967,8947,14,4,Loved the indoor plant variety,2021-04-20
968,14700,10,5,Great selection and clean store,2022-04-16
969,4102,10,5,Good prices during promotion,2025-04-19
970,11560,4,2,Plant quality was disappointing,2023-02-13
971,7040,6,4,Fast checkout and friendly advice,2025-12-15
972,7124,5,3,Average product selection,2023-12-20
973,9395,20,4,Helpful staff and healthy plants,2025-12-19
974,10092,20,4,Loved the indoor plant variety,2022-03-08
975,582,5,4,Great selection and clean store,2021-07-22
976,13670,2,4,Loved the indoor plant variety,2024-04-12
977,14590,3,5,Good prices during promotion,2024-06-23
978,3170,23,4,Loved the indoor plant variety,2025-04-07
979,12809,7,4,Fast checkout and friendly advice,2024-09-19
980,769,8,3,Average product selection,2023-05-25
981,8580,25,4,Fast checkout and friendly advice,2023-09-23
982,4286,12,3,Average product selection,2022-12-24
983,10297,14,3,Some items were out of stock,2025-11-13
984,14780,23,5,Fast checkout and friendly advice,2024-12-04
985,5804,5,4,Loved the indoor plant variety,2021-10-01
986,5513,15,3,Some items were out of stock,2021-10-05
987,2872,7,3,Some items were out of stock,2021-12-22
988,13517,22,4,Fast checkout and friendly advice,2025-12-17
989,4486,13,3,Store was busy but okay,2025-05-12
990,11289,25,3,Some items were out of stock,2021-01-25
991,3719,6,4,Great selection and clean store,2022-12-05
992,283,18,4,Great selection and clean store,2024-04-05
993,6004,22,4,Good prices during promotion,2023-07-13
994,3905,11,3,Decent experience overall,2022-04-05
995,11749,10,4,Helpful staff and healthy plants,2021-05-14
996,2951,1,5,Fast checkout and friendly advice,2022-12-14
997,14464,3,4,Great selection and clean store,2024-03-01
998,9884,12,4,Good prices during promotion,2023-08-06
999,13214,25,4,Good prices during promotion,2023-11-19
1000,4635,13,3,Store was busy but okay,2023-12-01
1001,14940,8,5,Helpful staff and healthy plants,2022-06-19
1002,2124,1,4,Good prices during promotion,2024-09-14
1003,9982,17,4,Great selection and clean store,2024-07-23
1004,14637,1,5,Great selection and clean store,2023-12-04
1005,848,23,4,Great selection and clean store,2022-06-19
1006,1630,6,3,Prices were a bit high,2023-01-01
1007,2225,4,3,Average product selection,2022-06-07
1008,4487,8,4,Fast checkout and friendly advice,2024-10-03
1009,12844,15,4,Loved the indoor plant variety,2024-04-25
1010,1320,20,4,Good prices during promotion,2023-12-26
1011,9975,1,4,Fast checkout and friendly advice,2025-04-27
1012,258,1,3,Store was busy but okay,2025-08-25
1013,11700,1,4,Good prices during promotion,2021-04-28
1014,5325,24,4,Fast checkout and friendly advice,2023-05-09
1015,4552,8,4,Fast checkout and friendly advice,2023-06-10
1016,6328,17,5,Good prices during promotion,2023-10-28
1017,14920,5,2,Competitor had better price,2022-10-03
1018,12305,25,4,Helpful staff and healthy plants,2023-03-15
1019,9299,12,3,Prices were a bit high,2022-01-01
1020,7001,24,3,Average product selection,2025-04-12
1021,7173,17,3,Some items were out of stock,2022-03-13
1022,2910,7,2,Long wait and limited stock,2024-10-02
1023,4182,19,5,Helpful staff and healthy plants,2021-12-21
1024,7515,17,4,Fast checkout and friendly advice,2024-04-04
1025,7636,7,4,Good prices during promotion,2022-12-25
1026,5785,21,4,Good prices during promotion,2024-07-05
1027,52,23,4,Good prices during promotion,2023-04-05
1028,3371,4,4,Good prices during promotion,2024-12-07
1029,38,1,4,Good prices during promotion,2025-03-19
1030,2215,9,5,Helpful staff and healthy plants,2025-09-01
1031,6171,20,4,Fast checkout and friendly advice,2023-05-21
1032,12248,13,3,Average product selection,2023-12-25
1033,7896,9,5,Great selection and clean store,2024-08-24
1034,14902,15,5,Good prices during promotion,2024-04-12
1035,11599,5,3,Decent experience overall,2025-12-09
1036,11679,15,3,Store was busy but okay,2024-10-23
1037,14481,7,5,Good prices during promotion,2024-05-24
1038,9718,15,4,Helpful staff and healthy plants,2021-12-02
1039,7062,25,4,Great selection and clean store,2024-06-25
1040,11962,23,3,Store was busy but okay,2024-11-16
1041,684,7,4,Great selection and clean store,2024-07-02
1042,1037,17,3,Some items were out of stock,2022-12-28
1043,8449,16,4,Good prices during promotion,2024-01-25
1044,10019,3,4,Helpful staff and healthy plants,2022-04-18
1045,14947,9,4,Good prices during promotion,2023-09-13
1046,195,18,5,Fast checkout and friendly advice,2024-04-03
1047,125,22,4,Helpful staff and healthy plants,2022-03-16
1048,3534,3,5,Helpful staff and healthy plants,2025-09-20
1049,12019,16,3,Some items were out of stock,2025-12-17
1050,11839,21,3,Decent experience overall,2025-03-23
1051,14159,1,3,Decent experience overall,2021-12-19
1052,6337,14,4,Loved the indoor plant variety,2023-06-11
1053,5825,8,4,Great selection and clean store,2025-04-27
1054,11377,2,5,Fast checkout and friendly advice,2022-09-03
1055,4762,25,3,Average product selection,2025-06-25
1056,10032,23,4,Helpful staff and healthy plants,2021-11-01
1057,5730,3,4,Fast checkout and friendly advice,2024-05-01
1058,1847,15,3,Prices were a bit high,2022-06-08
1059,9156,23,3,Some items were out of stock,2025-07-02
1060,12209,1,4,Loved the indoor plant variety,2023-10-15
1061,6879,7,4,Helpful staff and healthy plants,2021-10-07
1062,920,25,4,Loved the indoor plant variety,2024-07-02
1063,5359,19,5,Fast checkout and friendly advice,2025-08-20
1064,3348,9,3,Some items were out of stock,2022-04-28
1065,13986,2,4,Loved the indoor plant variety,2024-05-03
1066,11299,22,4,Loved the indoor plant variety,2021-02-17
1067,948,24,3,Average product selection,2024-11-08
1068,665,19,4,Great selection and clean store,2022-01-28
1069,10428,15,5,Good prices during promotion,2023-08-06
1070,13115,8,3,Store was busy but okay,2024-10-26
1071,4353,20,3,Decent experience overall,2024-03-24
1072,12235,19,4,Fast checkout and friendly advice,2022-12-28
1073,11323,23,4,Good prices during promotion,2024-09-18
1074,11347,22,4,Loved the indoor plant variety,2021-02-08
1075,2322,18,4,Great selection and clean store,2022-06-27
1076,334,11,4,Loved the indoor plant variety,2025-11-11
1077,12964,16,4,Helpful staff and healthy plants,2021-05-14
1078,4800,11,3,Some items were out of stock,2024-08-13
1079,7002,6,4,Loved the indoor plant variety,2024-03-15
1080,10264,11,5,Good prices during promotion,2023-05-04
1081,11889,1,5,Helpful staff and healthy plants,2025-05-09
1082,14189,19,5,Great selection and clean store,2025-06-01
1083,1670,19,3,Prices were a bit high,2025-04-10
1084,4511,5,3,Average product selection,2024-04-23
1085,10411,20,3,Some items were out of stock,2023-12-01
1086,9688,2,3,Decent experience overall,2024-04-24
1087,1355,12,3,Prices were a bit high,2025-06-05
1088,701,25,3,Some items were out of stock,2025-01-10
1089,12481,17,4,Loved the indoor plant variety,2024-11-06
1090,13285,18,5,Great selection and clean store,2021-07-28
1091,11177,21,2,Discount was confusing,2024-12-10
1092,11114,5,3,Prices were a bit high,2023-07-23
1093,1828,22,4,Great selection and clean store,2021-08-15
1094,5642,3,5,Good prices during promotion,2023-01-16
1095,4091,14,4,Good prices during promotion,2025-12-18
1096,8565,25,3,Average product selection,2022-08-19
1097,11213,12,3,Prices were a bit high,2025-05-11
1098,2530,22,3,Some items were out of stock,2021-01-20
1099,9382,2,3,Store was busy but okay,2021-08-20
1100,4368,1,4,Helpful staff and healthy plants,2023-01-13
1101,5293,6,3,Some items were out of stock,2025-06-08
1102,10507,22,4,Helpful staff and healthy plants,2021-04-01
1103,302,22,4,Loved the indoor plant variety,2021-12-18
1104,8201,23,4,Loved the indoor plant variety,2021-12-04
1105,6390,14,5,Good prices during promotion,2023-12-11
1106,10376,9,3,Some items were out of stock,2021-03-07
1107,9892,17,3,Prices were a bit high,2023-11-25
1108,2969,10,3,Store was busy but okay,2021-06-17
1109,7377,20,4,Great selection and clean store,2025-12-22
1110,8996,7,3,Decent experience overall,2023-05-27
1111,2320,25,3,Some items were out of stock,2022-10-07
1112,1926,12,4,Helpful staff and healthy plants,2023-11-02
1113,10392,8,3,Average product selection,2025-09-09
1114,803,15,2,Could not find what I needed,2023-03-03
1115,560,8,4,Good prices during promotion,2024-11-01
1116,2833,11,5,Helpful staff and healthy plants,2022-02-07
1117,6825,8,4,Great selection and clean store,2022-10-18
1118,8555,24,3,Some items were out of stock,2024-05-06
1119,12763,11,5,Fast checkout and friendly advice,2023-04-10
1120,4795,22,4,Good prices during promotion,2023-05-27
1121,3361,13,4,Fast checkout and friendly advice,2021-09-27
1122,17,19,5,Good prices during promotion,2021-04-22
1123,9323,11,4,Loved the indoor plant variety,2021-05-27
1124,13831,25,3,Some items were out of stock,2023-03-01
1125,11806,22,4,Loved the indoor plant variety,2022-01-11
1126,455,22,4,Helpful staff and healthy plants,2024-03-20
1127,13714,24,3,Prices were a bit high,2023-01-16
1128,11790,4,4,Helpful staff and healthy plants,2021-06-17
1129,12003,11,3,Decent experience overall,2024-03-25
1130,13766,20,5,Loved the indoor plant variety,2022-09-18
1131,14001,15,3,Decent experience overall,2023-07-11
1132,2237,9,5,Helpful staff and healthy plants,2021-02-18
1133,3032,18,4,Great selection and clean store,2022-12-10
1134,12531,9,4,Great selection and clean store,2021-07-07
1135,10725,2,3,Prices were a bit high,2021-06-15
1136,12115,14,4,Helpful staff and healthy plants,2025-03-27
1137,9725,23,3,Average product selection,2021-07-10
1138,3305,16,4,Good prices during promotion,2025-01-11
1139,6952,17,3,Some items were out of stock,2024-03-12
1140,6502,15,3,Average product selection,2023-07-26
1141,1456,22,5,Loved the indoor plant variety,2023-12-02
1142,394,22,3,Store was busy but okay,2025-08-05
1143,8568,21,3,Decent experience overall,2023-11-17
1144,6030,2,3,Decent experience overall,2022-03-14
1145,1765,8,5,Good prices during promotion,2021-07-13
1146,1325,4,5,Fast checkout and friendly advice,2021-06-20
1147,4333,12,5,Loved the indoor plant variety,2022-03-23
1148,12127,19,2,Could not find what I needed,2022-06-05
1149,2903,18,4,Fast checkout and friendly advice,2024-12-03
1150,11577,2,3,Store was busy but okay,2022-07-14
1151,2584,14,5,Loved the indoor plant variety,2022-05-27
1152,5527,3,5,Great selection and clean store,2024-07-26
1153,12468,7,4,Fast checkout and friendly advice,2025-07-14
1154,13951,1,5,Loved the indoor plant variety,2025-04-07
1155,8781,4,2,Competitor had better price,2022-04-25
1156,3989,9,5,Loved the indoor plant variety,2025-12-19
1157,12532,13,3,Decent experience overall,2021-04-17
1158,4641,1,4,Loved the indoor plant variety,2025-06-08
1159,9708,8,2,Could not find what I needed,2024-09-14
1160,13412,15,3,Store was busy but okay,2021-11-26
1161,6917,9,3,Store was busy but okay,2022-02-04
1162,153,20,4,Helpful staff and healthy plants,2021-12-04
1163,10288,6,3,Some items were out of stock,2023-05-10
1164,9053,9,4,Good prices during promotion,2024-01-11
1165,8210,10,3,Decent experience overall,2025-11-15
1166,12682,16,4,Loved the indoor plant variety,2024-04-15
1167,6550,22,3,Some items were out of stock,2024-07-15
1168,8908,10,5,Good prices during promotion,2022-06-16
1169,6512,21,4,Good prices during promotion,2021-12-21
1170,2747,9,4,Helpful staff and healthy plants,2021-07-06
1171,5681,12,4,Fast checkout and friendly advice,2024-11-13
1172,12904,4,3,Store was busy but okay,2023-06-23
1173,7768,2,4,Great selection and clean store,2025-05-04
1174,1395,20,3,Prices were a bit high,2025-03-21
1175,2178,6,4,Loved the indoor plant variety,2024-11-16
1176,2937,10,4,Great selection and clean store,2024-02-23
1177,11860,21,4,Loved the indoor plant variety,2021-03-28
1178,14349,20,4,Helpful staff and healthy plants,2022-05-21
1179,10272,6,5,Great selection and clean store,2022-01-23
1180,4449,10,4,Loved the indoor plant variety,2021-09-13
1181,6885,4,5,Good prices during promotion,2023-03-07
1182,12906,17,2,Competitor had better price,2022-08-21
1183,4480,1,3,Some items were out of stock,2022-04-22
1184,31,10,4,Great selection and clean store,2025-04-13
1185,5695,1,3,Average product selection,2022-09-03
1186,9334,15,4,Good prices during promotion,2024-01-10
1187,10619,4,4,Fast checkout and friendly advice,2023-01-13
1188,8717,7,4,Helpful staff and healthy plants,2025-10-28
1189,506,4,4,Great selection and clean store,2021-03-22
1190,12142,17,4,Great selection and clean store,2024-05-02
1191,11252,24,3,Store was busy but okay,2025-12-19
1192,13711,4,3,Decent experience overall,2025-12-14
1193,11935,19,5,Helpful staff and healthy plants,2022-04-28
1194,3819,21,5,Good prices during promotion,2021-01-27
1195,1208,14,5,Loved the indoor plant variety,2025-04-01
1196,2236,5,4,Good prices during promotion,2024-01-23
1197,1019,16,4,Helpful staff and healthy plants,2025-06-04
1198,7197,23,5,Great selection and clean store,2021-04-12
1199,14139,14,4,Helpful staff and healthy plants,2021-10-24
1200,10096,2,4,Helpful staff and healthy plants,2022-05-09
1201,10069,23,3,Some items were out of stock,2023-04-14
1202,14504,11,4,Loved the indoor plant variety,2021-12-24
1203,6427,18,4,Good prices during promotion,2025-05-02
1204,10090,19,4,Fast checkout and friendly advice,2022-10-08
1205,13905,4,3,Decent experience overall,2025-03-17
1206,931,7,5,Good prices during promotion,2025-08-01
1207,1138,12,3,Some items were out of stock,2023-09-28
1208,5194,14,5,Good prices during promotion,2021-10-09
1209,6619,16,3,Average product selection,2022-08-01
1210,12563,10,3,Prices were a bit high,2023-06-23
1211,11651,16,2,Competitor had better price,2021-10-02
1212,4723,22,4,Helpful staff and healthy plants,2021-12-01
1213,6144,22,4,Helpful staff and healthy plants,2021-09-09
1214,4892,14,4,Great selection and clean store,2024-07-10
1215,5995,8,5,Fast checkout and friendly advice,2021-05-27
1216,9844,11,4,Good prices during promotion,2022-09-20
1217,11663,16,4,Great selection and clean store,2024-09-01
1218,8276,6,4,Fast checkout and friendly advice,2021-06-05
1219,3063,15,4,Great selection and clean store,2023-11-08
1220,3752,1,4,Fast checkout and friendly advice,2021-12-23
1221,1288,22,2,Plant quality was disappointing,2023-01-09
1222,9513,4,3,Some items were out of stock,2025-04-22
1223,11512,11,3,Prices were a bit high,2022-09-22
1224,7092,20,3,Some items were out of stock,2022-03-25
1225,13362,18,5,Loved the indoor plant variety,2025-11-10
1226,1228,23,3,Decent experience overall,2022-05-19
1227,9704,12,5,Great selection and clean store,2023-12-01
1228,2891,19,3,Prices were a bit high,2025-07-09
1229,12739,18,3,Decent experience overall,2024-05-08
1230,1399,19,5,Loved the indoor plant variety,2021-02-12
1231,12882,25,3,Store was busy but okay,2022-04-28
1232,2042,2,4,Fast checkout and friendly advice,2022-08-20
1233,12402,7,4,Great selection and clean store,2021-02-02
1234,14169,22,4,Great selection and clean store,2021-07-02
1235,14579,25,4,Good prices during promotion,2022-07-16
1236,120,20,4,Good prices during promotion,2021-07-21
1237,9822,16,4,Fast checkout and friendly advice,2022-10-16
1238,804,7,4,Fast checkout and friendly advice,2022-07-21
1239,4376,5,3,Store was busy but okay,2022-10-25
1240,9936,15,3,Some items were out of stock,2023-09-21
1241,5524,15,4,Loved the indoor plant variety,2023-09-05
1242,6070,8,4,Loved the indoor plant variety,2022-03-19
1243,9619,12,2,Competitor had better price,2024-04-21
1244,330,11,3,Decent experience overall,2022-09-25
1245,9890,10,4,Fast checkout and friendly advice,2022-08-08
1246,10874,24,3,Store was busy but okay,2023-04-14
1247,9991,24,4,Great selection and clean store,2024-11-05
1248,749,1,4,Loved the indoor plant variety,2022-07-15
1249,14498,17,2,Plant quality was disappointing,2022-01-07
1250,9968,9,3,Store was busy but okay,2023-09-03
1251,1378,3,3,Store was busy but okay,2025-06-17
1252,520,16,4,Good prices during promotion,2025-08-15
1253,14866,7,4,Fast checkout and friendly advice,2022-04-23
1254,10558,24,5,Helpful staff and healthy plants,2024-02-06
1255,9523,1,5,Helpful staff and healthy plants,2025-01-28
1256,5176,25,4,Fast checkout and friendly advice,2025-07-03
1257,143,6,3,Some items were out of stock,2024-10-06
1258,14576,1,4,Helpful staff and healthy plants,2023-07-10
1259,4077,17,5,Fast checkout and friendly advice,2023-09-25
1260,7836,17,3,Some items were out of stock,2021-11-25
1261,14853,8,4,Good prices during promotion,2025-05-25
1262,6291,17,3,Store was busy but okay,2022-07-14
1263,1222,23,4,Fast checkout and friendly advice,2025-12-24
1264,7078,17,4,Great selection and clean store,2024-09-07
1265,7665,17,5,Good prices during promotion,2021-11-07
1266,8404,20,4,Fast checkout and friendly advice,2023-02-08
1267,552,1,4,Helpful staff and healthy plants,2021-03-07
1268,10905,10,3,Store was busy but okay,2021-03-20
1269,4538,8,3,Some items were out of stock,2025-10-26
1270,3298,22,4,Great selection and clean store,2021-09-16
1271,13053,12,5,Loved the indoor plant variety,2021-05-26
1272,632,1,2,Competitor had better price,2024-03-19
1273,1341,10,4,Good prices during promotion,2025-05-02
1274,5531,12,4,Great selection and clean store,2021-03-13
1275,11874,6,5,Great selection and clean store,2025-10-10
1276,7311,6,5,Fast checkout and friendly advice,2023-12-19
1277,6546,13,3,Some items were out of stock,2022-11-23
1278,5907,16,4,Fast checkout and friendly advice,2022-08-27
1279,10780,18,2,Discount was confusing,2025-09-25
1280,14362,19,3,Decent experience overall,2025-06-20
1281,11746,4,4,Fast checkout and friendly advice,2021-01-18
1282,12504,6,4,Fast checkout and friendly advice,2022-05-27
1283,13715,11,4,Loved the indoor plant variety,2025-05-18
1284,13352,20,4,Helpful staff and healthy plants,2023-11-05
1285,11041,24,3,Some items were out of stock,2023-02-24
1286,9610,2,3,Store was busy but okay,2024-12-16
1287,7203,1,4,Helpful staff and healthy plants,2025-10-26
1288,2655,15,4,Good prices during promotion,2024-11-09
1289,3433,8,3,Some items were out of stock,2025-07-19
1290,2757,3,5,Helpful staff and healthy plants,2024-11-12
1291,9305,16,3,Prices were a bit high,2025-06-09
1292,1317,9,4,Fast checkout and friendly advice,2023-12-07
1293,7804,4,4,Great selection and clean store,2022-12-17
1294,13264,4,5,Great selection and clean store,2024-03-04
1295,9905,21,4,Loved the indoor plant variety,2023-06-28
1296,4927,20,3,Prices were a bit high,2021-12-23
1297,13923,16,3,Store was busy but okay,2024-11-28
1298,10196,19,4,Fast checkout and friendly advice,2021-12-25
1299,8357,23,5,Helpful staff and healthy plants,2022-09-08
1300,6706,16,3,Decent experience overall,2024-04-20
1301,4203,23,4,Helpful staff and healthy plants,2023-12-18
1302,931,25,5,Good prices during promotion,2024-03-09
1303,14442,4,4,Loved the indoor plant variety,2024-06-22
1304,1500,3,3,Average product selection,2025-09-25
1305,1598,8,5,Helpful staff and healthy plants,2024-02-01
1306,14638,4,4,Great selection and clean store,2022-03-02
1307,14370,6,3,Average product selection,2021-01-03
1308,10589,11,5,Helpful staff and healthy plants,2022-02-04
1309,6842,8,3,Store was busy but okay,2022-05-03
1310,6716,24,2,Long wait and limited stock,2023-11-17
1311,965,1,5,Great selection and clean store,2025-12-17
1312,5977,14,4,Good prices during promotion,2022-10-25
1313,3171,21,4,Loved the indoor plant variety,2022-04-02
1314,10889,1,3,Store was busy but okay,2023-08-25
1315,10133,1,5,Helpful staff and healthy plants,2022-01-28
1316,4552,7,3,Average product selection,2025-06-01
1317,14068,22,5,Great selection and clean store,2022-06-04
1318,11566,18,3,Average product selection,2025-12-20
1319,10970,12,5,Helpful staff and healthy plants,2023-05-04
1320,1067,17,5,Great selection and clean store,2021-12-12
1321,11493,18,3,Store was busy but okay,2024-04-19
1322,10654,1,3,Prices were a bit high,2021-03-05
1323,1077,9,4,Great selection and clean store,2022-05-03
1324,14490,11,2,Discount was confusing,2022-02-14
1325,3465,8,5,Loved the indoor plant variety,2025-06-02
1326,1163,7,5,Great selection and clean store,2024-03-02
1327,3652,6,3,Decent experience overall,2025-06-21
1328,6090,3,4,Fast checkout and friendly advice,2021-12-07
1329,6708,17,4,Fast checkout and friendly advice,2021-01-26
1330,2389,7,5,Fast checkout and friendly advice,2023-09-28
1331,10539,1,4,Helpful staff and healthy plants,2021-02-01
1332,3571,19,2,Could not find what I needed,2022-12-07
1333,3892,20,3,Prices were a bit high,2022-12-06
1334,2676,9,4,Good prices during promotion,2025-05-03
1335,486,9,4,Great selection and clean store,2021-01-22
1336,1939,11,4,Helpful staff and healthy plants,2022-12-18
1337,4164,5,3,Average product selection,2022-04-06
1338,9160,1,4,Good prices during promotion,2022-03-02
1339,9980,22,4,Good prices during promotion,2025-06-15
1340,7100,9,4,Good prices during promotion,2025-03-21
1341,11918,11,3,Decent experience overall,2023-12-22
1342,5740,7,4,Helpful staff and healthy plants,2023-05-08
1343,9030,18,3,Prices were a bit high,2022-09-08
1344,1960,8,4,Great selection and clean store,2025-06-28
1345,2278,19,4,Loved the indoor plant variety,2024-02-19
1346,690,19,4,Good prices during promotion,2025-05-09
1347,10901,6,5,Helpful staff and healthy plants,2025-09-28
1348,8018,22,4,Fast checkout and friendly advice,2023-02-14
1349,10216,10,4,Fast checkout and friendly advice,2022-12-09
1350,4952,20,4,Fast checkout and friendly advice,2024-04-23
1351,9372,7,3,Some items were out of stock,2023-05-17
1352,10451,25,4,Great selection and clean store,2025-06-16
1353,14271,8,4,Helpful staff and healthy plants,2023-11-13
1354,4464,14,3,Store was busy but okay,2021-04-04
1355,6408,18,4,Good prices during promotion,2023-11-03
1356,8609,18,4,Good prices during promotion,2023-12-25
1357,4103,15,4,Good prices during promotion,2021-06-17
1358,14883,18,5,Good prices during promotion,2021-06-04
1359,9542,21,5,Helpful staff and healthy plants,2021-01-19
1360,2543,12,3,Average product selection,2024-06-11
1361,6332,20,4,Helpful staff and healthy plants,2024-05-25
1362,915,9,3,Prices were a bit high,2023-05-20
1363,12929,22,3,Average product selection,2021-03-02
1364,4817,4,3,Average product selection,2025-05-23
1365,4177,12,2,Could not find what I needed,2024-07-26
1366,6174,15,5,Helpful staff and healthy plants,2024-11-10
1367,11726,14,3,Some items were out of stock,2025-10-19
1368,1240,14,5,Good prices during promotion,2025-09-14
1369,2878,6,5,Loved the indoor plant variety,2022-05-14
1370,12332,16,4,Helpful staff and healthy plants,2024-12-17
1371,12057,20,4,Helpful staff and healthy plants,2022-05-26
1372,4792,14,4,Helpful staff and healthy plants,2021-05-09
1373,2471,15,4,Helpful staff and healthy plants,2022-01-10
1374,9663,6,3,Average product selection,2022-12-15
1375,6296,12,4,Loved the indoor plant variety,2021-12-21
1376,2752,24,4,Helpful staff and healthy plants,2023-04-11
1377,4668,20,5,Fast checkout and friendly advice,2021-01-11
1378,11858,25,5,Fast checkout and friendly advice,2022-07-28
1379,10270,9,5,Great selection and clean store,2021-05-04
1380,10458,6,3,Prices were a bit high,2025-07-02
1381,12764,16,2,Discount was confusing,2021-08-08
1382,3383,20,4,Helpful staff and healthy plants,2024-12-14
1383,11808,14,5,Good prices during promotion,2023-03-08
1384,14804,9,1,Could not find what I needed,2025-03-01
1385,8852,23,4,Good prices during promotion,2025-07-08
1386,5895,4,3,Some items were out of stock,2025-05-03
1387,2733,6,3,Decent experience overall,2023-05-11
1388,3983,17,4,Fast checkout and friendly advice,2022-05-28
1389,14069,23,3,Store was busy but okay,2021-03-27
1390,5772,9,4,Good prices during promotion,2021-01-14
1391,6375,15,5,Good prices during promotion,2024-06-25
1392,2760,24,5,Good prices during promotion,2021-12-18
1393,6475,8,3,Store was busy but okay,2024-11-23
1394,5575,25,3,Prices were a bit high,2023-04-04
1395,5483,24,3,Some items were out of stock,2021-10-04
1396,11316,1,4,Great selection and clean store,2021-07-14
1397,9245,20,5,Fast checkout and friendly advice,2025-03-17
1398,7034,18,5,Great selection and clean store,2025-07-08
1399,3845,6,5,Helpful staff and healthy plants,2023-02-14
1400,13123,10,5,Fast checkout and friendly advice,2021-04-26
1401,1459,8,4,Loved the indoor plant variety,2021-05-11
1402,9127,10,4,Helpful staff and healthy plants,2022-12-05
1403,12936,11,3,Some items were out of stock,2022-12-21
1404,13786,12,3,Store was busy but okay,2022-05-28
1405,11570,22,4,Great selection and clean store,2021-09-06
1406,6481,10,2,Long wait and limited stock,2021-03-22
1407,7609,19,5,Good prices during promotion,2022-01-24
1408,14437,3,4,Good prices during promotion,2022-04-26
1409,11961,16,4,Helpful staff and healthy plants,2022-12-25
1410,8992,15,5,Loved the indoor plant variety,2023-05-09
1411,3959,19,4,Helpful staff and healthy plants,2025-09-28
1412,12057,7,3,Prices were a bit high,2021-08-08
1413,12092,7,4,Great selection and clean store,2023-10-04
1414,3437,10,5,Loved the indoor plant variety,2021-09-16
1415,13143,24,3,Some items were out of stock,2021-04-20
1416,7357,2,5,Good prices during promotion,2021-08-02
1417,14538,4,4,Fast checkout and friendly advice,2025-06-18
1418,7894,18,5,Loved the indoor plant variety,2022-09-07
1419,12485,13,3,Some items were out of stock,2021-01-20
1420,14703,13,4,Loved the indoor plant variety,2023-05-04
1421,5905,21,5,Good prices during promotion,2024-09-27
1422,1678,13,4,Fast checkout and friendly advice,2025-05-17
1423,13891,5,5,Helpful staff and healthy plants,2024-06-05
1424,10774,5,3,Store was busy but okay,2023-04-03
1425,14140,23,3,Some items were out of stock,2025-06-13
1426,13337,25,3,Prices were a bit high,2023-07-15
1427,833,11,5,Good prices during promotion,2023-10-03
1428,12924,8,3,Store was busy but okay,2021-10-18
1429,2280,13,3,Prices were a bit high,2024-05-18
1430,12960,1,4,Fast checkout and friendly advice,2023-10-02
1431,5563,9,3,Decent experience overall,2022-06-05
1432,14662,19,5,Fast checkout and friendly advice,2022-04-10
1433,7149,23,5,Helpful staff and healthy plants,2022-12-14
1434,9159,2,4,Great selection and clean store,2021-03-17
1435,13388,16,3,Prices were a bit high,2024-06-22
1436,2131,20,4,Good prices during promotion,2024-02-07
1437,10901,8,5,Helpful staff and healthy plants,2021-02-03
1438,13463,15,4,Loved the indoor plant variety,2024-12-22
1439,4132,14,4,Loved the indoor plant variety,2025-04-21
1440,6626,16,5,Good prices during promotion,2025-04-17
1441,629,16,3,Some items were out of stock,2022-04-12
1442,11977,16,4,Good prices during promotion,2023-09-01
1443,10421,20,4,Good prices during promotion,2025-05-19
1444,13282,9,3,Prices were a bit high,2021-08-07
1445,5247,17,4,Good prices during promotion,2022-05-11
1446,3073,25,5,Fast checkout and friendly advice,2022-10-10
1447,11877,9,4,Great selection and clean store,2025-12-21
1448,4683,19,3,Average product selection,2022-12-03
1449,7151,16,5,Great selection and clean store,2021-04-23
1450,2017,10,4,Great selection and clean store,2021-12-03
1451,11585,19,2,Discount was confusing,2024-04-18
1452,5817,15,4,Good prices during promotion,2021-09-06
1453,9261,23,3,Store was busy but okay,2022-09-05
1454,274,4,4,Helpful staff and healthy plants,2024-06-16
1455,5663,13,3,Some items were out of stock,2022-02-28
1456,14373,11,3,Average product selection,2025-02-21
1457,10812,7,5,Good prices during promotion,2023-04-23
1458,7315,3,5,Good prices during promotion,2024-09-14
1459,13975,18,4,Great selection and clean store,2022-05-08
1460,8463,8,5,Great selection and clean store,2023-12-08
1461,8450,7,3,Decent experience overall,2025-12-26
1462,3723,9,4,Fast checkout and friendly advice,2024-05-15
1463,3637,25,4,Great selection and clean store,2022-09-01
1464,4542,9,5,Good prices during promotion,2023-04-04
1465,13107,2,4,Good prices during promotion,2022-07-28
1466,10563,16,5,Helpful staff and healthy plants,2022-12-03
1467,7747,15,4,Helpful staff and healthy plants,2024-09-09
1468,5096,11,4,Loved the indoor plant variety,2022-04-04
1469,12417,3,4,Great selection and clean store,2024-12-10
1470,14199,20,4,Loved the indoor plant variety,2024-01-19
1471,4524,16,4,Helpful staff and healthy plants,2023-10-23
1472,1411,9,5,Great selection and clean store,2021-05-14
1473,1414,21,4,Good prices during promotion,2022-10-12
1474,2381,19,3,Some items were out of stock,2025-04-10
1475,5993,9,4,Good prices during promotion,2024-12-09
1476,4809,20,4,Fast checkout and friendly advice,2022-12-12
1477,13499,11,4,Fast checkout and friendly advice,2022-10-18
1478,6790,9,4,Great selection and clean store,2021-12-27
1479,4238,14,3,Prices were a bit high,2021-10-18
1480,8103,13,3,Some items were out of stock,2021-04-21
1481,8883,20,5,Great selection and clean store,2023-12-03
1482,3568,16,3,Decent experience overall,2021-05-08
1483,10413,24,4,Fast checkout and friendly advice,2023-02-08
1484,7692,6,4,Good prices during promotion,2023-08-15
1485,8837,10,3,Some items were out of stock,2023-05-11
1486,9309,10,3,Some items were out of stock,2021-12-24
1487,765,3,4,Good prices during promotion,2022-09-03
1488,11871,24,3,Store was busy but okay,2022-10-26
1489,1620,1,4,Fast checkout and friendly advice,2021-03-05
1490,13607,18,5,Helpful staff and healthy plants,2023-04-17
1491,2390,1,5,Great selection and clean store,2024-06-18
1492,12439,24,4,Good prices during promotion,2023-04-01
1493,9335,7,5,Helpful staff and healthy plants,2023-08-22
1494,3307,6,4,Great selection and clean store,2024-05-04
1495,5306,14,3,Decent experience overall,2024-04-25
1496,5587,2,4,Loved the indoor plant variety,2022-09-06
1497,9666,16,4,Great selection and clean store,2021-04-15
1498,14323,11,2,Long wait and limited stock,2024-03-18
1499,7558,13,2,Discount was confusing,2023-08-26
1500,4172,1,5,Great selection and clean store,2022-04-14
1501,10007,6,3,Some items were out of stock,2022-04-10
1502,5047,11,4,Helpful staff and healthy plants,2021-09-02
1503,12712,17,3,Average product selection,2023-10-27
1504,3922,2,3,Some items were out of stock,2023-10-14
1505,339,9,4,Good prices during promotion,2024-01-21
1506,2223,24,3,Some items were out of stock,2022-04-07
1507,4499,20,2,Discount was confusing,2022-03-03
1508,8209,23,4,Helpful staff and healthy plants,2025-12-14
1509,5751,16,4,Fast checkout and friendly advice,2021-04-25
1510,9339,16,4,Good prices during promotion,2024-08-02
1511,7014,18,4,Fast checkout and friendly advice,2023-07-17
1512,7810,4,5,Loved the indoor plant variety,2021-10-06
1513,5073,12,4,Fast checkout and friendly advice,2024-11-10
1514,8775,12,3,Prices were a bit high,2025-08-22
1515,1579,9,3,Prices were a bit high,2022-06-22
1516,9181,4,5,Loved the indoor plant variety,2021-07-01
1517,8525,18,4,Good prices during promotion,2025-04-16
1518,292,1,4,Helpful staff and healthy plants,2023-06-08
1519,5694,2,3,Store was busy but okay,2025-06-07
1520,4650,1,4,Good prices during promotion,2022-05-12
1521,7841,6,3,Prices were a bit high,2025-11-24
1522,6088,24,4,Helpful staff and healthy plants,2024-02-01
1523,14024,23,4,Helpful staff and healthy plants,2023-10-20
1524,3680,8,4,Loved the indoor plant variety,2023-11-21
1525,13393,14,4,Fast checkout and friendly advice,2023-10-22
1526,9275,23,5,Great selection and clean store,2025-05-24
1527,2573,21,3,Decent experience overall,2023-08-08
1528,9852,9,3,Average product selection,2021-10-02
1529,4143,20,5,Great selection and clean store,2025-05-20
1530,7764,15,4,Good prices during promotion,2021-10-01
1531,2866,5,4,Good prices during promotion,2024-07-01
1532,14563,18,5,Helpful staff and healthy plants,2022-05-09
1533,13533,22,4,Good prices during promotion,2024-04-17
1534,4109,10,4,Great selection and clean store,2021-12-16
1535,827,25,5,Helpful staff and healthy plants,2021-05-14
1536,3669,21,4,Loved the indoor plant variety,2021-08-22
1537,6121,21,5,Fast checkout and friendly advice,2025-04-16
1538,13533,17,2,Long wait and limited stock,2021-03-21
1539,10161,14,2,Long wait and limited stock,2022-11-05
1540,11119,20,5,Helpful staff and healthy plants,2024-03-04
1541,10292,10,3,Decent experience overall,2024-06-09
1542,10145,12,4,Fast checkout and friendly advice,2022-12-04
1543,10603,11,4,Great selection and clean store,2022-12-25
1544,6180,17,4,Good prices during promotion,2021-06-18
1545,3501,8,5,Helpful staff and healthy plants,2023-05-22
1546,1019,5,4,Good prices during promotion,2024-12-12
1547,1776,22,3,Store was busy but okay,2024-11-14
1548,10847,12,4,Good prices during promotion,2022-07-25
1549,1646,16,5,Great selection and clean store,2021-02-02
1550,9189,22,5,Fast checkout and friendly advice,2025-05-15
1551,2482,10,3,Decent experience overall,2023-12-01
1552,5682,9,3,Decent experience overall,2024-09-12
1553,6966,18,5,Good prices during promotion,2022-01-13
1554,8632,25,5,Great selection and clean store,2023-03-02
1555,224,5,3,Decent experience overall,2024-03-01
1556,6621,21,4,Loved the indoor plant variety,2024-05-24
1557,9156,7,5,Good prices during promotion,2025-12-15
1558,7559,15,3,Some items were out of stock,2025-10-19
1559,3330,13,4,Helpful staff and healthy plants,2023-12-28
1560,11725,20,3,Average product selection,2025-04-23
1561,4832,21,3,Decent experience overall,2022-02-09
1562,6971,5,3,Prices were a bit high,2023-12-22
1563,7701,24,3,Average product selection,2023-08-18
1564,1254,21,3,Store was busy but okay,2021-07-28
1565,3745,19,5,Loved the indoor plant variety,2024-05-02
1566,982,6,4,Loved the indoor plant variety,2023-09-16
1567,5891,12,3,Prices were a bit high,2024-11-05
1568,4489,7,4,Great selection and clean store,2025-06-20
1569,11426,9,4,Loved the indoor plant variety,2024-09-12
1570,3647,9,3,Average product selection,2025-04-04
1571,13556,25,4,Good prices during promotion,2023-12-08
1572,13994,14,3,Average product selection,2022-08-03
1573,10744,22,5,Good prices during promotion,2023-12-17
1574,10854,10,4,Good prices during promotion,2021-05-05
1575,8193,3,4,Good prices during promotion,2021-04-21
1576,10051,6,3,Store was busy but okay,2025-09-07
1577,9035,4,4,Loved the indoor plant variety,2023-02-13
1578,12255,15,3,Decent experience overall,2023-04-22
1579,1455,6,3,Average product selection,2021-10-05
1580,6689,15,4,Fast checkout and friendly advice,2025-12-24
1581,345,9,4,Loved the indoor plant variety,2025-05-18
1582,9089,3,4,Good prices during promotion,2023-08-28
1583,3419,7,3,Average product selection,2021-04-23
1584,5026,15,3,Decent experience overall,2024-12-19
1585,13409,20,4,Good prices during promotion,2022-11-07
1586,3308,25,4,Great selection and clean store,2021-11-22
1587,6545,21,3,Prices were a bit high,2022-10-16
1588,10650,21,3,Prices were a bit high,2024-05-25
1589,11529,10,4,Good prices during promotion,2023-02-19
1590,8990,10,5,Loved the indoor plant variety,2025-08-07
1591,3612,2,3,Prices were a bit high,2021-05-15
1592,183,24,4,Good prices during promotion,2023-11-25
1593,13225,24,4,Helpful staff and healthy plants,2024-10-06
1594,240,20,3,Prices were a bit high,2024-09-24
1595,2414,24,3,Some items were out of stock,2022-02-27
1596,12937,24,4,Loved the indoor plant variety,2024-05-17
1597,10359,11,4,Loved the indoor plant variety,2021-04-02
1598,79,9,3,Some items were out of stock,2022-12-18
1599,641,14,4,Great selection and clean store,2023-07-24
1600,10209,5,3,Store was busy but okay,2022-12-17
1601,9013,6,4,Great selection and clean store,2021-12-10
1602,13247,12,4,Fast checkout and friendly advice,2023-04-06
1603,4753,3,4,Great selection and clean store,2022-11-08
1604,10633,13,4,Good prices during promotion,2024-05-26
1605,10003,15,2,Could not find what I needed,2022-09-05
1606,1608,24,4,Great selection and clean store,2022-02-14
1607,57,20,4,Great selection and clean store,2023-12-25
1608,9575,15,3,Some items were out of stock,2022-01-01
1609,12956,25,3,Decent experience overall,2021-09-16
1610,3159,15,5,Helpful staff and healthy plants,2024-12-04
1611,4520,4,4,Helpful staff and healthy plants,2024-12-10
1612,9471,13,2,Could not find what I needed,2023-03-04
1613,12226,14,4,Fast checkout and friendly advice,2025-06-16
1614,1684,3,3,Store was busy but okay,2023-05-07
1615,5836,25,5,Fast checkout and friendly advice,2022-11-23
1616,934,1,3,Prices were a bit high,2022-05-01
1617,5732,16,3,Some items were out of stock,2023-04-06
1618,8178,12,5,Good prices during promotion,2024-04-01
1619,7019,15,3,Decent experience overall,2023-08-04
1620,14687,23,3,Decent experience overall,2021-09-19
1621,1937,25,4,Good prices during promotion,2024-04-25
1622,3136,6,4,Great selection and clean store,2023-05-20
1623,11641,16,5,Helpful staff and healthy plants,2022-08-16
1624,10778,21,4,Fast checkout and friendly advice,2022-03-27
1625,10586,8,3,Store was busy but okay,2021-04-06
1626,6425,2,4,Helpful staff and healthy plants,2024-11-03
1627,8280,10,3,Average product selection,2025-05-11
1628,6955,23,4,Good prices during promotion,2025-12-26
1629,6158,5,4,Great selection and clean store,2025-11-13
1630,1196,22,4,Fast checkout and friendly advice,2025-03-22
1631,8933,9,4,Good prices during promotion,2021-12-15
1632,1217,15,2,Plant quality was disappointing,2024-01-07
1633,12678,2,5,Great selection and clean store,2023-04-19
1634,1059,4,3,Store was busy but okay,2021-04-02
1635,6070,12,4,Loved the indoor plant variety,2021-11-08
1636,8969,2,3,Decent experience overall,2021-09-12
1637,3819,25,5,Good prices during promotion,2022-04-16
1638,11255,14,3,Store was busy but okay,2023-01-11
1639,10183,15,3,Some items were out of stock,2021-03-14
1640,11546,25,4,Great selection and clean store,2023-05-07
1641,11743,15,5,Fast checkout and friendly advice,2023-05-24
1642,13581,11,4,Fast checkout and friendly advice,2023-04-04
1643,14612,23,3,Prices were a bit high,2021-12-24
1644,14127,20,2,Discount was confusing,2025-06-13
1645,9488,22,3,Average product selection,2021-07-27
1646,180,16,4,Fast checkout and friendly advice,2021-05-07
1647,14707,19,4,Loved the indoor plant variety,2023-04-13
1648,2667,5,3,Decent experience overall,2021-03-24
1649,7214,9,3,Prices were a bit high,2024-04-11
1650,122,2,3,Store was busy but okay,2025-06-03
1651,6417,22,3,Prices were a bit high,2023-03-21
1652,8938,14,5,Loved the indoor plant variety,2021-09-04
1653,3873,24,3,Decent experience overall,2023-05-07
1654,8596,18,3,Prices were a bit high,2021-08-28
1655,9959,22,2,Plant quality was disappointing,2021-10-13
1656,13687,16,4,Fast checkout and friendly advice,2023-06-05
1657,11304,19,5,Fast checkout and friendly advice,2023-04-06
1658,6307,19,5,Good prices during promotion,2023-02-12
1659,7585,16,3,Some items were out of stock,2022-11-25
1660,1181,5,4,Helpful staff and healthy plants,2021-03-12
1661,5855,9,5,Great selection and clean store,2021-05-27
1662,9326,19,3,Some items were out of stock,2025-06-19
1663,5739,21,3,Decent experience overall,2021-07-28
1664,13764,8,4,Loved the indoor plant variety,2021-06-12
1665,9405,18,4,Loved the indoor plant variety,2025-11-21
1666,5680,13,2,Competitor had better price,2022-04-23
1667,7933,1,3,Some items were out of stock,2025-01-26
1668,1613,4,4,Good prices during promotion,2021-06-22
1669,11981,13,5,Loved the indoor plant variety,2025-04-18
1670,2218,3,4,Fast checkout and friendly advice,2025-04-19
1671,447,20,4,Great selection and clean store,2023-08-21
1672,541,8,3,Average product selection,2023-10-28
1673,925,8,4,Loved the indoor plant variety,2022-11-26
1674,6996,5,3,Store was busy but okay,2023-07-22
1675,11563,20,4,Fast checkout and friendly advice,2025-06-25
1676,6672,19,3,Store was busy but okay,2024-01-22
1677,25,19,3,Prices were a bit high,2023-08-04
1678,9373,25,4,Fast checkout and friendly advice,2023-06-28
1679,2402,23,3,Decent experience overall,2023-03-18
1680,4081,6,3,Decent experience overall,2025-11-19
1681,11909,12,4,Fast checkout and friendly advice,2021-03-22
1682,11490,5,4,Good prices during promotion,2024-03-21
1683,11273,8,4,Loved the indoor plant variety,2022-03-13
1684,9343,7,3,Prices were a bit high,2025-10-25
1685,14263,9,2,Long wait and limited stock,2021-06-11
1686,10392,11,4,Fast checkout and friendly advice,2023-10-14
1687,11495,15,1,Plant quality was disappointing,2022-12-15
1688,1063,8,3,Prices were a bit high,2022-05-20
1689,10502,25,3,Prices were a bit high,2025-12-03
1690,12132,20,4,Great selection and clean store,2025-05-20
1691,4130,18,3,Some items were out of stock,2025-05-12
1692,458,5,3,Some items were out of stock,2025-07-26
1693,4096,1,3,Decent experience overall,2023-10-06
1694,12964,8,4,Helpful staff and healthy plants,2022-12-26
1695,6832,10,5,Good prices during promotion,2021-11-23
1696,9146,18,3,Prices were a bit high,2024-05-02
1697,6552,13,4,Loved the indoor plant variety,2022-10-14
1698,14832,22,4,Loved the indoor plant variety,2021-06-18
1699,12235,3,3,Prices were a bit high,2024-03-10
1700,132,12,4,Great selection and clean store,2024-12-15
1701,4228,18,2,Discount was confusing,2025-09-13
1702,3967,4,4,Helpful staff and healthy plants,2025-07-04
1703,9246,7,5,Loved the indoor plant variety,2023-08-15
1704,5173,11,3,Some items were out of stock,2023-04-07
1705,12166,4,4,Great selection and clean store,2022-04-14
1706,2775,14,3,Some items were out of stock,2021-05-05
1707,10400,24,3,Decent experience overall,2025-12-24
1708,3697,14,4,Loved the indoor plant variety,2022-10-24
1709,620,15,4,Great selection and clean store,2024-06-07
1710,7779,1,5,Loved the indoor plant variety,2021-08-19
1711,8573,19,5,Good prices during promotion,2021-12-21
1712,6931,4,5,Loved the indoor plant variety,2024-03-16
1713,7001,12,3,Some items were out of stock,2023-09-06
1714,1217,5,2,Long wait and limited stock,2021-06-23
1715,13332,5,4,Good prices during promotion,2022-11-03
1716,13977,15,3,Decent experience overall,2022-11-01
1717,4263,2,2,Discount was confusing,2024-05-04
1718,4523,17,4,Good prices during promotion,2024-06-20
1719,6390,16,4,Helpful staff and healthy plants,2025-04-05
1720,9573,18,3,Prices were a bit high,2025-07-01
1721,6746,21,3,Prices were a bit high,2021-05-21
1722,3038,6,2,Plant quality was disappointing,2021-09-08
1723,6237,13,3,Some items were out of stock,2022-11-20
1724,9596,25,2,Competitor had better price,2023-12-28
1725,3363,22,4,Great selection and clean store,2021-06-22
1726,7757,2,4,Loved the indoor plant variety,2023-04-12
1727,11215,19,3,Some items were out of stock,2024-06-26
1728,10211,25,4,Fast checkout and friendly advice,2024-10-21
1729,6872,3,4,Helpful staff and healthy plants,2023-05-07
1730,1756,3,5,Loved the indoor plant variety,2021-09-08
1731,10662,6,4,Great selection and clean store,2024-08-18
1732,12454,20,3,Prices were a bit high,2021-12-15
1733,4756,10,3,Prices were a bit high,2023-05-28
1734,4106,14,5,Helpful staff and healthy plants,2025-05-08
1735,10815,10,3,Prices were a bit high,2022-08-15
1736,7675,23,4,Fast checkout and friendly advice,2025-09-15
1737,1107,17,4,Loved the indoor plant variety,2024-09-08
1738,2569,3,4,Helpful staff and healthy plants,2021-07-02
1739,4504,12,5,Great selection and clean store,2023-05-03
1740,3474,10,5,Loved the indoor plant variety,2025-03-20
1741,11085,11,4,Loved the indoor plant variety,2022-02-16
1742,12671,8,3,Average product selection,2023-02-18
1743,1665,12,3,Some items were out of stock,2025-11-02
1744,4224,10,4,Great selection and clean store,2025-12-08
1745,14949,21,4,Fast checkout and friendly advice,2021-05-06
1746,3516,13,3,Decent experience overall,2022-05-19
1747,2509,21,4,Helpful staff and healthy plants,2023-07-01
1748,9952,24,4,Loved the indoor plant variety,2024-11-24
1749,9896,18,4,Helpful staff and healthy plants,2023-04-12
1750,7750,10,3,Decent experience overall,2024-01-23
1751,940,24,3,Prices were a bit high,2025-10-26
1752,12591,12,3,Average product selection,2024-12-24
1753,12658,2,4,Helpful staff and healthy plants,2025-07-26
1754,13343,3,2,Competitor had better price,2022-09-07
1755,8868,13,3,Store was busy but okay,2023-03-05
1756,9078,5,3,Prices were a bit high,2025-12-26
1757,6769,21,3,Average product selection,2025-08-05
1758,2546,15,3,Decent experience overall,2024-04-20
1759,14107,18,2,Discount was confusing,2025-05-24
1760,9453,5,4,Great selection and clean store,2022-01-14
1761,12415,20,2,Long wait and limited stock,2024-08-09
1762,717,12,5,Good prices during promotion,2023-04-09
1763,1631,21,4,Helpful staff and healthy plants,2024-08-01
1764,13794,19,5,Loved the indoor plant variety,2022-05-20
1765,10772,1,4,Fast checkout and friendly advice,2024-11-17
1766,4756,17,4,Helpful staff and healthy plants,2025-10-28
1767,3256,17,4,Great selection and clean store,2025-06-08
1768,2620,18,2,Long wait and limited stock,2022-11-24
1769,7467,15,3,Average product selection,2023-06-05
1770,1602,23,3,Decent experience overall,2021-10-24
1771,9713,13,5,Fast checkout and friendly advice,2025-01-03
1772,6779,9,3,Decent experience overall,2025-09-28
1773,9738,6,5,Good prices during promotion,2022-11-27
1774,1521,2,4,Good prices during promotion,2025-09-06
1775,11252,1,5,Good prices during promotion,2025-12-09
1776,11224,5,5,Great selection and clean store,2023-12-25
1777,7201,22,5,Loved the indoor plant variety,2024-01-06
1778,536,21,5,Good prices during promotion,2021-06-13
1779,6734,5,4,Helpful staff and healthy plants,2021-11-02
1780,179,18,3,Prices were a bit high,2024-01-18
1781,4952,4,5,Loved the indoor plant variety,2025-08-26
1782,957,1,2,Could not find what I needed,2025-03-09
1783,3548,5,4,Loved the indoor plant variety,2023-01-04
1784,13917,19,3,Decent experience overall,2025-06-02
1785,13780,15,4,Fast checkout and friendly advice,2021-03-28
1786,1214,8,2,Competitor had better price,2023-05-25
1787,54,21,4,Great selection and clean store,2023-11-25
1788,11767,4,5,Good prices during promotion,2021-07-13
1789,12872,6,5,Good prices during promotion,2024-05-08
1790,13855,16,5,Good prices during promotion,2024-08-27
1791,10521,15,4,Good prices during promotion,2021-08-07
1792,7523,13,5,Good prices during promotion,2025-02-12
1793,1222,1,5,Fast checkout and friendly advice,2022-08-06
1794,8920,16,3,Decent experience overall,2023-07-18
1795,10955,1,4,Helpful staff and healthy plants,2024-05-11
1796,5365,5,5,Good prices during promotion,2021-02-20
1797,4728,5,4,Great selection and clean store,2024-03-06
1798,6811,12,5,Loved the indoor plant variety,2021-02-12
1799,4141,3,4,Good prices during promotion,2023-04-03
1800,402,25,3,Prices were a bit high,2021-07-07
1801,14251,13,4,Good prices during promotion,2024-05-20
1802,3089,9,5,Helpful staff and healthy plants,2022-07-12
1803,4135,14,5,Fast checkout and friendly advice,2025-08-06
1804,8304,17,4,Great selection and clean store,2025-10-20
1805,319,7,5,Helpful staff and healthy plants,2021-02-10
1806,1688,10,3,Some items were out of stock,2022-08-21
1807,797,19,4,Good prices during promotion,2021-04-28
1808,5727,3,5,Helpful staff and healthy plants,2021-04-26
1809,13858,10,5,Fast checkout and friendly advice,2022-10-18
1810,11983,25,4,Fast checkout and friendly advice,2022-01-03
1811,5814,16,3,Prices were a bit high,2025-11-05
1812,13939,5,4,Great selection and clean store,2023-12-22
1813,14453,8,4,Helpful staff and healthy plants,2023-05-27
1814,9056,23,4,Good prices during promotion,2022-03-05
1815,12347,17,5,Helpful staff and healthy plants,2023-11-01
1816,12906,21,3,Some items were out of stock,2023-10-25
1817,2074,3,4,Great selection and clean store,2023-12-04
1818,11577,3,3,Average product selection,2025-01-16
1819,14780,18,3,Store was busy but okay,2022-06-15
1820,3188,2,4,Helpful staff and healthy plants,2021-10-19
1821,13370,1,4,Great selection and clean store,2021-07-13
1822,3431,12,4,Good prices during promotion,2022-08-20
1823,10359,2,4,Fast checkout and friendly advice,2024-05-06
1824,10454,13,3,Some items were out of stock,2025-06-01
1825,6185,17,5,Loved the indoor plant variety,2024-04-21
1826,4729,11,4,Helpful staff and healthy plants,2023-06-05
1827,6149,2,5,Fast checkout and friendly advice,2025-06-21
1828,881,1,2,Could not find what I needed,2025-02-01
1829,12213,5,4,Fast checkout and friendly advice,2023-07-23
1830,6265,7,4,Loved the indoor plant variety,2024-12-08
1831,1335,25,5,Fast checkout and friendly advice,2022-11-10
1832,9437,1,5,Great selection and clean store,2025-07-13
1833,3114,12,4,Fast checkout and friendly advice,2024-12-07
1834,5261,7,5,Good prices during promotion,2023-09-23
1835,8505,16,4,Fast checkout and friendly advice,2024-03-04
1836,4404,6,3,Average product selection,2022-08-05
1837,5709,24,4,Helpful staff and healthy plants,2022-11-05
1838,7108,23,2,Competitor had better price,2024-09-12
1839,2496,1,4,Great selection and clean store,2023-02-17
1840,11928,18,5,Fast checkout and friendly advice,2023-09-17
1841,7492,17,4,Helpful staff and healthy plants,2021-05-24
1842,6847,10,4,Good prices during promotion,2025-12-03
1843,7764,2,3,Decent experience overall,2021-11-19
1844,12795,7,4,Helpful staff and healthy plants,2023-03-06
1845,11025,21,4,Great selection and clean store,2024-10-02
1846,11492,16,5,Fast checkout and friendly advice,2025-04-27
1847,5063,8,4,Loved the indoor plant variety,2021-07-25
1848,12592,11,4,Good prices during promotion,2023-07-06
1849,11672,6,4,Good prices during promotion,2023-02-12
1850,8225,7,3,Prices were a bit high,2021-05-26
1851,14794,24,4,Loved the indoor plant variety,2025-12-26
1852,10034,12,4,Helpful staff and healthy plants,2021-11-16
1853,1362,24,4,Good prices during promotion,2023-12-08
1854,1307,11,4,Fast checkout and friendly advice,2021-02-07
1855,9615,1,4,Loved the indoor plant variety,2025-08-19
1856,5625,23,2,Could not find what I needed,2022-10-11
1857,9135,24,4,Great selection and clean store,2025-03-10
1858,9949,6,4,Good prices during promotion,2022-10-20
1859,8964,22,4,Fast checkout and friendly advice,2024-01-12
1860,5914,3,3,Some items were out of stock,2021-01-01
1861,2684,1,3,Store was busy but okay,2023-12-01
1862,900,4,3,Store was busy but okay,2021-06-25
1863,7089,21,4,Helpful staff and healthy plants,2023-09-01
1864,7584,17,4,Loved the indoor plant variety,2021-03-13
1865,13118,13,4,Good prices during promotion,2022-05-12
1866,11907,24,4,Fast checkout and friendly advice,2025-11-06
1867,3069,8,5,Great selection and clean store,2025-09-08
1868,13270,8,5,Good prices during promotion,2021-08-14
1869,7738,18,3,Average product selection,2022-01-21
1870,3204,1,4,Fast checkout and friendly advice,2025-11-21
1871,6556,21,4,Great selection and clean store,2025-04-19
1872,2344,23,4,Good prices during promotion,2021-10-24
1873,6206,21,5,Good prices during promotion,2022-11-20
1874,11629,6,4,Fast checkout and friendly advice,2022-07-11
1875,13461,5,4,Helpful staff and healthy plants,2021-09-08
1876,4901,17,3,Prices were a bit high,2021-04-07
1877,4354,6,3,Store was busy but okay,2025-12-19
1878,9266,7,3,Decent experience overall,2025-03-13
1879,1611,12,4,Helpful staff and healthy plants,2025-07-28
1880,8670,18,3,Store was busy but okay,2021-03-09
1881,4454,12,2,Could not find what I needed,2024-05-21
1882,11119,25,4,Loved the indoor plant variety,2022-04-10
1883,12228,21,3,Prices were a bit high,2023-04-10
1884,2175,11,4,Fast checkout and friendly advice,2021-12-28
1885,6613,14,4,Good prices during promotion,2024-12-01
1886,4914,21,4,Fast checkout and friendly advice,2022-08-17
1887,1910,18,4,Great selection and clean store,2024-04-16
1888,13191,6,3,Some items were out of stock,2022-12-24
1889,44,25,5,Great selection and clean store,2022-12-15
1890,10673,16,4,Fast checkout and friendly advice,2024-10-09
1891,1069,8,5,Fast checkout and friendly advice,2025-03-06
1892,9644,8,4,Fast checkout and friendly advice,2024-02-27
1893,10697,1,5,Loved the indoor plant variety,2024-11-09
1894,9728,22,5,Fast checkout and friendly advice,2025-04-08
1895,14393,13,3,Some items were out of stock,2024-09-17
1896,6350,21,4,Good prices during promotion,2023-11-16
1897,4512,4,4,Fast checkout and friendly advice,2024-07-20
1898,2747,18,4,Good prices during promotion,2023-01-27
1899,1923,15,4,Fast checkout and friendly advice,2022-11-17
1900,4746,12,3,Average product selection,2025-05-06
1901,7953,20,4,Good prices during promotion,2021-05-25
1902,9838,18,3,Some items were out of stock,2025-07-18
1903,5467,9,5,Good prices during promotion,2023-03-08
1904,7128,23,5,Good prices during promotion,2021-02-02
1905,12114,3,5,Fast checkout and friendly advice,2021-10-07
1906,5329,2,4,Good prices during promotion,2023-08-25
1907,5679,6,3,Some items were out of stock,2023-04-15
1908,8416,20,4,Good prices during promotion,2024-09-06
1909,12246,6,5,Fast checkout and friendly advice,2025-03-08
1910,12397,15,5,Fast checkout and friendly advice,2024-02-10
1911,3144,5,5,Good prices during promotion,2022-10-06
1912,439,10,3,Decent experience overall,2021-11-09
1913,9850,17,4,Great selection and clean store,2022-05-19
1914,3742,7,3,Average product selection,2021-09-24
1915,977,13,4,Helpful staff and healthy plants,2021-03-21
1916,1344,25,3,Prices were a bit high,2024-12-05
1917,8161,15,5,Good prices during promotion,2021-11-23
1918,3200,25,4,Loved the indoor plant variety,2021-03-12
1919,8350,13,4,Great selection and clean store,2021-10-11
1920,13185,22,2,Could not find what I needed,2025-08-10
1921,1019,23,3,Decent experience overall,2022-10-09
1922,8345,13,2,Discount was confusing,2023-04-27
1923,8560,16,5,Fast checkout and friendly advice,2025-03-14
1924,742,14,2,Long wait and limited stock,2021-12-28
1925,3203,24,3,Prices were a bit high,2023-09-09
1926,727,23,3,Some items were out of stock,2022-06-15
1927,5351,2,4,Good prices during promotion,2021-11-04
1928,9696,10,3,Some items were out of stock,2023-04-03
1929,14517,17,4,Good prices during promotion,2023-07-10
1930,10537,13,2,Competitor had better price,2025-04-08
1931,9143,15,4,Helpful staff and healthy plants,2021-03-07
1932,8604,24,2,Long wait and limited stock,2024-11-03
1933,804,21,4,Loved the indoor plant variety,2021-08-09
1934,12675,16,3,Some items were out of stock,2022-05-18
1935,9828,22,4,Helpful staff and healthy plants,2021-04-23
1936,12675,2,4,Great selection and clean store,2023-10-20
1937,4744,1,3,Store was busy but okay,2024-11-25
1938,13537,14,2,Could not find what I needed,2021-11-01
1939,1303,3,5,Great selection and clean store,2025-05-19
1940,108,11,3,Average product selection,2025-04-24
1941,14428,21,3,Store was busy but okay,2023-05-19
1942,9304,25,3,Store was busy but okay,2025-04-27
1943,11862,22,4,Good prices during promotion,2021-12-10
1944,1224,4,5,Helpful staff and healthy plants,2024-05-16
1945,4472,10,3,Average product selection,2023-07-27
1946,9733,7,4,Fast checkout and friendly advice,2024-04-19
1947,2942,2,3,Decent experience overall,2025-03-25
1948,59,8,4,Fast checkout and friendly advice,2022-06-14
1949,948,1,3,Prices were a bit high,2021-01-24
1950,13560,23,5,Great selection and clean store,2022-09-26
1951,10292,13,4,Great selection and clean store,2022-12-12
1952,2485,6,3,Prices were a bit high,2022-10-20
1953,4981,11,5,Loved the indoor plant variety,2022-05-04
1954,9901,14,4,Fast checkout and friendly advice,2023-03-28
1955,8332,21,5,Loved the indoor plant variety,2022-06-21
1956,7806,2,3,Some items were out of stock,2025-12-22
1957,11493,7,4,Loved the indoor plant variety,2022-05-14
1958,4216,3,4,Good prices during promotion,2024-09-05
1959,4992,25,4,Good prices during promotion,2022-03-10
1960,5007,12,4,Fast checkout and friendly advice,2023-08-16
1961,3352,21,3,Some items were out of stock,2021-10-17
1962,2387,22,4,Helpful staff and healthy plants,2024-12-10
1963,750,13,3,Average product selection,2023-02-17
1964,2857,13,4,Loved the indoor plant variety,2025-04-27
1965,5000,4,4,Helpful staff and healthy plants,2024-05-02
1966,11878,11,5,Good prices during promotion,2023-10-05
1967,7216,11,4,Good prices during promotion,2024-09-27
1968,5387,11,4,Good prices during promotion,2022-11-20
1969,6298,18,4,Good prices during promotion,2023-12-07
1970,3565,22,3,Store was busy but okay,2024-06-21
1971,13393,8,4,Fast checkout and friendly advice,2021-05-10
1972,6707,10,4,Great selection and clean store,2023-04-20
1973,6224,3,3,Store was busy but okay,2024-02-26
1974,772,19,4,Loved the indoor plant variety,2021-10-05
1975,2393,18,4,Great selection and clean store,2021-03-28
1976,8573,16,4,Good prices during promotion,2022-05-25
1977,13733,2,4,Fast checkout and friendly advice,2023-07-28
1978,10781,11,4,Great selection and clean store,2022-11-15
1979,10896,17,5,Loved the indoor plant variety,2025-11-03
1980,6174,23,2,Competitor had better price,2022-11-16
1981,10399,12,4,Fast checkout and friendly advice,2021-12-02
1982,3410,15,4,Great selection and clean store,2023-10-14
1983,4931,7,4,Helpful staff and healthy plants,2021-03-25
1984,3354,5,5,Loved the indoor plant variety,2024-08-20
1985,8870,7,5,Helpful staff and healthy plants,2022-04-08
1986,8768,14,2,Competitor had better price,2021-07-19
1987,2961,22,5,Fast checkout and friendly advice,2023-12-28
1988,13446,4,5,Great selection and clean store,2021-01-20
1989,13373,10,5,Fast checkout and friendly advice,2023-05-15
1990,1308,4,4,Fast checkout and friendly advice,2021-03-25
1991,4356,18,4,Helpful staff and healthy plants,2024-07-03
1992,9162,22,4,Loved the indoor plant variety,2021-08-17
1993,2248,24,3,Average product selection,2023-04-06
1994,5850,25,3,Prices were a bit high,2021-03-19
1995,3302,5,4,Good prices during promotion,2025-03-08
1996,4047,23,4,Loved the indoor plant variety,2025-12-27
1997,6572,5,5,Great selection and clean store,2023-04-08
1998,5805,7,4,Loved the indoor plant variety,2024-02-17
1999,720,2,3,Some items were out of stock,2025-10-18
2000,181,24,4,Loved the indoor plant variety,2023-02-25
2001,1483,7,4,Fast checkout and friendly advice,2023-01-11
2002,7066,11,3,Decent experience overall,2024-09-09
2003,4007,9,4,Fast checkout and friendly advice,2021-03-17
2004,7798,10,4,Fast checkout and friendly advice,2021-07-03
2005,3292,9,4,Fast checkout and friendly advice,2021-03-11
2006,1646,7,3,Some items were out of stock,2021-05-17
2007,12410,22,4,Helpful staff and healthy plants,2021-11-07
2008,11126,14,3,Some items were out of stock,2022-10-12
2009,10930,9,4,Fast checkout and friendly advice,2024-05-03
2010,244,8,4,Good prices during promotion,2021-03-17
2011,4247,14,4,Loved the indoor plant variety,2023-05-02
2012,12174,15,4,Helpful staff and healthy plants,2023-08-05
2013,11239,17,4,Great selection and clean store,2022-05-13
2014,13845,22,5,Helpful staff and healthy plants,2025-10-03
2015,13110,1,3,Prices were a bit high,2021-11-26
2016,7176,8,4,Loved the indoor plant variety,2022-04-03
2017,1918,11,5,Loved the indoor plant variety,2022-12-13
2018,5825,19,3,Decent experience overall,2022-12-20
2019,12620,3,3,Decent experience overall,2022-03-18
2020,2208,21,5,Loved the indoor plant variety,2021-04-04
2021,835,4,5,Loved the indoor plant variety,2021-10-27
2022,8308,2,4,Good prices during promotion,2021-01-19
2023,8684,8,4,Loved the indoor plant variety,2021-03-23
2024,1646,1,4,Loved the indoor plant variety,2023-01-04
2025,7562,14,5,Good prices during promotion,2021-12-27
2026,11921,25,4,Fast checkout and friendly advice,2022-09-02
2027,4344,5,3,Average product selection,2023-08-07
2028,9902,11,4,Helpful staff and healthy plants,2021-10-08
2029,14941,20,5,Helpful staff and healthy plants,2025-08-05
2030,12347,17,4,Fast checkout and friendly advice,2023-04-17
2031,1185,23,5,Good prices during promotion,2022-06-27
2032,3283,6,5,Loved the indoor plant variety,2021-11-11
2033,11561,2,2,Competitor had better price,2023-03-20
2034,1994,9,4,Great selection and clean store,2025-12-28
2035,14789,1,3,Prices were a bit high,2022-05-26
2036,11474,18,4,Good prices during promotion,2024-05-12
2037,14170,10,4,Great selection and clean store,2024-07-08
2038,1556,15,5,Great selection and clean store,2025-06-17
2039,2326,5,3,Prices were a bit high,2022-04-14
2040,13749,20,5,Loved the indoor plant variety,2022-03-28
2041,4570,17,5,Great selection and clean store,2022-10-18
2042,3511,21,4,Loved the indoor plant variety,2022-10-02
2043,12176,14,2,Could not find what I needed,2022-02-06
2044,13693,22,5,Fast checkout and friendly advice,2023-05-26
2045,1148,4,4,Great selection and clean store,2023-03-25
2046,1801,15,3,Decent experience overall,2023-10-19
2047,558,12,4,Fast checkout and friendly advice,2024-10-17
2048,11115,23,5,Loved the indoor plant variety,2022-05-28
2049,4174,22,4,Great selection and clean store,2022-02-02
2050,12469,11,3,Average product selection,2025-06-14
2051,6938,3,3,Prices were a bit high,2023-01-13
2052,3797,25,4,Good prices during promotion,2024-04-07
2053,1797,3,5,Helpful staff and healthy plants,2024-12-05
2054,12650,10,5,Fast checkout and friendly advice,2021-01-05
2055,6967,13,4,Good prices during promotion,2025-11-08
2056,12253,6,3,Store was busy but okay,2024-10-24
2057,326,16,4,Good prices during promotion,2023-03-10
2058,1189,25,4,Helpful staff and healthy plants,2021-04-09
2059,9968,21,3,Average product selection,2024-09-11
2060,7294,3,5,Good prices during promotion,2024-05-02
2061,6082,9,3,Some items were out of stock,2021-10-07
2062,14399,23,3,Decent experience overall,2022-11-09
2063,4077,3,4,Helpful staff and healthy plants,2022-06-26
2064,4378,6,5,Good prices during promotion,2022-08-26
2065,13094,20,4,Helpful staff and healthy plants,2023-12-20
2066,10526,3,4,Loved the indoor plant variety,2021-06-15
2067,14237,2,4,Helpful staff and healthy plants,2024-05-15
2068,7516,17,3,Store was busy but okay,2025-02-06
2069,1953,23,3,Store was busy but okay,2024-10-08
2070,8908,20,5,Helpful staff and healthy plants,2023-02-03
2071,4931,10,3,Store was busy but okay,2022-12-15
2072,6703,16,3,Some items were out of stock,2022-05-24
2073,639,7,5,Good prices during promotion,2025-10-02
2074,6684,10,4,Fast checkout and friendly advice,2025-08-18
2075,1044,7,2,Long wait and limited stock,2025-05-25
2076,4424,18,5,Fast checkout and friendly advice,2021-07-21
2077,8464,24,5,Loved the indoor plant variety,2025-04-21
2078,4361,25,5,Good prices during promotion,2021-07-27
2079,10724,7,4,Helpful staff and healthy plants,2025-07-10
2080,3423,8,4,Fast checkout and friendly advice,2022-05-03
2081,247,5,4,Helpful staff and healthy plants,2021-04-07
2082,4660,2,3,Some items were out of stock,2024-05-13
2083,14009,21,4,Fast checkout and friendly advice,2022-03-06
2084,11658,24,5,Fast checkout and friendly advice,2021-09-10
2085,2216,18,3,Store was busy but okay,2024-11-06
2086,4179,14,4,Fast checkout and friendly advice,2023-12-15
2087,497,19,4,Helpful staff and healthy plants,2023-01-04
2088,10412,15,3,Prices were a bit high,2023-06-26
2089,10907,12,2,Competitor had better price,2022-12-09
2090,13504,25,4,Great selection and clean store,2023-07-12
2091,8630,11,4,Fast checkout and friendly advice,2021-07-16
2092,5903,24,3,Store was busy but okay,2022-02-12
2093,5623,17,3,Average product selection,2024-01-16
2094,10760,7,5,Helpful staff and healthy plants,2025-11-27
2095,4180,22,5,Good prices during promotion,2025-06-25
2096,2892,12,4,Helpful staff and healthy plants,2024-01-17
2097,4139,10,5,Great selection and clean store,2023-09-23
2098,5579,18,4,Fast checkout and friendly advice,2022-12-05
2099,3957,10,4,Great selection and clean store,2022-10-13
2100,11643,10,4,Loved the indoor plant variety,2021-08-17
2101,3293,5,4,Good prices during promotion,2021-04-04
2102,7813,7,3,Some items were out of stock,2025-12-16
2103,9272,10,2,Competitor had better price,2022-03-06
2104,730,10,4,Loved the indoor plant variety,2021-07-13
2105,3845,14,4,Loved the indoor plant variety,2025-02-20
2106,13868,12,4,Good prices during promotion,2025-09-02
2107,1507,20,5,Loved the indoor plant variety,2023-05-21
2108,1205,20,4,Fast checkout and friendly advice,2022-07-08
2109,12892,23,3,Average product selection,2022-12-12
2110,10800,10,3,Some items were out of stock,2025-09-26
2111,7288,7,5,Fast checkout and friendly advice,2024-03-27
2112,1664,21,4,Great selection and clean store,2024-07-03
2113,281,6,5,Helpful staff and healthy plants,2023-09-18
2114,9412,2,5,Loved the indoor plant variety,2025-04-04
2115,5651,2,3,Store was busy but okay,2023-06-15
2116,8817,3,4,Great selection and clean store,2021-05-01
2117,14918,18,4,Great selection and clean store,2021-02-17
2118,9504,8,5,Helpful staff and healthy plants,2025-07-17
2119,14561,7,5,Helpful staff and healthy plants,2024-05-06
2120,1442,13,4,Fast checkout and friendly advice,2022-12-20
2121,14765,11,4,Helpful staff and healthy plants,2021-12-12
2122,9586,21,3,Some items were out of stock,2024-04-14
2123,7483,14,5,Loved the indoor plant variety,2022-07-15
2124,1954,14,2,Plant quality was disappointing,2021-05-02
2125,11755,19,5,Loved the indoor plant variety,2025-08-20
2126,8747,3,5,Loved the indoor plant variety,2025-05-16
2127,14527,25,4,Good prices during promotion,2022-08-18
2128,7253,3,3,Some items were out of stock,2022-03-23
2129,9012,9,3,Prices were a bit high,2023-03-22
2130,12965,8,3,Decent experience overall,2022-07-01
2131,7433,13,5,Good prices during promotion,2025-08-08
2132,3142,1,4,Loved the indoor plant variety,2025-05-17
2133,1635,8,4,Loved the indoor plant variety,2022-04-15
2134,5799,20,5,Fast checkout and friendly advice,2023-11-27
2135,13664,19,5,Good prices during promotion,2021-09-01
2136,8292,4,4,Helpful staff and healthy plants,2024-04-10
2137,7241,12,3,Decent experience overall,2024-04-16
2138,4258,17,4,Good prices during promotion,2021-04-06
2139,6674,16,5,Fast checkout and friendly advice,2022-04-24
2140,10153,10,3,Some items were out of stock,2021-10-09
2141,7101,22,3,Average product selection,2021-03-26
2142,12296,9,4,Fast checkout and friendly advice,2021-07-15
2143,4350,2,3,Decent experience overall,2021-07-14
2144,359,14,3,Store was busy but okay,2024-05-28
2145,6746,9,4,Good prices during promotion,2021-02-08
2146,5690,8,5,Helpful staff and healthy plants,2023-02-06
2147,13566,18,5,Fast checkout and friendly advice,2021-11-25
2148,1651,19,4,Good prices during promotion,2024-04-21
2149,5194,20,4,Loved the indoor plant variety,2022-11-05
2150,7481,8,3,Some items were out of stock,2021-05-17
2151,12497,20,3,Average product selection,2022-06-27
2152,7110,4,4,Loved the indoor plant variety,2024-11-09
2153,2510,21,4,Fast checkout and friendly advice,2024-10-19
2154,3109,2,4,Good prices during promotion,2024-06-18
2155,7495,20,5,Helpful staff and healthy plants,2023-11-14
2156,14959,22,5,Loved the indoor plant variety,2024-12-28
2157,3705,13,4,Great selection and clean store,2024-11-24
2158,2407,6,4,Good prices during promotion,2023-10-13
2159,2762,13,3,Decent experience overall,2025-06-13
2160,12280,21,4,Helpful staff and healthy plants,2021-12-28
2161,14585,10,3,Prices were a bit high,2024-05-08
2162,5688,23,5,Loved the indoor plant variety,2021-05-28
2163,2058,21,4,Fast checkout and friendly advice,2024-03-28
2164,4021,25,4,Great selection and clean store,2023-03-06
2165,5138,4,4,Helpful staff and healthy plants,2024-08-25
2166,11455,20,5,Helpful staff and healthy plants,2021-07-22
2167,7326,12,3,Store was busy but okay,2023-07-25
2168,8218,4,4,Good prices during promotion,2021-07-24
2169,11869,2,3,Some items were out of stock,2021-12-16
2170,9268,18,4,Good prices during promotion,2024-05-10
2171,4066,19,4,Loved the indoor plant variety,2022-03-28
2172,7793,1,4,Good prices during promotion,2024-11-17
2173,1315,20,3,Prices were a bit high,2021-10-25
2174,6783,22,3,Store was busy but okay,2024-04-08
2175,8563,20,4,Good prices during promotion,2024-04-08
2176,11611,9,4,Helpful staff and healthy plants,2023-05-11
2177,9800,18,5,Good prices during promotion,2022-12-18
2178,9365,7,3,Prices were a bit high,2023-12-18
2179,789,10,4,Great selection and clean store,2021-05-20
2180,12048,16,4,Loved the indoor plant variety,2025-07-12
2181,5018,18,2,Could not find what I needed,2024-03-03
2182,10866,6,3,Average product selection,2022-04-15
2183,1440,19,3,Store was busy but okay,2022-12-26
2184,1158,17,4,Good prices during promotion,2021-03-05
2185,10843,10,4,Good prices during promotion,2023-03-04
2186,11649,14,2,Competitor had better price,2025-11-03
2187,4742,2,3,Some items were out of stock,2025-05-19
2188,3287,14,3,Decent experience overall,2024-10-19
2189,11403,17,4,Great selection and clean store,2025-04-02
2190,3581,2,4,Loved the indoor plant variety,2024-10-24
2191,765,6,3,Average product selection,2025-01-16
2192,10261,22,4,Loved the indoor plant variety,2025-06-28
2193,14235,9,4,Good prices during promotion,2025-07-28
2194,3516,19,4,Fast checkout and friendly advice,2024-11-11
2195,207,12,3,Some items were out of stock,2025-08-05
2196,5188,24,2,Plant quality was disappointing,2023-10-18
2197,221,10,5,Fast checkout and friendly advice,2021-05-23
2198,2427,10,5,Good prices during promotion,2023-10-05
2199,14195,8,5,Good prices during promotion,2024-08-20
2200,3518,12,4,Fast checkout and friendly advice,2024-11-19
2201,1060,18,3,Average product selection,2021-05-10
2202,9596,15,3,Decent experience overall,2021-12-23
2203,13385,21,3,Decent experience overall,2024-08-27
2204,5896,10,3,Decent experience overall,2023-09-28
2205,13356,21,3,Store was busy but okay,2023-01-03
2206,7872,20,4,Fast checkout and friendly advice,2024-07-14
2207,11740,17,4,Great selection and clean store,2025-11-03
2208,14251,19,4,Good prices during promotion,2024-10-20
2209,5379,11,4,Loved the indoor plant variety,2024-05-07
2210,4481,23,4,Loved the indoor plant variety,2025-04-18
2211,2946,6,3,Average product selection,2022-01-02
2212,5173,5,3,Store was busy but okay,2021-03-16
2213,5640,3,4,Helpful staff and healthy plants,2022-08-11
2214,9376,23,5,Great selection and clean store,2021-05-04
2215,7721,4,4,Good prices during promotion,2021-03-27
2216,2511,14,4,Great selection and clean store,2021-04-27
2217,8082,6,4,Helpful staff and healthy plants,2023-06-06
2218,4692,23,4,Good prices during promotion,2023-11-05
2219,10307,18,4,Good prices during promotion,2023-05-23
2220,11831,11,4,Loved the indoor plant variety,2023-09-27
2221,14283,2,3,Store was busy but okay,2022-04-03
2222,2014,7,3,Store was busy but okay,2022-02-25
2223,9998,12,3,Store was busy but okay,2022-08-09
2224,10936,1,3,Average product selection,2025-10-02
2225,291,7,5,Good prices during promotion,2024-01-23
2226,10990,11,3,Prices were a bit high,2025-01-21
2227,11117,15,4,Fast checkout and friendly advice,2024-11-18
2228,1618,18,4,Fast checkout and friendly advice,2021-01-28
2229,5726,22,3,Decent experience overall,2025-03-15
2230,3404,20,4,Good prices during promotion,2023-01-20
2231,8008,10,4,Helpful staff and healthy plants,2025-01-09
2232,9509,23,5,Good prices during promotion,2024-07-18
2233,9798,24,4,Fast checkout and friendly advice,2023-03-02
2234,5493,3,4,Good prices during promotion,2022-12-05
2235,5892,18,4,Loved the indoor plant variety,2024-07-12
2236,399,2,4,Loved the indoor plant variety,2024-07-06
2237,12982,17,3,Prices were a bit high,2025-08-12
2238,6475,2,4,Great selection and clean store,2022-05-16
2239,11478,15,5,Helpful staff and healthy plants,2022-12-11
2240,13096,9,4,Good prices during promotion,2025-10-25
2241,6525,12,4,Loved the indoor plant variety,2025-06-02
2242,12269,8,4,Fast checkout and friendly advice,2024-05-09
2243,11793,13,3,Average product selection,2022-03-23
2244,8377,5,3,Decent experience overall,2025-07-14
2245,2519,5,4,Great selection and clean store,2024-12-23
2246,14868,17,3,Decent experience overall,2021-04-07
2247,9565,19,3,Average product selection,2023-12-15
2248,3117,16,3,Store was busy but okay,2021-06-19
2249,7363,23,3,Store was busy but okay,2022-03-09
2250,10948,12,4,Loved the indoor plant variety,2024-06-20
2251,13605,23,4,Good prices during promotion,2022-06-27
2252,375,7,5,Great selection and clean store,2024-11-01
2253,10165,8,5,Good prices during promotion,2022-12-16
2254,11326,8,3,Average product selection,2021-05-11
2255,12287,21,4,Fast checkout and friendly advice,2023-06-01
2256,4943,20,3,Some items were out of stock,2025-12-16
2257,6453,5,3,Prices were a bit high,2023-02-07
2258,2184,6,4,Fast checkout and friendly advice,2025-02-07
2259,13155,21,5,Good prices during promotion,2025-11-26
2260,6815,17,4,Helpful staff and healthy plants,2025-12-02
2261,10500,18,4,Fast checkout and friendly advice,2021-07-10
2262,9863,11,4,Good prices during promotion,2021-12-28
2263,14562,21,3,Store was busy but okay,2021-11-11
2264,12924,17,4,Helpful staff and healthy plants,2022-09-26
2265,5045,3,4,Loved the indoor plant variety,2023-09-09
2266,7097,17,5,Great selection and clean store,2022-04-04
2267,7421,10,3,Decent experience overall,2025-09-11
2268,1715,25,4,Fast checkout and friendly advice,2024-01-16
2269,1694,11,3,Decent experience overall,2025-10-14
2270,9359,18,4,Great selection and clean store,2024-06-09
2271,13891,7,4,Helpful staff and healthy plants,2025-07-04
2272,5729,23,4,Good prices during promotion,2022-04-02
2273,7194,4,4,Loved the indoor plant variety,2024-08-03
2274,3571,12,5,Helpful staff and healthy plants,2025-12-26
2275,14723,5,3,Prices were a bit high,2025-08-26
2276,9056,7,4,Great selection and clean store,2021-09-05
2277,6590,18,3,Some items were out of stock,2025-09-19
2278,10507,11,2,Could not find what I needed,2021-12-07
2279,10814,21,4,Good prices during promotion,2024-05-17
2280,7028,18,4,Good prices during promotion,2024-04-18
2281,5373,1,5,Great selection and clean store,2023-07-11
2282,11484,13,3,Store was busy but okay,2024-12-10
2283,7291,14,2,Could not find what I needed,2024-03-24
2284,10746,10,4,Loved the indoor plant variety,2023-04-14
2285,6787,22,5,Loved the indoor plant variety,2023-12-28
2286,11747,6,5,Fast checkout and friendly advice,2024-01-03
2287,3266,11,3,Some items were out of stock,2025-05-23
2288,8984,1,3,Average product selection,2021-12-23
2289,1548,24,4,Fast checkout and friendly advice,2023-08-11
2290,10509,6,4,Good prices during promotion,2021-06-13
2291,1393,7,4,Helpful staff and healthy plants,2022-07-07
2292,9466,15,4,Fast checkout and friendly advice,2024-03-05
2293,694,15,4,Great selection and clean store,2023-02-15
2294,6146,21,5,Fast checkout and friendly advice,2024-10-13
2295,11179,19,5,Helpful staff and healthy plants,2022-01-22
2296,2585,11,4,Good prices during promotion,2023-05-06
2297,7772,23,4,Good prices during promotion,2025-04-19
2298,4482,10,3,Average product selection,2022-12-17
2299,6827,3,3,Decent experience overall,2021-10-06
2300,1277,1,4,Fast checkout and friendly advice,2022-10-24
2301,13727,8,4,Loved the indoor plant variety,2024-11-11
2302,8052,2,5,Good prices during promotion,2023-08-23
2303,13641,15,4,Fast checkout and friendly advice,2021-10-20
2304,6389,21,5,Good prices during promotion,2024-06-17
2305,248,19,4,Fast checkout and friendly advice,2024-04-13
2306,7451,18,3,Average product selection,2022-01-22
2307,3492,14,4,Loved the indoor plant variety,2021-05-06
2308,2302,19,2,Plant quality was disappointing,2023-07-24
2309,409,18,2,Plant quality was disappointing,2024-03-11
2310,99,5,3,Decent experience overall,2023-05-22
2311,3623,4,4,Great selection and clean store,2021-11-13
2312,6467,5,3,Prices were a bit high,2024-06-19
2313,9144,11,4,Loved the indoor plant variety,2022-11-09
2314,1635,23,5,Helpful staff and healthy plants,2024-04-25
2315,14520,25,3,Average product selection,2025-12-03
2316,117,4,4,Helpful staff and healthy plants,2023-07-20
2317,10406,20,3,Store was busy but okay,2024-11-05
2318,7790,13,3,Some items were out of stock,2023-05-24
2319,5083,7,4,Loved the indoor plant variety,2025-04-26
2320,12474,18,3,Prices were a bit high,2022-12-05
2321,9108,15,4,Great selection and clean store,2023-03-14
2322,662,24,3,Some items were out of stock,2023-11-23
2323,5196,9,3,Store was busy but okay,2025-03-03
2324,1965,1,5,Loved the indoor plant variety,2022-08-04
2325,1741,15,5,Fast checkout and friendly advice,2021-03-09
2326,8569,2,5,Loved the indoor plant variety,2023-11-20
2327,8656,21,3,Some items were out of stock,2022-05-10
2328,7971,12,4,Helpful staff and healthy plants,2023-02-12
2329,12153,2,4,Great selection and clean store,2022-01-06
2330,9429,12,4,Fast checkout and friendly advice,2022-04-19
2331,11884,13,2,Could not find what I needed,2022-11-15
2332,7131,10,4,Fast checkout and friendly advice,2022-09-06
2333,1851,19,5,Helpful staff and healthy plants,2022-05-06
2334,13987,15,4,Good prices during promotion,2022-02-14
2335,3328,16,4,Great selection and clean store,2025-01-22
2336,2111,15,3,Average product selection,2025-01-09
2337,10664,2,3,Some items were out of stock,2024-12-05
2338,7221,17,3,Average product selection,2024-02-02
2339,12508,9,5,Helpful staff and healthy plants,2022-01-02
2340,5059,16,4,Great selection and clean store,2023-09-22
2341,125,20,5,Great selection and clean store,2021-11-11
2342,6362,15,3,Decent experience overall,2023-10-25
2343,2316,2,5,Good prices during promotion,2021-12-04
2344,6328,3,5,Good prices during promotion,2023-08-24
2345,8792,4,4,Great selection and clean store,2025-02-07
2346,8795,18,3,Prices were a bit high,2023-01-23
2347,4054,1,4,Loved the indoor plant variety,2023-04-23
2348,14028,25,2,Could not find what I needed,2025-03-02
2349,1029,14,3,Decent experience overall,2023-11-20
2350,14030,5,4,Great selection and clean store,2024-05-16
2351,9238,5,4,Loved the indoor plant variety,2025-02-04
2352,7069,12,5,Fast checkout and friendly advice,2022-07-14
2353,10300,23,4,Fast checkout and friendly advice,2025-08-24
2354,5231,12,3,Average product selection,2022-06-27
2355,6593,7,4,Loved the indoor plant variety,2022-12-28
2356,10319,9,5,Loved the indoor plant variety,2024-02-15
2357,3070,5,5,Great selection and clean store,2023-04-05
2358,792,24,4,Loved the indoor plant variety,2021-08-27
2359,12197,17,3,Prices were a bit high,2023-11-26
2360,13237,10,4,Good prices during promotion,2024-07-11
2361,10951,7,4,Loved the indoor plant variety,2024-06-26
2362,5156,8,3,Store was busy but okay,2022-12-17
2363,14301,21,5,Great selection and clean store,2024-08-14
2364,7648,5,4,Good prices during promotion,2021-02-17
2365,3107,12,4,Great selection and clean store,2024-05-16
2366,1575,22,5,Good prices during promotion,2022-07-15
2367,11185,11,3,Prices were a bit high,2023-08-22
2368,3964,17,5,Good prices during promotion,2024-10-25
2369,1094,13,4,Loved the indoor plant variety,2023-12-06
2370,6053,12,2,Competitor had better price,2021-01-25
2371,1350,18,3,Decent experience overall,2021-05-15
2372,8086,12,4,Helpful staff and healthy plants,2025-05-07
2373,10475,12,4,Fast checkout and friendly advice,2021-08-24
2374,7097,20,5,Great selection and clean store,2023-12-27
2375,12246,3,4,Loved the indoor plant variety,2025-09-27
2376,11850,4,4,Great selection and clean store,2023-09-07
2377,14862,11,5,Loved the indoor plant variety,2022-04-05
2378,10439,4,4,Helpful staff and healthy plants,2021-11-21
2379,7342,9,5,Fast checkout and friendly advice,2023-03-02
2380,9137,12,5,Loved the indoor plant variety,2021-04-10
2381,10283,23,4,Great selection and clean store,2024-03-07
2382,2243,3,3,Prices were a bit high,2025-05-17
2383,13276,5,4,Fast checkout and friendly advice,2021-02-01
2384,4306,8,4,Loved the indoor plant variety,2024-02-22
2385,8498,19,4,Fast checkout and friendly advice,2022-02-16
2386,8414,2,4,Fast checkout and friendly advice,2024-12-20
2387,4568,4,4,Great selection and clean store,2025-11-26
2388,3462,24,4,Helpful staff and healthy plants,2022-10-03
2389,13083,14,4,Good prices during promotion,2022-08-17
2390,602,9,4,Helpful staff and healthy plants,2023-06-12
2391,13726,24,3,Some items were out of stock,2022-09-12
2392,9048,7,4,Fast checkout and friendly advice,2023-03-09
2393,8326,21,4,Helpful staff and healthy plants,2021-12-06
2394,13547,12,3,Store was busy but okay,2025-05-24
2395,748,18,3,Store was busy but okay,2022-09-24
2396,2677,20,3,Average product selection,2021-03-11
2397,3118,11,2,Competitor had better price,2023-12-27
2398,6590,9,4,Good prices during promotion,2022-06-03
2399,2884,22,3,Decent experience overall,2021-06-25
2400,6834,15,5,Helpful staff and healthy plants,2025-07-01
2401,10895,18,4,Helpful staff and healthy plants,2024-03-16
2402,12335,5,2,Could not find what I needed,2021-12-19
2403,5497,16,3,Prices were a bit high,2021-10-01
2404,10442,3,3,Decent experience overall,2025-06-11
2405,5064,18,4,Loved the indoor plant variety,2022-05-22
2406,8361,7,5,Great selection and clean store,2021-05-08
2407,9950,7,2,Could not find what I needed,2025-12-09
2408,13603,9,3,Store was busy but okay,2022-04-02
2409,13729,12,5,Great selection and clean store,2023-04-28
2410,12507,13,5,Helpful staff and healthy plants,2021-07-17
2411,2754,17,5,Helpful staff and healthy plants,2023-01-05
2412,7329,5,3,Decent experience overall,2021-10-05
2413,8660,11,4,Helpful staff and healthy plants,2022-06-24
2414,13390,3,4,Great selection and clean store,2023-05-27
2415,3557,1,4,Great selection and clean store,2025-05-25
2416,14889,24,4,Fast checkout and friendly advice,2021-06-15
2417,1613,3,4,Good prices during promotion,2025-03-22
2418,13876,3,5,Helpful staff and healthy plants,2024-09-06
2419,4490,24,4,Great selection and clean store,2023-11-20
2420,5800,9,4,Loved the indoor plant variety,2022-05-25
2421,13829,16,3,Average product selection,2021-09-15
2422,9175,6,3,Store was busy but okay,2021-07-14
2423,5264,7,4,Helpful staff and healthy plants,2021-04-22
2424,11942,14,4,Great selection and clean store,2021-12-26
2425,273,21,3,Some items were out of stock,2024-05-11
2426,643,7,5,Helpful staff and healthy plants,2023-07-15
2427,8791,18,5,Good prices during promotion,2024-11-28
2428,6533,2,2,Discount was confusing,2023-11-18
2429,1591,4,2,Plant quality was disappointing,2023-03-28
2430,12365,6,4,Fast checkout and friendly advice,2024-07-23
2431,7818,15,4,Fast checkout and friendly advice,2023-01-14
2432,12390,18,3,Store was busy but okay,2024-10-11
2433,14662,18,4,Great selection and clean store,2021-03-11
2434,11886,19,4,Great selection and clean store,2022-07-01
2435,3812,14,3,Store was busy but okay,2021-12-23
2436,13351,7,3,Prices were a bit high,2025-06-10
2437,8283,18,4,Good prices during promotion,2025-04-11
2438,5375,2,4,Fast checkout and friendly advice,2021-05-28
2439,165,12,4,Good prices during promotion,2021-12-05
2440,6413,14,4,Helpful staff and healthy plants,2021-12-02
2441,3616,20,4,Good prices during promotion,2022-04-15
2442,4907,5,4,Good prices during promotion,2024-04-09
2443,9820,20,5,Fast checkout and friendly advice,2021-03-12
2444,1027,6,3,Decent experience overall,2022-09-07
2445,984,17,4,Great selection and clean store,2023-11-19
2446,4579,3,3,Some items were out of stock,2021-04-01
2447,10687,7,5,Good prices during promotion,2022-07-13
2448,10229,10,4,Loved the indoor plant variety,2024-12-16
2449,2232,8,5,Good prices during promotion,2022-01-20
2450,8669,10,5,Fast checkout and friendly advice,2025-03-21
2451,2684,8,4,Fast checkout and friendly advice,2021-05-10
2452,5850,17,3,Average product selection,2023-04-24
2453,12940,17,5,Fast checkout and friendly advice,2025-12-12
2454,14403,1,5,Great selection and clean store,2022-12-19
2455,14860,13,3,Store was busy but okay,2025-07-21
2456,4980,12,3,Average product selection,2022-05-12
2457,13905,19,3,Some items were out of stock,2025-08-09
2458,6465,6,3,Prices were a bit high,2025-04-16
2459,4692,18,4,Helpful staff and healthy plants,2022-12-18
2460,1176,8,4,Loved the indoor plant variety,2023-07-23
2461,4372,24,5,Fast checkout and friendly advice,2023-01-24
2462,2565,25,5,Fast checkout and friendly advice,2025-02-20
2463,1827,4,4,Fast checkout and friendly advice,2023-05-27
2464,9529,8,3,Average product selection,2022-03-13
2465,10530,4,4,Helpful staff and healthy plants,2022-07-05
2466,14215,1,4,Fast checkout and friendly advice,2024-01-03
2467,12736,16,3,Store was busy but okay,2022-04-24
2468,14595,10,4,Good prices during promotion,2023-08-19
2469,14959,4,4,Great selection and clean store,2024-05-13
2470,7641,12,4,Good prices during promotion,2021-12-18
2471,7998,12,3,Average product selection,2024-06-02
2472,6335,18,4,Helpful staff and healthy plants,2025-04-03
2473,7299,11,3,Some items were out of stock,2025-07-24
2474,9970,24,4,Good prices during promotion,2024-07-19
2475,12172,5,4,Good prices during promotion,2021-04-26
2476,7318,14,4,Good prices during promotion,2025-09-22
2477,2472,4,4,Helpful staff and healthy plants,2023-10-09
2478,13293,25,4,Helpful staff and healthy plants,2023-10-18
2479,5725,2,2,Long wait and limited stock,2022-12-12
2480,9431,12,3,Store was busy but okay,2025-11-07
2481,4494,22,3,Prices were a bit high,2024-03-27
2482,13537,9,5,Helpful staff and healthy plants,2024-06-02
2483,4853,12,5,Good prices during promotion,2023-09-11
2484,2742,15,3,Decent experience overall,2025-07-02
2485,5126,16,4,Helpful staff and healthy plants,2025-12-21
2486,6394,25,5,Loved the indoor plant variety,2024-07-12
2487,2390,2,4,Good prices during promotion,2021-02-16
2488,13240,17,4,Helpful staff and healthy plants,2025-05-06
2489,10827,2,3,Store was busy but okay,2022-05-23
2490,10810,11,5,Great selection and clean store,2023-08-11
2491,1765,13,4,Helpful staff and healthy plants,2025-10-10
2492,11841,3,5,Good prices during promotion,2021-12-01
2493,3944,11,2,Discount was confusing,2023-12-07
2494,664,11,3,Decent experience overall,2022-01-08
2495,11538,8,4,Fast checkout and friendly advice,2025-10-02
2496,11725,17,3,Prices were a bit high,2021-12-25
2497,11389,5,4,Fast checkout and friendly advice,2023-05-21
2498,3207,17,4,Loved the indoor plant variety,2022-12-25
2499,159,6,4,Great selection and clean store,2021-04-21
2500,5915,24,4,Loved the indoor plant variety,2021-11-05
2501,9240,23,3,Prices were a bit high,2025-10-11
2502,5604,16,3,Prices were a bit high,2024-11-27
2503,8728,3,4,Good prices during promotion,2022-09-20
2504,11445,1,4,Helpful staff and healthy plants,2021-07-14
2505,4278,10,3,Some items were out of stock,2022-09-09
2506,8555,19,4,Loved the indoor plant variety,2023-05-28
2507,14843,19,4,Great selection and clean store,2021-09-26
2508,10486,18,4,Helpful staff and healthy plants,2024-12-19
2509,14534,7,3,Some items were out of stock,2024-08-07
2510,10287,10,3,Store was busy but okay,2025-10-02
2511,3464,12,4,Good prices during promotion,2023-03-25
2512,12561,5,4,Great selection and clean store,2023-06-02
2513,11463,16,5,Great selection and clean store,2025-04-12
2514,1762,13,3,Some items were out of stock,2021-06-04
2515,6181,21,4,Great selection and clean store,2021-11-03
2516,1463,5,4,Helpful staff and healthy plants,2021-10-15
2517,14976,18,5,Loved the indoor plant variety,2024-07-19
2518,11290,22,4,Good prices during promotion,2021-04-13
2519,5585,3,4,Helpful staff and healthy plants,2023-02-02
2520,492,11,5,Fast checkout and friendly advice,2022-09-15
2521,2096,7,4,Fast checkout and friendly advice,2023-11-16
2522,3422,5,5,Fast checkout and friendly advice,2025-04-26
2523,9712,5,4,Good prices during promotion,2024-06-18
2524,11297,11,4,Fast checkout and friendly advice,2021-05-17
2525,530,5,4,Good prices during promotion,2024-06-06
2526,2087,4,4,Good prices during promotion,2024-04-13
2527,10683,5,3,Some items were out of stock,2025-05-13
2528,11419,7,4,Good prices during promotion,2021-10-21
2529,9928,2,4,Helpful staff and healthy plants,2024-02-18
2530,11212,20,3,Decent experience overall,2024-05-05
2531,8008,8,5,Fast checkout and friendly advice,2024-10-19
2532,7471,8,5,Loved the indoor plant variety,2025-03-08
2533,2220,3,4,Loved the indoor plant variety,2022-04-11
2534,7070,1,4,Great selection and clean store,2025-04-03
2535,12249,1,3,Average product selection,2023-04-11
2536,6584,24,3,Prices were a bit high,2024-09-23
2537,9180,25,4,Helpful staff and healthy plants,2025-08-25
2538,13658,3,4,Good prices during promotion,2021-05-05
2539,937,3,4,Loved the indoor plant variety,2023-08-25
2540,13719,12,3,Prices were a bit high,2023-08-17
2541,6070,1,4,Loved the indoor plant variety,2021-10-05
2542,4695,4,3,Decent experience overall,2023-10-10
2543,9695,21,4,Great selection and clean store,2024-08-18
2544,12867,15,5,Fast checkout and friendly advice,2023-09-11
2545,5774,14,4,Good prices during promotion,2023-02-11
2546,3665,16,4,Fast checkout and friendly advice,2021-01-13
2547,6716,24,3,Store was busy but okay,2025-12-19
2548,3174,15,5,Good prices during promotion,2023-04-15
2549,12977,4,5,Helpful staff and healthy plants,2024-05-16
2550,13967,18,4,Fast checkout and friendly advice,2025-12-23
2551,12557,25,3,Store was busy but okay,2025-03-05
2552,13416,7,2,Discount was confusing,2023-07-21
2553,7834,11,4,Loved the indoor plant variety,2023-12-10
2554,9299,12,4,Loved the indoor plant variety,2024-11-22
2555,6341,19,4,Good prices during promotion,2025-04-18
2556,12691,17,2,Competitor had better price,2024-11-08
2557,9109,16,5,Fast checkout and friendly advice,2023-03-05
2558,3826,3,4,Loved the indoor plant variety,2021-01-04
2559,7319,7,4,Great selection and clean store,2023-10-25
2560,3439,24,4,Fast checkout and friendly advice,2021-03-18
2561,2614,5,4,Helpful staff and healthy plants,2024-11-27
2562,3203,10,2,Could not find what I needed,2025-06-15
2563,12139,11,5,Fast checkout and friendly advice,2022-02-22
2564,1806,11,3,Average product selection,2024-10-10
2565,2021,12,3,Store was busy but okay,2021-03-04
2566,11409,9,5,Great selection and clean store,2025-12-11
2567,1282,11,3,Store was busy but okay,2025-07-10
2568,3864,5,2,Competitor had better price,2023-12-26
2569,933,22,4,Loved the indoor plant variety,2022-12-06
2570,11682,9,3,Decent experience overall,2021-06-20
2571,13808,17,5,Great selection and clean store,2022-07-09
2572,11588,1,3,Prices were a bit high,2023-12-05
2573,6825,23,3,Average product selection,2025-03-26
2574,908,11,4,Good prices during promotion,2023-04-25
2575,3715,12,4,Loved the indoor plant variety,2023-01-27
2576,4129,23,5,Great selection and clean store,2021-11-14
2577,1580,13,3,Average product selection,2024-06-23
2578,14078,14,4,Helpful staff and healthy plants,2022-06-10
2579,10964,12,4,Good prices during promotion,2022-04-01
2580,1650,14,3,Some items were out of stock,2021-04-20
2581,8222,22,3,Average product selection,2024-04-21
2582,7323,13,3,Decent experience overall,2025-09-18
2583,11751,20,3,Prices were a bit high,2025-04-23
2584,7669,2,5,Good prices during promotion,2023-02-21
2585,7923,24,5,Helpful staff and healthy plants,2024-11-24
2586,870,12,3,Average product selection,2024-12-25
2587,14866,5,5,Loved the indoor plant variety,2025-04-10
2588,8494,7,4,Good prices during promotion,2024-09-06
2589,2124,9,4,Helpful staff and healthy plants,2023-04-27
2590,7132,8,4,Fast checkout and friendly advice,2024-11-04
2591,3845,24,3,Decent experience overall,2021-08-02
2592,10964,5,5,Loved the indoor plant variety,2025-05-16
2593,39,17,3,Store was busy but okay,2022-10-03
2594,13573,9,4,Loved the indoor plant variety,2025-02-21
2595,8185,16,4,Loved the indoor plant variety,2022-04-09
2596,8241,10,3,Decent experience overall,2021-08-18
2597,5537,5,4,Loved the indoor plant variety,2025-09-01
2598,10555,14,3,Some items were out of stock,2021-03-28
2599,10293,15,5,Loved the indoor plant variety,2021-01-08
2600,3235,8,5,Loved the indoor plant variety,2024-07-27
2601,10144,13,4,Good prices during promotion,2025-04-17
2602,14560,15,3,Store was busy but okay,2024-10-15
2603,3151,18,5,Great selection and clean store,2024-12-16
2604,13232,25,3,Average product selection,2025-11-18
2605,3783,23,4,Fast checkout and friendly advice,2022-12-26
2606,8826,14,3,Prices were a bit high,2023-06-03
2607,12003,3,5,Good prices during promotion,2025-06-08
2608,4873,19,5,Fast checkout and friendly advice,2024-04-19
2609,4472,7,3,Some items were out of stock,2023-04-01
2610,6356,11,4,Fast checkout and friendly advice,2022-11-19
2611,12356,19,4,Fast checkout and friendly advice,2021-05-19
2612,10431,2,4,Good prices during promotion,2025-04-17
2613,2136,16,4,Loved the indoor plant variety,2025-05-02
2614,3464,18,3,Decent experience overall,2021-06-15
2615,11259,11,4,Great selection and clean store,2021-05-07
2616,42,2,3,Some items were out of stock,2022-12-24
2617,10908,13,4,Helpful staff and healthy plants,2024-08-23
2618,9583,3,4,Great selection and clean store,2024-06-14
2619,565,7,4,Loved the indoor plant variety,2025-03-27
2620,10436,23,4,Fast checkout and friendly advice,2022-10-02
2621,11670,25,4,Fast checkout and friendly advice,2023-12-18
2622,2461,2,4,Loved the indoor plant variety,2022-10-11
2623,9356,3,4,Fast checkout and friendly advice,2022-07-19
2624,7135,20,5,Helpful staff and healthy plants,2021-08-03
2625,4484,24,4,Loved the indoor plant variety,2023-05-25
2626,10070,3,2,Long wait and limited stock,2021-03-16
2627,2456,23,5,Fast checkout and friendly advice,2022-03-08
2628,577,21,4,Fast checkout and friendly advice,2023-12-15
2629,5428,23,4,Loved the indoor plant variety,2022-01-06
2630,10087,6,5,Fast checkout and friendly advice,2025-06-14
2631,13648,10,4,Good prices during promotion,2025-03-02
2632,6555,2,4,Helpful staff and healthy plants,2021-02-02
2633,6754,3,3,Some items were out of stock,2024-08-11
2634,14957,13,4,Good prices during promotion,2022-12-11
2635,13155,19,4,Fast checkout and friendly advice,2022-05-19
2636,3133,9,4,Loved the indoor plant variety,2025-11-01
2637,12970,12,3,Decent experience overall,2023-06-01
2638,10969,5,5,Helpful staff and healthy plants,2021-06-15
2639,1618,8,2,Plant quality was disappointing,2024-05-24
2640,8590,8,4,Helpful staff and healthy plants,2022-03-03
2641,1110,8,4,Fast checkout and friendly advice,2025-01-01
2642,14104,5,4,Fast checkout and friendly advice,2023-05-09
2643,1895,24,5,Helpful staff and healthy plants,2024-04-27
2644,13854,2,3,Decent experience overall,2022-10-21
2645,1001,5,3,Store was busy but okay,2021-11-03
2646,9860,15,4,Helpful staff and healthy plants,2022-05-04
2647,2532,14,2,Could not find what I needed,2024-03-07
2648,10477,16,4,Fast checkout and friendly advice,2023-01-08
2649,8977,21,3,Some items were out of stock,2021-03-15
2650,9930,14,3,Decent experience overall,2023-08-24
2651,9892,6,3,Store was busy but okay,2022-11-08
2652,1976,25,4,Helpful staff and healthy plants,2023-03-16
2653,460,18,4,Fast checkout and friendly advice,2023-12-18
2654,5266,9,4,Good prices during promotion,2022-08-21
2655,7913,19,5,Loved the indoor plant variety,2022-03-11
2656,1727,19,4,Loved the indoor plant variety,2022-10-19
2657,12539,18,4,Great selection and clean store,2021-07-08
2658,6147,12,3,Decent experience overall,2025-04-02
2659,983,1,4,Loved the indoor plant variety,2025-02-03
2660,3903,25,4,Great selection and clean store,2022-06-25
2661,3340,4,4,Good prices during promotion,2021-03-21
2662,10231,24,4,Loved the indoor plant variety,2022-06-26
2663,10519,7,5,Loved the indoor plant variety,2022-08-04
2664,1453,9,3,Average product selection,2022-11-11
2665,10835,9,3,Prices were a bit high,2021-01-25
2666,1991,11,4,Helpful staff and healthy plants,2021-01-09
2667,11862,18,4,Great selection and clean store,2025-04-24
2668,3266,7,2,Discount was confusing,2023-06-12
2669,5054,22,3,Prices were a bit high,2023-08-14
2670,8750,20,3,Average product selection,2024-05-16
2671,14067,6,5,Good prices during promotion,2024-10-21
2672,12659,11,4,Fast checkout and friendly advice,2022-03-21
2673,9244,18,4,Helpful staff and healthy plants,2021-08-08
2674,1027,1,4,Great selection and clean store,2023-09-27
2675,13794,8,4,Good prices during promotion,2024-09-16
2676,7074,11,3,Prices were a bit high,2024-05-27
2677,13533,8,4,Fast checkout and friendly advice,2022-02-22
2678,525,21,4,Helpful staff and healthy plants,2021-06-20
2679,11039,23,4,Helpful staff and healthy plants,2024-02-02
2680,5121,14,4,Helpful staff and healthy plants,2021-10-12
2681,10665,7,5,Loved the indoor plant variety,2021-03-12
2682,14613,7,3,Some items were out of stock,2021-07-10
2683,2462,22,3,Prices were a bit high,2024-05-09
2684,9368,23,4,Helpful staff and healthy plants,2023-03-12
2685,4873,25,4,Loved the indoor plant variety,2024-09-14
2686,166,5,3,Decent experience overall,2024-12-19
2687,7479,12,3,Prices were a bit high,2023-12-05
2688,4758,1,3,Store was busy but okay,2025-09-17
2689,11220,20,4,Great selection and clean store,2024-05-06
2690,8522,16,4,Fast checkout and friendly advice,2021-12-23
2691,10055,19,5,Fast checkout and friendly advice,2023-04-02
2692,10725,10,4,Helpful staff and healthy plants,2025-11-01
2693,9975,14,4,Helpful staff and healthy plants,2025-02-07
2694,959,1,3,Prices were a bit high,2025-08-01
2695,14052,17,4,Great selection and clean store,2021-08-25
2696,478,17,3,Some items were out of stock,2025-04-14
2697,8593,25,3,Prices were a bit high,2023-05-09
2698,10613,23,4,Fast checkout and friendly advice,2024-03-02
2699,14989,14,4,Helpful staff and healthy plants,2022-06-11
2700,9120,2,4,Fast checkout and friendly advice,2022-07-04
2701,2296,23,5,Great selection and clean store,2023-08-23
2702,11628,8,4,Helpful staff and healthy plants,2021-01-23
2703,8164,1,5,Fast checkout and friendly advice,2024-05-23
2704,3370,10,4,Fast checkout and friendly advice,2021-10-14
2705,7171,8,4,Loved the indoor plant variety,2025-07-25
2706,702,12,5,Great selection and clean store,2021-02-02
2707,2361,1,4,Good prices during promotion,2021-05-26
2708,1752,9,4,Loved the indoor plant variety,2022-12-25
2709,13408,3,3,Some items were out of stock,2025-08-14
2710,1983,6,2,Discount was confusing,2021-12-27
2711,14181,1,4,Loved the indoor plant variety,2025-06-13
2712,13629,12,3,Decent experience overall,2024-05-14
2713,890,2,4,Great selection and clean store,2024-07-15
2714,2945,21,4,Fast checkout and friendly advice,2024-10-19
2715,86,16,4,Helpful staff and healthy plants,2025-12-18
2716,411,15,5,Great selection and clean store,2023-06-26
2717,14029,19,4,Fast checkout and friendly advice,2025-09-21
2718,4732,8,4,Fast checkout and friendly advice,2025-08-13
2719,1352,15,4,Fast checkout and friendly advice,2022-04-10
2720,9491,11,4,Loved the indoor plant variety,2024-01-10
2721,4917,25,4,Fast checkout and friendly advice,2021-10-19
2722,4450,12,4,Fast checkout and friendly advice,2024-11-14
2723,13666,7,4,Fast checkout and friendly advice,2023-12-11
2724,6885,16,3,Store was busy but okay,2022-05-24
2725,3803,19,5,Loved the indoor plant variety,2025-03-21
2726,10744,5,4,Helpful staff and healthy plants,2021-08-05
2727,3363,12,4,Great selection and clean store,2022-08-17
2728,14135,21,4,Fast checkout and friendly advice,2023-12-26
2729,13058,15,4,Good prices during promotion,2024-11-01
2730,11824,2,4,Helpful staff and healthy plants,2022-09-24
2731,1053,14,5,Helpful staff and healthy plants,2024-04-22
2732,4460,9,3,Store was busy but okay,2021-06-16
2733,8179,25,5,Fast checkout and friendly advice,2023-05-26
2734,9093,4,4,Great selection and clean store,2023-04-28
2735,1907,4,2,Could not find what I needed,2023-02-05
2736,7184,6,4,Helpful staff and healthy plants,2023-07-15
2737,10456,17,4,Great selection and clean store,2021-05-26
2738,5965,17,2,Plant quality was disappointing,2021-02-20
2739,4113,3,4,Fast checkout and friendly advice,2021-06-16
2740,1234,16,4,Helpful staff and healthy plants,2025-08-11
2741,7113,23,4,Fast checkout and friendly advice,2024-11-14
2742,4375,11,4,Loved the indoor plant variety,2023-07-16
2743,11033,3,4,Helpful staff and healthy plants,2022-12-25
2744,2498,8,5,Great selection and clean store,2023-08-15
2745,348,20,4,Helpful staff and healthy plants,2025-09-25
2746,118,10,4,Fast checkout and friendly advice,2024-11-14
2747,13966,13,3,Some items were out of stock,2021-05-26
2748,11780,12,5,Loved the indoor plant variety,2024-07-02
2749,5358,6,4,Helpful staff and healthy plants,2021-09-20
2750,13388,18,4,Good prices during promotion,2021-07-18
2751,710,20,3,Store was busy but okay,2024-08-18
2752,4292,20,3,Prices were a bit high,2023-01-07
2753,6251,11,3,Some items were out of stock,2025-02-03
2754,5534,17,4,Good prices during promotion,2024-03-17
2755,2692,5,4,Loved the indoor plant variety,2021-04-08
2756,7921,11,4,Great selection and clean store,2025-06-15
2757,3197,24,3,Some items were out of stock,2022-03-01
2758,6269,18,4,Helpful staff and healthy plants,2022-01-20
2759,13773,6,5,Loved the indoor plant variety,2022-07-21
2760,6795,12,5,Good prices during promotion,2023-07-09
2761,1785,20,3,Average product selection,2025-12-15
2762,5987,9,2,Competitor had better price,2025-09-04
2763,2532,2,3,Prices were a bit high,2022-08-07
2764,8841,13,4,Fast checkout and friendly advice,2025-07-21
2765,11309,7,5,Helpful staff and healthy plants,2025-05-25
2766,12138,1,4,Loved the indoor plant variety,2023-05-14
2767,12313,11,4,Great selection and clean store,2021-12-03
2768,5345,15,3,Average product selection,2023-05-18
2769,9283,7,4,Fast checkout and friendly advice,2022-04-19
2770,5953,11,5,Helpful staff and healthy plants,2025-03-06
2771,14158,7,3,Store was busy but okay,2024-03-17
2772,3410,21,3,Average product selection,2023-12-09
2773,10003,5,4,Helpful staff and healthy plants,2023-03-05
2774,891,12,5,Fast checkout and friendly advice,2021-05-17
2775,6401,20,3,Average product selection,2021-04-18
2776,4286,10,3,Decent experience overall,2021-04-13
2777,5009,15,3,Decent experience overall,2023-04-28
2778,3435,8,3,Prices were a bit high,2025-04-04
2779,14011,15,4,Fast checkout and friendly advice,2023-09-09
2780,14338,8,5,Helpful staff and healthy plants,2024-11-11
2781,13775,22,5,Great selection and clean store,2024-03-21
2782,4290,1,4,Fast checkout and friendly advice,2024-02-01
2783,7066,6,4,Good prices during promotion,2025-01-28
2784,4915,21,3,Store was busy but okay,2021-05-24
2785,10950,24,4,Great selection and clean store,2024-02-17
2786,7948,14,4,Loved the indoor plant variety,2024-03-06
2787,11053,20,3,Store was busy but okay,2024-08-24
2788,13471,12,5,Good prices during promotion,2024-11-20
2789,14161,10,4,Loved the indoor plant variety,2021-05-03
2790,1244,24,3,Decent experience overall,2023-08-11
2791,1006,7,3,Store was busy but okay,2023-07-05
2792,6324,12,5,Great selection and clean store,2025-09-02
2793,3341,14,3,Average product selection,2024-01-28
2794,14877,14,3,Store was busy but okay,2025-05-27
2795,7705,2,4,Loved the indoor plant variety,2025-11-24
2796,810,22,4,Great selection and clean store,2025-10-19
2797,3232,10,4,Fast checkout and friendly advice,2022-07-05
2798,9797,12,5,Great selection and clean store,2022-11-08
2799,1085,13,4,Loved the indoor plant variety,2021-01-20
2800,2559,20,4,Good prices during promotion,2021-01-24
2801,4790,17,4,Loved the indoor plant variety,2024-12-04
2802,5715,19,4,Fast checkout and friendly advice,2025-07-20
2803,7801,14,5,Loved the indoor plant variety,2025-04-23
2804,2328,24,3,Some items were out of stock,2023-05-24
2805,11331,4,5,Loved the indoor plant variety,2024-09-01
2806,13790,10,4,Fast checkout and friendly advice,2024-05-21
2807,935,12,5,Helpful staff and healthy plants,2022-06-25
2808,5490,24,4,Great selection and clean store,2024-03-25
2809,882,23,5,Good prices during promotion,2022-06-07
2810,13363,14,4,Loved the indoor plant variety,2022-10-10
2811,303,4,3,Prices were a bit high,2021-10-06
2812,3633,6,4,Loved the indoor plant variety,2022-11-22
2813,14869,4,5,Loved the indoor plant variety,2023-05-10
2814,2670,6,4,Great selection and clean store,2021-04-03
2815,5850,9,2,Plant quality was disappointing,2021-07-20
2816,8065,1,4,Great selection and clean store,2022-03-11
2817,5903,13,3,Prices were a bit high,2023-10-28
2818,4120,7,4,Good prices during promotion,2024-12-04
2819,2347,5,4,Fast checkout and friendly advice,2025-03-12
2820,14213,4,3,Decent experience overall,2023-08-13
2821,11521,7,4,Great selection and clean store,2023-04-08
2822,12191,11,4,Great selection and clean store,2021-05-10
2823,11834,11,5,Helpful staff and healthy plants,2025-11-10
2824,6271,16,4,Fast checkout and friendly advice,2025-09-07
2825,13739,3,3,Some items were out of stock,2021-07-11
2826,4598,12,3,Some items were out of stock,2022-07-09
2827,3830,9,4,Good prices during promotion,2021-12-10
2828,2866,15,4,Helpful staff and healthy plants,2021-03-22
2829,2151,14,4,Fast checkout and friendly advice,2025-11-15
2830,13702,12,5,Good prices during promotion,2021-10-13
2831,11088,1,4,Fast checkout and friendly advice,2025-10-23
2832,13620,15,4,Great selection and clean store,2021-08-21
2833,5064,5,5,Good prices during promotion,2021-09-23
2834,1450,14,4,Great selection and clean store,2021-05-07
2835,6510,20,4,Helpful staff and healthy plants,2021-11-03
2836,8551,6,4,Fast checkout and friendly advice,2023-01-22
2837,7429,17,5,Helpful staff and healthy plants,2023-09-25
2838,14917,1,4,Fast checkout and friendly advice,2021-03-23
2839,1533,24,5,Good prices during promotion,2024-04-19
2840,14247,19,5,Helpful staff and healthy plants,2022-09-20
2841,3161,18,4,Great selection and clean store,2024-01-06
2842,1436,1,4,Fast checkout and friendly advice,2021-05-28
2843,4872,14,4,Good prices during promotion,2022-05-22
2844,2743,9,4,Loved the indoor plant variety,2024-01-10
2845,1031,13,3,Prices were a bit high,2023-08-16
2846,508,1,3,Store was busy but okay,2024-08-12
2847,1587,21,2,Long wait and limited stock,2025-04-21
2848,9590,15,4,Fast checkout and friendly advice,2021-03-22
2849,2167,2,5,Loved the indoor plant variety,2025-12-19
2850,9384,19,3,Decent experience overall,2021-06-20
2851,3671,5,2,Discount was confusing,2025-04-25
2852,4858,4,5,Great selection and clean store,2024-05-02
2853,4547,22,4,Fast checkout and friendly advice,2022-06-28
2854,14496,17,3,Average product selection,2024-04-25
2855,14684,5,5,Fast checkout and friendly advice,2021-07-28
2856,2545,13,3,Some items were out of stock,2022-07-24
2857,1040,1,3,Decent experience overall,2023-07-21
2858,13751,4,4,Helpful staff and healthy plants,2023-03-20
2859,9880,5,3,Average product selection,2021-03-23
2860,8505,6,5,Helpful staff and healthy plants,2023-03-22
2861,13562,10,4,Loved the indoor plant variety,2021-12-03
2862,9413,5,5,Helpful staff and healthy plants,2022-01-21
2863,2472,18,3,Some items were out of stock,2021-05-19
2864,8211,1,4,Fast checkout and friendly advice,2021-11-08
2865,4601,18,4,Good prices during promotion,2024-09-26
2866,6689,16,4,Great selection and clean store,2021-11-23
2867,6879,2,4,Good prices during promotion,2025-06-06
2868,6791,24,2,Competitor had better price,2022-08-15
2869,6881,1,4,Fast checkout and friendly advice,2021-03-04
2870,9309,5,3,Store was busy but okay,2025-08-12
2871,12063,17,5,Great selection and clean store,2025-08-17
2872,10433,18,4,Great selection and clean store,2023-11-13
2873,5591,25,3,Store was busy but okay,2021-08-08
2874,6861,18,4,Loved the indoor plant variety,2025-08-03
2875,4578,9,3,Store was busy but okay,2022-03-27
2876,7594,14,4,Loved the indoor plant variety,2021-06-04
2877,8507,3,4,Great selection and clean store,2023-01-13
2878,3620,1,4,Fast checkout and friendly advice,2022-04-06
2879,11272,3,4,Good prices during promotion,2024-04-05
2880,5043,16,4,Fast checkout and friendly advice,2021-12-17
2881,5799,25,5,Good prices during promotion,2022-01-06
2882,11282,8,5,Helpful staff and healthy plants,2024-11-12
2883,5016,4,3,Some items were out of stock,2025-12-12
2884,9271,12,4,Loved the indoor plant variety,2023-08-24
2885,13582,14,4,Fast checkout and friendly advice,2021-03-06
2886,8199,4,3,Average product selection,2021-12-10
2887,1967,1,3,Average product selection,2023-08-18
2888,5474,20,4,Loved the indoor plant variety,2022-12-20
2889,10220,9,4,Great selection and clean store,2025-05-01
2890,5004,10,4,Good prices during promotion,2023-07-23
2891,11528,25,4,Helpful staff and healthy plants,2022-04-26
2892,3302,4,2,Plant quality was disappointing,2025-10-21
2893,13543,24,5,Loved the indoor plant variety,2022-06-21
2894,11545,5,5,Loved the indoor plant variety,2025-12-08
2895,7833,5,4,Good prices during promotion,2022-06-08
2896,8444,15,4,Good prices during promotion,2025-03-15
2897,10012,14,4,Loved the indoor plant variety,2024-08-19
2898,1276,23,5,Good prices during promotion,2021-03-14
2899,11303,20,4,Fast checkout and friendly advice,2023-02-11
2900,10897,10,5,Great selection and clean store,2022-08-08
2901,7023,23,4,Great selection and clean store,2024-09-10
2902,8463,11,5,Great selection and clean store,2021-04-14
2903,10468,14,5,Loved the indoor plant variety,2022-05-20
2904,5062,10,3,Average product selection,2021-05-14
2905,13224,1,3,Average product selection,2022-01-23
2906,1985,14,5,Helpful staff and healthy plants,2025-12-14
2907,5507,5,3,Prices were a bit high,2025-09-24
2908,13472,24,4,Good prices during promotion,2021-06-18
2909,11690,4,5,Loved the indoor plant variety,2021-04-02
2910,10222,5,3,Decent experience overall,2025-05-26
2911,7942,11,4,Good prices during promotion,2022-05-11
2912,6390,25,4,Good prices during promotion,2024-03-15
2913,11938,5,4,Helpful staff and healthy plants,2025-03-06
2914,8819,10,5,Loved the indoor plant variety,2021-01-27
2915,8718,16,4,Great selection and clean store,2024-03-15
2916,14925,6,4,Helpful staff and healthy plants,2022-07-13
2917,6309,4,3,Some items were out of stock,2025-02-04
2918,2313,14,4,Great selection and clean store,2023-06-10
2919,14899,14,4,Loved the indoor plant variety,2021-11-27
2920,6751,21,4,Helpful staff and healthy plants,2021-02-19
2921,13598,7,4,Fast checkout and friendly advice,2022-04-28
2922,3918,3,4,Loved the indoor plant variety,2023-12-01
2923,6808,17,4,Helpful staff and healthy plants,2024-12-18
2924,10867,23,3,Prices were a bit high,2022-09-10
2925,5288,4,3,Average product selection,2021-12-22
2926,14005,22,3,Some items were out of stock,2024-12-03
2927,10336,13,3,Some items were out of stock,2025-10-09
2928,7406,18,2,Long wait and limited stock,2024-07-17
2929,3919,7,4,Fast checkout and friendly advice,2021-05-16
2930,8924,14,3,Prices were a bit high,2024-06-17
2931,12032,11,4,Good prices during promotion,2021-04-26
2932,12646,1,4,Great selection and clean store,2023-04-15
2933,4278,2,4,Good prices during promotion,2024-09-04
2934,1503,24,2,Could not find what I needed,2025-08-18
2935,3679,11,3,Store was busy but okay,2021-07-16
2936,678,11,4,Helpful staff and healthy plants,2022-01-18
2937,6428,25,5,Loved the indoor plant variety,2023-01-25
2938,2898,1,4,Great selection and clean store,2024-11-11
2939,2653,11,3,Prices were a bit high,2023-05-08
2940,3730,8,4,Good prices during promotion,2023-09-26
2941,7730,3,5,Fast checkout and friendly advice,2024-12-04
2942,694,7,4,Good prices during promotion,2021-04-01
2943,7780,13,3,Some items were out of stock,2025-12-16
2944,1139,23,3,Store was busy but okay,2023-01-27
2945,14814,14,5,Fast checkout and friendly advice,2023-12-02
2946,9113,23,5,Loved the indoor plant variety,2023-08-14
2947,3658,7,3,Average product selection,2025-03-20
2948,6537,4,4,Great selection and clean store,2024-04-17
2949,5265,24,2,Plant quality was disappointing,2024-10-16
2950,4940,8,5,Fast checkout and friendly advice,2024-07-25
2951,13845,18,4,Helpful staff and healthy plants,2021-01-21
2952,6609,10,5,Fast checkout and friendly advice,2025-06-09
2953,14815,13,4,Fast checkout and friendly advice,2023-05-15
2954,9403,12,3,Some items were out of stock,2021-06-26
2955,641,12,4,Good prices during promotion,2022-07-03
2956,7965,7,3,Prices were a bit high,2021-09-11
2957,8067,14,5,Fast checkout and friendly advice,2025-10-09
2958,2188,12,5,Loved the indoor plant variety,2024-10-13
2959,6752,12,4,Fast checkout and friendly advice,2021-06-16
2960,444,20,3,Prices were a bit high,2021-10-26
2961,12484,15,4,Great selection and clean store,2024-03-04
2962,13704,24,4,Loved the indoor plant variety,2024-04-05
2963,9944,19,4,Loved the indoor plant variety,2024-11-19
2964,7755,24,3,Decent experience overall,2024-12-27
2965,12997,7,5,Good prices during promotion,2024-10-15
2966,6132,8,3,Average product selection,2023-03-21
2967,10441,25,4,Helpful staff and healthy plants,2021-06-26
2968,3746,24,4,Fast checkout and friendly advice,2023-05-22
2969,10208,3,4,Fast checkout and friendly advice,2021-11-08
2970,10801,13,3,Decent experience overall,2021-04-03
2971,2371,17,5,Good prices during promotion,2025-05-10
2972,12607,16,3,Prices were a bit high,2025-12-21
2973,1709,17,5,Great selection and clean store,2025-10-25
2974,12585,13,4,Fast checkout and friendly advice,2023-11-17
2975,5229,3,3,Store was busy but okay,2021-12-18
2976,8307,25,5,Great selection and clean store,2024-09-11
2977,10692,1,3,Average product selection,2025-03-12
2978,13564,11,3,Some items were out of stock,2024-05-08
2979,8106,2,5,Loved the indoor plant variety,2025-03-13
2980,4542,7,5,Helpful staff and healthy plants,2022-06-19
2981,12213,20,4,Good prices during promotion,2021-03-21
2982,13067,4,5,Helpful staff and healthy plants,2022-06-25
2983,5490,22,5,Fast checkout and friendly advice,2022-03-25
2984,9844,15,4,Great selection and clean store,2021-08-07
2985,6348,8,5,Good prices during promotion,2022-12-15
2986,4302,8,3,Average product selection,2023-10-12
2987,11695,14,4,Helpful staff and healthy plants,2022-05-04
2988,1338,2,4,Loved the indoor plant variety,2021-11-06
2989,5708,13,3,Store was busy but okay,2021-04-15
2990,10661,15,5,Great selection and clean store,2025-03-01
2991,6126,19,4,Fast checkout and friendly advice,2023-12-15
2992,5501,23,4,Helpful staff and healthy plants,2023-01-28
2993,1877,8,3,Store was busy but okay,2024-11-01
2994,11201,7,3,Decent experience overall,2021-10-13
2995,2262,20,4,Great selection and clean store,2024-12-05
2996,3497,14,4,Great selection and clean store,2024-10-13
2997,982,11,3,Prices were a bit high,2025-07-12
2998,7760,14,4,Great selection and clean store,2023-12-23
2999,12432,7,4,Loved the indoor plant variety,2022-05-16
3000,7406,8,5,Fast checkout and friendly advice,2021-03-08
3001,11967,21,3,Average product selection,2025-06-03
3002,5390,12,4,Great selection and clean store,2023-09-05
3003,13316,9,4,Great selection and clean store,2022-09-04
3004,6651,11,4,Loved the indoor plant variety,2023-11-04
3005,6573,15,3,Prices were a bit high,2025-01-08
3006,9880,8,4,Great selection and clean store,2022-04-15
3007,10773,22,4,Great selection and clean store,2025-03-13
3008,1083,19,4,Great selection and clean store,2021-04-06
3009,5440,12,3,Some items were out of stock,2024-12-02
3010,14593,1,3,Some items were out of stock,2022-04-27
3011,13482,5,4,Great selection and clean store,2023-07-08
3012,4765,21,5,Helpful staff and healthy plants,2021-06-07
3013,8123,17,4,Loved the indoor plant variety,2022-09-12
3014,3418,21,4,Good prices during promotion,2022-12-22
3015,14998,4,3,Some items were out of stock,2021-02-11
3016,4685,17,3,Average product selection,2021-10-21
3017,3225,3,5,Good prices during promotion,2024-06-19
3018,2492,22,4,Fast checkout and friendly advice,2021-12-09
3019,8636,22,5,Loved the indoor plant variety,2025-06-23
3020,9519,5,4,Fast checkout and friendly advice,2021-05-28
3021,2882,7,3,Average product selection,2021-04-23
3022,13729,14,3,Some items were out of stock,2024-10-15
3023,14326,1,4,Helpful staff and healthy plants,2025-07-23
3024,11546,18,5,Fast checkout and friendly advice,2022-11-22
3025,5852,3,3,Prices were a bit high,2023-05-23
3026,5578,10,4,Fast checkout and friendly advice,2021-06-04
3027,10729,5,4,Fast checkout and friendly advice,2023-12-16
3028,10203,12,5,Loved the indoor plant variety,2024-05-13
3029,13772,23,4,Great selection and clean store,2025-04-08
3030,12322,19,4,Helpful staff and healthy plants,2024-06-25
3031,13499,22,4,Helpful staff and healthy plants,2022-08-20
3032,12838,4,5,Helpful staff and healthy plants,2025-11-13
3033,2750,17,5,Great selection and clean store,2024-05-11
3034,12494,2,2,Long wait and limited stock,2022-06-01
3035,9655,25,3,Prices were a bit high,2022-03-03
3036,5517,16,3,Some items were out of stock,2022-08-03
3037,11556,6,3,Prices were a bit high,2025-03-23
3038,12017,4,3,Prices were a bit high,2024-07-21
3039,4470,18,2,Competitor had better price,2022-01-12
3040,12538,7,3,Some items were out of stock,2024-10-17
3041,5828,17,4,Great selection and clean store,2022-06-28
3042,3536,16,5,Loved the indoor plant variety,2023-10-15
3043,2599,24,4,Loved the indoor plant variety,2023-11-01
3044,3149,22,3,Prices were a bit high,2021-02-27
3045,14398,11,3,Prices were a bit high,2021-05-23
3046,13176,19,3,Store was busy but okay,2021-06-26
3047,240,19,4,Fast checkout and friendly advice,2024-11-20
3048,14524,4,4,Helpful staff and healthy plants,2023-09-26
3049,12159,14,4,Good prices during promotion,2021-07-04
3050,2282,12,4,Good prices during promotion,2022-10-28
3051,7863,14,3,Prices were a bit high,2024-03-21
3052,4417,21,2,Discount was confusing,2024-11-08
3053,13566,18,3,Store was busy but okay,2025-09-20
3054,424,9,4,Great selection and clean store,2024-05-14
3055,12367,2,3,Decent experience overall,2022-01-24
3056,343,18,4,Helpful staff and healthy plants,2025-06-16
3057,14897,10,5,Helpful staff and healthy plants,2024-11-14
3058,3591,5,3,Prices were a bit high,2021-11-07
3059,11833,15,4,Fast checkout and friendly advice,2022-02-04
3060,14193,1,5,Fast checkout and friendly advice,2024-06-28
3061,1828,5,3,Prices were a bit high,2021-08-05
3062,1986,1,3,Decent experience overall,2023-03-25
3063,4648,2,4,Helpful staff and healthy plants,2025-12-11
3064,13942,25,3,Some items were out of stock,2021-03-26
3065,2106,5,4,Helpful staff and healthy plants,2022-05-16
3066,14804,20,4,Loved the indoor plant variety,2022-11-15
3067,12729,17,5,Helpful staff and healthy plants,2021-12-08
3068,8736,24,4,Helpful staff and healthy plants,2024-12-16
3069,12047,6,3,Decent experience overall,2021-05-09
3070,7667,15,3,Decent experience overall,2022-05-11
3071,10602,15,3,Some items were out of stock,2021-06-12
3072,8189,14,4,Helpful staff and healthy plants,2022-11-24
3073,4582,7,5,Loved the indoor plant variety,2022-04-09
3074,6431,18,3,Prices were a bit high,2021-05-16
3075,1284,12,4,Helpful staff and healthy plants,2024-08-16
3076,7440,23,4,Fast checkout and friendly advice,2024-08-26
3077,7027,9,5,Good prices during promotion,2021-05-02
3078,5532,16,3,Store was busy but okay,2022-05-14
3079,7160,15,4,Fast checkout and friendly advice,2021-07-26
3080,2464,1,5,Great selection and clean store,2023-06-06
3081,1870,19,5,Helpful staff and healthy plants,2024-09-15
3082,10517,15,5,Helpful staff and healthy plants,2023-04-08
3083,7536,12,3,Store was busy but okay,2021-04-18
3084,10951,24,3,Average product selection,2023-09-21
3085,2412,15,4,Loved the indoor plant variety,2023-02-24
3086,10204,16,4,Helpful staff and healthy plants,2021-03-21
3087,2646,13,4,Great selection and clean store,2023-05-09
3088,2577,16,4,Fast checkout and friendly advice,2025-05-13
3089,1263,3,5,Helpful staff and healthy plants,2022-05-22
3090,2734,4,4,Loved the indoor plant variety,2025-05-12
3091,6921,11,3,Decent experience overall,2022-12-04
3092,2134,3,5,Great selection and clean store,2025-09-11
3093,10708,24,4,Good prices during promotion,2022-10-17
3094,6914,11,4,Loved the indoor plant variety,2022-05-16
3095,1512,1,3,Prices were a bit high,2023-04-04
3096,11569,13,4,Good prices during promotion,2025-01-28
3097,10243,5,4,Helpful staff and healthy plants,2023-05-10
3098,8119,25,4,Good prices during promotion,2021-01-28
3099,597,1,4,Good prices during promotion,2022-12-28
3100,2118,5,5,Fast checkout and friendly advice,2023-03-10
3101,1780,1,3,Average product selection,2024-11-15
3102,14229,15,2,Plant quality was disappointing,2023-05-26
3103,629,1,4,Loved the indoor plant variety,2021-12-28
3104,4814,10,4,Great selection and clean store,2025-05-15
3105,501,25,4,Loved the indoor plant variety,2024-11-15
3106,9199,1,4,Good prices during promotion,2024-12-05
3107,9460,12,3,Prices were a bit high,2022-07-23
3108,12724,15,4,Good prices during promotion,2023-08-01
3109,6716,8,4,Fast checkout and friendly advice,2023-05-11
3110,6616,1,5,Fast checkout and friendly advice,2021-12-01
3111,5122,15,4,Great selection and clean store,2021-06-22
3112,14098,15,5,Loved the indoor plant variety,2025-04-08
3113,8348,15,4,Helpful staff and healthy plants,2024-05-17
3114,13223,20,5,Good prices during promotion,2024-09-03
3115,14845,17,3,Store was busy but okay,2024-04-05
3116,9830,12,2,Competitor had better price,2022-04-17
3117,8002,17,5,Helpful staff and healthy plants,2024-05-26
3118,12300,17,3,Decent experience overall,2023-05-23
3119,4476,21,5,Loved the indoor plant variety,2021-10-04
3120,994,14,3,Store was busy but okay,2025-07-19
3121,5135,18,4,Fast checkout and friendly advice,2025-03-28
3122,6766,19,4,Good prices during promotion,2022-03-27
3123,8564,24,4,Great selection and clean store,2023-05-16
3124,12930,6,3,Some items were out of stock,2024-05-03
3125,6400,21,4,Good prices during promotion,2024-07-18
3126,5136,14,3,Decent experience overall,2022-05-21
3127,1553,12,4,Loved the indoor plant variety,2021-07-07
3128,3810,10,5,Loved the indoor plant variety,2023-04-11
3129,14684,14,5,Great selection and clean store,2021-12-25
3130,11739,24,2,Could not find what I needed,2022-10-13
3131,6509,19,4,Fast checkout and friendly advice,2024-07-27
3132,6605,13,5,Fast checkout and friendly advice,2021-04-04
3133,1895,9,4,Good prices during promotion,2021-01-09
3134,3229,1,3,Prices were a bit high,2023-01-25
3135,6617,5,5,Loved the indoor plant variety,2024-10-03
3136,3394,17,4,Great selection and clean store,2023-12-09
3137,4518,7,4,Good prices during promotion,2023-08-28
3138,10469,1,4,Loved the indoor plant variety,2021-10-27
3139,1248,15,5,Loved the indoor plant variety,2021-10-09
3140,12990,9,4,Great selection and clean store,2024-04-19
3141,3186,17,5,Fast checkout and friendly advice,2021-03-12
3142,11672,19,3,Prices were a bit high,2024-03-25
3143,1534,18,5,Good prices during promotion,2024-09-19
3144,1415,14,3,Average product selection,2024-08-27
3145,3710,8,5,Helpful staff and healthy plants,2021-06-23
3146,419,8,4,Fast checkout and friendly advice,2022-03-07
3147,2793,15,3,Average product selection,2021-05-10
3148,5833,2,5,Helpful staff and healthy plants,2021-06-22
3149,13488,25,5,Helpful staff and healthy plants,2021-01-08
3150,8070,15,3,Store was busy but okay,2021-06-20
3151,11854,12,2,Plant quality was disappointing,2025-05-21
3152,14891,22,4,Helpful staff and healthy plants,2024-10-23
3153,10718,22,4,Good prices during promotion,2024-05-04
3154,6651,23,4,Great selection and clean store,2021-10-02
3155,9784,3,3,Decent experience overall,2022-10-05
3156,14531,23,4,Fast checkout and friendly advice,2022-11-26
3157,8704,16,3,Decent experience overall,2025-04-13
3158,10735,16,4,Good prices during promotion,2024-09-18
3159,6177,14,5,Good prices during promotion,2023-10-03
3160,2903,3,4,Loved the indoor plant variety,2022-12-07
3161,3981,14,5,Good prices during promotion,2022-10-19
3162,3434,11,5,Good prices during promotion,2021-09-16
3163,8389,23,3,Average product selection,2021-10-08
3164,1313,23,3,Average product selection,2022-03-23
3165,9096,16,4,Fast checkout and friendly advice,2024-12-12
3166,6535,13,3,Store was busy but okay,2022-04-07
3167,11802,23,4,Great selection and clean store,2024-11-28
3168,12247,2,2,Long wait and limited stock,2023-11-13
3169,1905,14,3,Store was busy but okay,2025-01-04
3170,1143,21,4,Helpful staff and healthy plants,2024-02-05
3171,8475,15,5,Great selection and clean store,2025-05-25
3172,10618,12,4,Loved the indoor plant variety,2024-04-02
3173,4258,10,3,Store was busy but okay,2022-03-12
3174,8630,3,3,Store was busy but okay,2024-07-08
3175,5786,2,5,Great selection and clean store,2021-04-04
3176,13652,13,4,Helpful staff and healthy plants,2024-03-26
3177,10423,8,4,Loved the indoor plant variety,2023-10-23
3178,438,12,4,Good prices during promotion,2023-05-19
3179,3015,5,5,Helpful staff and healthy plants,2023-08-09
3180,9430,21,4,Helpful staff and healthy plants,2023-12-26
3181,540,16,5,Good prices during promotion,2022-08-03
3182,6324,20,4,Good prices during promotion,2024-01-10
3183,5792,1,4,Fast checkout and friendly advice,2021-11-24
3184,6100,13,3,Decent experience overall,2022-12-28
3185,3975,20,4,Loved the indoor plant variety,2025-04-01
3186,14757,25,3,Store was busy but okay,2025-05-20
3187,14613,21,2,Long wait and limited stock,2023-12-04
3188,5703,4,4,Loved the indoor plant variety,2023-09-16
3189,13160,4,3,Some items were out of stock,2021-05-08
3190,8327,9,4,Helpful staff and healthy plants,2025-07-18
3191,11806,3,4,Good prices during promotion,2024-01-18
3192,1570,5,3,Prices were a bit high,2024-09-26
3193,6603,10,3,Average product selection,2024-04-25
3194,482,6,4,Loved the indoor plant variety,2023-08-05
3195,10248,14,3,Some items were out of stock,2022-01-06
3196,2632,18,5,Fast checkout and friendly advice,2021-06-08
3197,6913,17,4,Fast checkout and friendly advice,2024-10-17
3198,11985,7,4,Loved the indoor plant variety,2024-11-13
3199,10814,7,3,Store was busy but okay,2025-01-16
3200,13338,4,4,Fast checkout and friendly advice,2022-09-27
3201,5327,4,3,Store was busy but okay,2023-11-26
3202,12851,4,4,Good prices during promotion,2024-09-16
3203,8157,5,4,Loved the indoor plant variety,2022-09-28
3204,6402,24,3,Average product selection,2022-05-27
3205,1013,4,4,Fast checkout and friendly advice,2025-08-07
3206,12701,16,3,Average product selection,2024-10-18
3207,1852,6,3,Some items were out of stock,2023-03-08
3208,4480,24,3,Some items were out of stock,2022-09-16
3209,4026,4,4,Loved the indoor plant variety,2021-12-04
3210,3418,3,3,Some items were out of stock,2024-03-09
3211,8792,8,4,Helpful staff and healthy plants,2023-03-09
3212,14853,20,5,Good prices during promotion,2021-04-26
3213,5680,10,4,Helpful staff and healthy plants,2025-11-07
3214,5251,3,4,Helpful staff and healthy plants,2022-07-17
3215,2078,12,3,Some items were out of stock,2021-06-21
3216,11395,7,5,Good prices during promotion,2023-12-18
3217,1062,3,3,Prices were a bit high,2023-10-25
3218,13843,18,4,Great selection and clean store,2023-12-26
3219,6765,5,4,Good prices during promotion,2025-06-15
3220,10024,25,4,Good prices during promotion,2025-01-04
3221,7489,24,3,Store was busy but okay,2021-03-01
3222,31,13,4,Fast checkout and friendly advice,2022-12-12
3223,7235,17,3,Some items were out of stock,2022-03-28
3224,3120,22,4,Good prices during promotion,2022-04-24
3225,8893,24,3,Decent experience overall,2022-05-01
3226,12095,6,4,Great selection and clean store,2024-03-18
3227,1034,19,4,Loved the indoor plant variety,2021-11-19
3228,10159,6,2,Could not find what I needed,2021-06-11
3229,12079,19,3,Average product selection,2021-07-01
3230,12626,21,4,Fast checkout and friendly advice,2025-08-17
3231,8953,15,3,Some items were out of stock,2021-10-19
3232,390,25,4,Loved the indoor plant variety,2025-03-14
3233,3633,4,4,Great selection and clean store,2021-03-20
3234,14984,7,4,Good prices during promotion,2025-04-13
3235,3464,5,5,Fast checkout and friendly advice,2025-07-15
3236,11969,17,4,Fast checkout and friendly advice,2022-11-27
3237,2017,15,4,Helpful staff and healthy plants,2024-12-13
3238,8184,22,5,Good prices during promotion,2021-06-21
3239,3462,12,4,Loved the indoor plant variety,2021-04-07
3240,6071,18,3,Prices were a bit high,2021-05-27
3241,8933,7,4,Helpful staff and healthy plants,2023-02-09
3242,13261,12,5,Great selection and clean store,2022-05-05
3243,5258,22,3,Decent experience overall,2022-05-18
3244,3952,4,4,Helpful staff and healthy plants,2025-08-24
3245,2007,18,4,Good prices during promotion,2021-08-05
3246,3894,3,4,Helpful staff and healthy plants,2024-05-18
3247,2811,21,5,Loved the indoor plant variety,2025-01-15
3248,12727,4,3,Prices were a bit high,2021-08-19
3249,8430,9,4,Good prices during promotion,2025-07-21
3250,3871,11,5,Loved the indoor plant variety,2025-09-08
3251,4782,14,4,Fast checkout and friendly advice,2025-10-24
3252,10969,14,4,Fast checkout and friendly advice,2025-04-27
3253,7587,9,3,Decent experience overall,2024-05-15
3254,10877,18,5,Fast checkout and friendly advice,2021-03-24
3255,1087,15,4,Loved the indoor plant variety,2021-03-27
3256,14241,7,4,Helpful staff and healthy plants,2024-04-13
3257,10519,25,3,Some items were out of stock,2024-12-02
3258,6749,12,3,Some items were out of stock,2022-03-23
3259,6277,15,4,Fast checkout and friendly advice,2022-12-02
3260,9027,1,4,Good prices during promotion,2021-01-01
3261,10473,20,2,Could not find what I needed,2025-04-25
3262,6079,1,4,Good prices during promotion,2022-04-21
3263,14722,8,4,Helpful staff and healthy plants,2023-02-25
3264,10276,14,2,Competitor had better price,2021-07-14
3265,2064,3,4,Loved the indoor plant variety,2023-06-01
3266,12831,11,4,Good prices during promotion,2024-01-19
3267,1693,23,4,Loved the indoor plant variety,2024-11-08
3268,10214,4,4,Great selection and clean store,2021-11-13
3269,2900,8,3,Some items were out of stock,2022-05-27
3270,8741,2,4,Fast checkout and friendly advice,2025-04-28
3271,3103,11,4,Loved the indoor plant variety,2023-11-12
3272,9837,18,3,Store was busy but okay,2023-02-19
3273,2746,19,5,Loved the indoor plant variety,2021-12-02
3274,9654,2,4,Good prices during promotion,2025-04-16
3275,12116,23,3,Store was busy but okay,2024-11-11
3276,9981,21,4,Great selection and clean store,2025-04-15
3277,2486,23,4,Good prices during promotion,2025-05-12
3278,6841,3,4,Loved the indoor plant variety,2023-06-22
3279,926,14,3,Average product selection,2025-01-06
3280,1617,18,5,Good prices during promotion,2022-07-18
3281,6797,25,4,Great selection and clean store,2024-01-10
3282,14305,10,3,Average product selection,2021-06-13
3283,2647,20,3,Average product selection,2023-02-27
3284,5260,6,5,Fast checkout and friendly advice,2021-12-04
3285,5449,4,3,Prices were a bit high,2022-05-17
3286,13527,22,4,Fast checkout and friendly advice,2024-08-06
3287,7424,19,3,Store was busy but okay,2024-08-27
3288,13458,22,5,Helpful staff and healthy plants,2024-02-23
3289,8370,8,3,Average product selection,2022-06-11
3290,3272,5,5,Good prices during promotion,2021-03-16
3291,5954,1,3,Average product selection,2023-03-19
3292,5242,1,4,Fast checkout and friendly advice,2021-05-09
3293,11909,19,4,Helpful staff and healthy plants,2022-09-08
3294,4040,3,5,Fast checkout and friendly advice,2021-08-03
3295,5206,6,3,Average product selection,2025-03-11
3296,1410,14,4,Great selection and clean store,2022-09-22
3297,13910,24,4,Great selection and clean store,2023-02-05
3298,3179,6,3,Prices were a bit high,2023-12-25
3299,10365,3,3,Average product selection,2024-08-09
3300,8411,25,4,Loved the indoor plant variety,2025-09-28
3301,10414,20,3,Store was busy but okay,2025-01-12
3302,9875,18,4,Good prices during promotion,2021-04-05
3303,7466,12,3,Some items were out of stock,2022-05-16
3304,7038,20,4,Helpful staff and healthy plants,2023-07-22
3305,11204,18,3,Average product selection,2022-01-10
3306,13288,24,4,Helpful staff and healthy plants,2021-07-12
3307,7421,19,4,Helpful staff and healthy plants,2024-03-21
3308,2828,1,4,Helpful staff and healthy plants,2025-08-27
3309,4758,13,3,Average product selection,2021-08-28
3310,6138,11,5,Good prices during promotion,2022-02-16
3311,5736,6,5,Good prices during promotion,2025-05-28
3312,10931,22,3,Average product selection,2022-08-16
3313,6558,1,5,Fast checkout and friendly advice,2022-10-25
3314,12929,20,4,Helpful staff and healthy plants,2024-06-10
3315,2826,5,5,Great selection and clean store,2024-10-26
3316,3132,19,4,Fast checkout and friendly advice,2024-04-08
3317,14937,18,4,Good prices during promotion,2025-05-23
3318,5694,12,2,Long wait and limited stock,2024-03-21
3319,5287,4,4,Loved the indoor plant variety,2024-01-04
3320,4544,8,4,Great selection and clean store,2025-06-06
3321,9376,6,3,Prices were a bit high,2023-04-17
3322,12885,15,4,Loved the indoor plant variety,2021-12-27
3323,754,9,4,Fast checkout and friendly advice,2021-08-17
3324,10115,12,3,Some items were out of stock,2025-07-18
3325,13311,8,5,Good prices during promotion,2025-05-02
3326,5375,1,4,Good prices during promotion,2025-05-03
3327,5761,13,4,Loved the indoor plant variety,2024-07-26
3328,11490,1,4,Loved the indoor plant variety,2021-08-27
3329,8722,2,3,Store was busy but okay,2024-08-23
3330,8095,4,3,Store was busy but okay,2023-06-06
3331,6882,20,4,Helpful staff and healthy plants,2025-01-21
3332,5873,2,4,Good prices during promotion,2021-08-14
3333,13222,18,4,Loved the indoor plant variety,2021-09-19
3334,8207,19,4,Loved the indoor plant variety,2021-03-11
3335,1019,14,2,Discount was confusing,2022-07-27
3336,12087,12,4,Good prices during promotion,2025-09-14
3337,2179,9,3,Prices were a bit high,2021-07-23
3338,2227,16,4,Helpful staff and healthy plants,2022-08-01
3339,1613,22,4,Fast checkout and friendly advice,2022-10-24
3340,11212,23,3,Some items were out of stock,2024-01-14
3341,9662,11,2,Could not find what I needed,2021-12-11
3342,8461,20,4,Good prices during promotion,2024-12-18
3343,10860,23,4,Loved the indoor plant variety,2022-09-14
3344,6463,12,4,Fast checkout and friendly advice,2024-05-15
3345,5276,18,4,Loved the indoor plant variety,2021-01-11
3346,7013,1,4,Loved the indoor plant variety,2022-10-24
3347,14695,10,4,Good prices during promotion,2024-03-05
3348,9548,19,4,Good prices during promotion,2025-11-12
3349,2921,11,5,Loved the indoor plant variety,2021-04-14
3350,8879,18,3,Store was busy but okay,2025-07-20
3351,5358,18,4,Fast checkout and friendly advice,2021-05-23
3352,5171,18,3,Average product selection,2025-05-17
3353,14946,5,4,Good prices during promotion,2022-10-02
3354,10898,18,3,Some items were out of stock,2024-09-22
3355,12303,3,5,Loved the indoor plant variety,2024-04-21
3356,13101,20,5,Good prices during promotion,2025-04-12
3357,2073,16,4,Loved the indoor plant variety,2023-01-03
3358,3091,22,5,Fast checkout and friendly advice,2025-05-24
3359,13,6,4,Loved the indoor plant variety,2022-09-28
3360,3770,5,4,Helpful staff and healthy plants,2023-08-19
3361,11471,11,4,Fast checkout and friendly advice,2023-01-23
3362,5413,3,4,Helpful staff and healthy plants,2022-04-02
3363,10053,17,5,Good prices during promotion,2023-04-17
3364,6012,2,4,Loved the indoor plant variety,2022-12-10
3365,8125,24,5,Loved the indoor plant variety,2021-09-03
3366,13899,3,5,Great selection and clean store,2024-08-21
3367,4314,25,5,Great selection and clean store,2022-12-22
3368,9673,15,5,Good prices during promotion,2021-07-13
3369,2028,25,5,Great selection and clean store,2025-03-13
3370,10124,4,5,Fast checkout and friendly advice,2022-07-02
3371,9310,12,3,Decent experience overall,2023-07-05
3372,14264,14,4,Loved the indoor plant variety,2024-11-11
3373,4250,14,4,Loved the indoor plant variety,2022-05-21
3374,7096,21,5,Helpful staff and healthy plants,2024-04-04
3375,1752,15,5,Fast checkout and friendly advice,2023-11-24
3376,1085,3,5,Good prices during promotion,2024-08-22
3377,3082,9,3,Decent experience overall,2023-12-10
3378,10592,22,4,Good prices during promotion,2025-03-04
3379,2279,8,4,Great selection and clean store,2023-05-14
3380,4997,19,4,Loved the indoor plant variety,2024-07-03
3381,8760,20,4,Great selection and clean store,2021-05-01
3382,11525,11,3,Average product selection,2021-07-16
3383,5831,5,4,Fast checkout and friendly advice,2022-12-18
3384,10947,24,3,Decent experience overall,2021-08-10
3385,6745,10,4,Loved the indoor plant variety,2023-10-14
3386,5176,1,4,Good prices during promotion,2022-08-08
3387,10291,16,3,Average product selection,2024-02-09
3388,13496,13,4,Helpful staff and healthy plants,2022-10-25
3389,2597,10,2,Competitor had better price,2021-04-01
3390,204,12,3,Some items were out of stock,2025-03-20
3391,3301,18,5,Fast checkout and friendly advice,2021-04-17
3392,8931,20,2,Long wait and limited stock,2021-10-08
3393,14235,21,3,Average product selection,2024-11-16
3394,3686,7,3,Store was busy but okay,2024-01-08
3395,618,3,3,Decent experience overall,2025-09-20
3396,1891,8,5,Good prices during promotion,2022-12-15
3397,3136,22,3,Average product selection,2024-02-25
3398,6165,17,3,Average product selection,2021-12-08
3399,1141,7,3,Average product selection,2025-03-16
3400,7132,20,4,Loved the indoor plant variety,2024-01-03
3401,3570,8,5,Great selection and clean store,2021-11-13
3402,10101,23,5,Loved the indoor plant variety,2022-04-24
3403,13405,7,4,Helpful staff and healthy plants,2024-02-21
3404,9145,16,4,Fast checkout and friendly advice,2025-12-19
3405,13477,9,5,Good prices during promotion,2021-01-20
3406,11769,3,4,Fast checkout and friendly advice,2024-05-14
3407,4768,11,4,Great selection and clean store,2025-09-24
3408,11286,18,5,Good prices during promotion,2021-04-15
3409,9544,2,4,Loved the indoor plant variety,2025-07-24
3410,10181,9,4,Fast checkout and friendly advice,2025-12-28
3411,8448,2,4,Loved the indoor plant variety,2022-07-04
3412,13212,6,4,Good prices during promotion,2024-10-19
3413,13185,12,3,Store was busy but okay,2024-11-20
3414,8198,1,3,Store was busy but okay,2025-04-07
3415,6898,11,3,Decent experience overall,2025-07-16
3416,1773,20,4,Great selection and clean store,2023-04-13
3417,3796,7,4,Good prices during promotion,2024-08-18
3418,178,15,3,Prices were a bit high,2023-04-11
3419,5535,19,5,Good prices during promotion,2025-06-26
3420,2866,9,4,Loved the indoor plant variety,2022-10-07
3421,12383,18,4,Good prices during promotion,2021-01-05
3422,3623,11,4,Helpful staff and healthy plants,2021-11-24
3423,3559,4,4,Good prices during promotion,2023-02-14
3424,9102,6,4,Great selection and clean store,2023-12-14
3425,9489,18,3,Decent experience overall,2023-05-21
3426,12112,15,3,Average product selection,2022-07-23
3427,3230,8,4,Great selection and clean store,2024-12-27
3428,6610,23,3,Average product selection,2025-07-21
3429,3832,18,4,Good prices during promotion,2023-05-05
3430,9026,20,3,Decent experience overall,2023-05-01
3431,13629,10,3,Store was busy but okay,2024-10-28
3432,4100,17,5,Loved the indoor plant variety,2023-05-06
3433,4304,21,4,Good prices during promotion,2022-05-04
3434,6350,10,3,Average product selection,2024-06-11
3435,6688,16,5,Fast checkout and friendly advice,2025-09-10
3436,5203,4,3,Average product selection,2022-12-19
3437,14843,4,4,Fast checkout and friendly advice,2023-11-13
3438,13927,2,3,Average product selection,2024-12-01
3439,12259,21,3,Decent experience overall,2024-08-26
3440,3681,14,5,Fast checkout and friendly advice,2024-07-04
3441,12211,24,3,Average product selection,2023-08-07
3442,4476,24,4,Good prices during promotion,2023-08-20
3443,1460,16,4,Great selection and clean store,2021-03-22
3444,6933,1,4,Fast checkout and friendly advice,2023-04-16
3445,9006,7,3,Average product selection,2023-04-24
3446,4261,23,4,Great selection and clean store,2023-11-16
3447,1829,4,4,Fast checkout and friendly advice,2024-04-23
3448,3789,7,5,Fast checkout and friendly advice,2021-04-13
3449,1075,1,4,Loved the indoor plant variety,2021-10-15
3450,5307,7,4,Great selection and clean store,2024-12-03
3451,2243,19,4,Helpful staff and healthy plants,2025-04-22
3452,2347,11,4,Good prices during promotion,2025-11-26
3453,335,15,4,Fast checkout and friendly advice,2021-09-18
3454,414,22,2,Plant quality was disappointing,2023-09-07
3455,6358,8,4,Fast checkout and friendly advice,2024-09-01
3456,6326,1,4,Loved the indoor plant variety,2024-08-13
3457,11010,14,5,Loved the indoor plant variety,2025-08-08
3458,12078,12,2,Could not find what I needed,2025-01-14
3459,12082,3,4,Fast checkout and friendly advice,2024-04-13
3460,10156,15,4,Helpful staff and healthy plants,2021-03-04
3461,11308,14,3,Store was busy but okay,2022-11-25
3462,2602,25,3,Average product selection,2025-12-02
3463,9528,22,4,Great selection and clean store,2024-11-19
3464,1123,14,2,Long wait and limited stock,2024-12-19
3465,294,20,3,Average product selection,2022-11-13
3466,6777,23,4,Great selection and clean store,2022-09-10
3467,5895,20,5,Good prices during promotion,2022-09-06
3468,1260,24,4,Good prices during promotion,2025-10-15
3469,359,2,3,Some items were out of stock,2021-03-26
3470,1735,17,4,Fast checkout and friendly advice,2022-04-13
3471,3746,22,5,Loved the indoor plant variety,2023-03-02
3472,7531,24,3,Prices were a bit high,2021-05-25
3473,1336,24,4,Good prices during promotion,2025-11-24
3474,11784,1,3,Average product selection,2021-09-13
3475,653,15,5,Fast checkout and friendly advice,2021-10-24
3476,4793,16,4,Fast checkout and friendly advice,2025-05-25
3477,1834,14,3,Some items were out of stock,2024-10-07
3478,14952,7,5,Helpful staff and healthy plants,2022-04-24
3479,4783,6,3,Some items were out of stock,2025-11-05
3480,5980,17,4,Great selection and clean store,2025-09-14
3481,11930,3,4,Great selection and clean store,2021-08-07
3482,13335,4,5,Fast checkout and friendly advice,2022-08-17
3483,2434,21,3,Some items were out of stock,2021-03-14
3484,3619,9,4,Loved the indoor plant variety,2021-10-03
3485,3208,13,4,Loved the indoor plant variety,2025-10-11
3486,5972,6,5,Good prices during promotion,2023-11-27
3487,11755,18,3,Prices were a bit high,2022-02-16
3488,628,25,3,Prices were a bit high,2025-12-28
3489,8359,25,4,Good prices during promotion,2022-07-19
3490,9456,11,4,Great selection and clean store,2023-02-06
3491,14758,24,4,Fast checkout and friendly advice,2023-04-08
3492,7028,16,3,Average product selection,2022-03-13
3493,1228,23,5,Good prices during promotion,2025-09-12
3494,12053,22,3,Store was busy but okay,2023-04-26
3495,1281,15,4,Helpful staff and healthy plants,2023-03-28
3496,13490,15,4,Fast checkout and friendly advice,2024-07-05
3497,2229,17,4,Fast checkout and friendly advice,2023-06-09
3498,1764,20,4,Loved the indoor plant variety,2023-03-17
3499,8353,17,4,Fast checkout and friendly advice,2025-12-01
3500,13415,8,3,Average product selection,2022-10-20
3501,12767,2,5,Fast checkout and friendly advice,2024-11-17
3502,12951,6,3,Store was busy but okay,2025-10-04
3503,8498,5,5,Loved the indoor plant variety,2021-08-15
3504,151,2,4,Helpful staff and healthy plants,2025-02-08
3505,1913,14,3,Average product selection,2025-11-05
3506,3653,25,5,Helpful staff and healthy plants,2021-03-28
3507,5047,6,2,Plant quality was disappointing,2025-04-14
3508,8419,20,4,Helpful staff and healthy plants,2023-12-24
3509,2711,12,5,Fast checkout and friendly advice,2024-10-01
3510,11080,11,4,Loved the indoor plant variety,2024-08-06
3511,12631,18,3,Some items were out of stock,2023-10-22
3512,12395,5,5,Helpful staff and healthy plants,2022-04-26
3513,4327,9,3,Store was busy but okay,2023-05-12
3514,5565,2,4,Great selection and clean store,2022-03-22
3515,592,20,5,Loved the indoor plant variety,2025-06-22
3516,3611,15,3,Average product selection,2023-03-19
3517,5749,24,4,Good prices during promotion,2023-11-13
3518,7353,17,4,Great selection and clean store,2025-07-08
3519,10404,17,3,Some items were out of stock,2023-04-11
3520,5714,9,4,Loved the indoor plant variety,2024-08-13
3521,5332,5,4,Good prices during promotion,2024-04-13
3522,11075,25,4,Great selection and clean store,2023-05-15
3523,14139,3,2,Plant quality was disappointing,2021-02-08
3524,12174,5,4,Loved the indoor plant variety,2021-09-27
3525,12327,12,4,Fast checkout and friendly advice,2021-12-12
3526,833,2,4,Fast checkout and friendly advice,2023-05-17
3527,3536,19,5,Fast checkout and friendly advice,2023-07-15
3528,7537,1,4,Loved the indoor plant variety,2025-06-23
3529,14920,22,4,Loved the indoor plant variety,2024-12-08
3530,6662,15,5,Fast checkout and friendly advice,2024-03-12
3531,2991,1,3,Decent experience overall,2023-02-08
3532,14159,9,3,Decent experience overall,2025-05-07
3533,2610,17,4,Fast checkout and friendly advice,2024-12-14
3534,12187,19,3,Prices were a bit high,2021-07-25
3535,5697,10,3,Prices were a bit high,2025-08-03
3536,321,19,5,Loved the indoor plant variety,2022-12-08
3537,14370,4,5,Good prices during promotion,2021-09-17
3538,10945,23,3,Decent experience overall,2025-05-12
3539,9845,22,4,Fast checkout and friendly advice,2022-05-25
3540,10744,7,4,Loved the indoor plant variety,2023-09-27
3541,11839,24,4,Helpful staff and healthy plants,2024-09-24
3542,3192,7,3,Average product selection,2022-03-15
3543,3910,8,1,Plant quality was disappointing,2023-07-13
3544,14084,22,3,Average product selection,2021-07-18
3545,9768,13,4,Loved the indoor plant variety,2025-08-14
3546,12321,14,4,Loved the indoor plant variety,2021-07-25
3547,9172,2,5,Fast checkout and friendly advice,2023-06-05
3548,9481,6,3,Average product selection,2025-06-26
3549,13489,24,2,Discount was confusing,2025-02-24
3550,12307,25,4,Fast checkout and friendly advice,2024-08-12
3551,9120,5,4,Loved the indoor plant variety,2022-04-19
3552,12258,9,4,Fast checkout and friendly advice,2024-07-06
3553,7034,13,5,Great selection and clean store,2025-03-28
3554,1130,21,4,Good prices during promotion,2021-03-18
3555,10594,4,4,Fast checkout and friendly advice,2024-05-13
3556,13781,4,3,Prices were a bit high,2022-07-15
3557,3265,22,2,Discount was confusing,2021-05-02
3558,4014,14,3,Average product selection,2024-10-03
3559,12116,4,4,Loved the indoor plant variety,2024-01-04
3560,7500,19,2,Plant quality was disappointing,2022-04-23
3561,13739,7,5,Fast checkout and friendly advice,2025-02-07
3562,9725,22,2,Competitor had better price,2023-07-03
3563,10748,25,3,Store was busy but okay,2023-06-05
3564,4641,21,3,Decent experience overall,2025-11-18
3565,6268,21,4,Fast checkout and friendly advice,2021-11-11
3566,4503,21,4,Great selection and clean store,2023-03-24
3567,6234,3,5,Fast checkout and friendly advice,2024-06-16
3568,4552,22,3,Average product selection,2025-04-13
3569,2358,1,4,Fast checkout and friendly advice,2021-10-03
3570,7995,4,3,Decent experience overall,2021-03-24
3571,5781,4,4,Great selection and clean store,2024-03-03
3572,4640,7,4,Good prices during promotion,2022-05-02
3573,13,17,3,Average product selection,2023-06-02
3574,6881,8,4,Good prices during promotion,2024-06-01
3575,8538,4,3,Some items were out of stock,2022-12-07
3576,11736,5,3,Decent experience overall,2021-05-17
3577,6412,12,3,Decent experience overall,2025-03-22
3578,11047,13,4,Fast checkout and friendly advice,2022-05-19
3579,4678,7,5,Great selection and clean store,2022-12-01
3580,7398,20,4,Helpful staff and healthy plants,2025-06-25
3581,12566,5,4,Great selection and clean store,2021-05-07
3582,7402,15,3,Store was busy but okay,2024-11-26
3583,11325,24,4,Great selection and clean store,2025-12-04
3584,14706,4,5,Fast checkout and friendly advice,2025-12-06
3585,11142,18,3,Store was busy but okay,2025-12-20
3586,10242,15,3,Prices were a bit high,2021-05-12
3587,4408,19,4,Loved the indoor plant variety,2024-04-25
3588,7233,13,4,Helpful staff and healthy plants,2023-11-05
3589,14173,10,4,Helpful staff and healthy plants,2025-09-14
3590,2055,16,3,Prices were a bit high,2023-03-09
3591,5523,23,5,Fast checkout and friendly advice,2025-04-20
3592,7104,13,4,Great selection and clean store,2021-12-03
3593,1043,16,4,Loved the indoor plant variety,2022-11-21
3594,14113,19,3,Prices were a bit high,2021-12-15
3595,7561,22,3,Average product selection,2025-09-02
3596,5200,1,4,Good prices during promotion,2023-05-26
3597,14885,3,4,Great selection and clean store,2024-05-09
3598,2874,1,4,Great selection and clean store,2022-12-27
3599,8709,17,3,Some items were out of stock,2023-04-16
3600,2594,23,5,Fast checkout and friendly advice,2023-11-04
3601,2487,22,5,Helpful staff and healthy plants,2021-06-01
3602,6356,20,5,Good prices during promotion,2021-04-23
3603,12985,5,5,Loved the indoor plant variety,2023-04-13
3604,14007,11,3,Prices were a bit high,2021-09-28
3605,12259,21,3,Average product selection,2022-11-17
3606,8496,23,4,Good prices during promotion,2023-12-26
3607,3954,11,5,Loved the indoor plant variety,2024-04-17
3608,2121,1,4,Helpful staff and healthy plants,2021-01-21
3609,14210,11,4,Helpful staff and healthy plants,2022-09-20
3610,6378,3,3,Some items were out of stock,2021-07-01
3611,164,20,3,Prices were a bit high,2021-06-26
3612,2479,19,5,Helpful staff and healthy plants,2022-03-27
3613,6738,25,5,Good prices during promotion,2024-04-15
3614,9123,16,5,Helpful staff and healthy plants,2025-11-27
3615,5397,15,4,Loved the indoor plant variety,2025-05-03
3616,1450,1,5,Good prices during promotion,2022-05-01
3617,6131,1,4,Great selection and clean store,2022-05-28
3618,14428,5,5,Helpful staff and healthy plants,2023-12-04
3619,632,12,3,Average product selection,2024-07-22
3620,5715,2,4,Fast checkout and friendly advice,2023-03-17
3621,7647,16,4,Great selection and clean store,2024-09-06
3622,2162,1,4,Great selection and clean store,2023-08-04
3623,13431,2,4,Great selection and clean store,2022-05-01
3624,2611,22,2,Discount was confusing,2025-10-11
3625,1808,17,4,Good prices during promotion,2025-10-21
3626,2754,10,5,Great selection and clean store,2022-09-07
3627,9051,3,4,Helpful staff and healthy plants,2022-06-24
3628,10888,7,4,Great selection and clean store,2022-02-06
3629,5208,14,5,Great selection and clean store,2025-04-19
3630,9346,10,4,Loved the indoor plant variety,2024-05-17
3631,3951,10,4,Helpful staff and healthy plants,2024-08-27
3632,2379,14,3,Store was busy but okay,2024-05-23
3633,12810,2,3,Some items were out of stock,2024-08-21
3634,1766,9,4,Loved the indoor plant variety,2024-06-17
3635,8936,19,4,Fast checkout and friendly advice,2022-01-01
3636,1960,13,3,Average product selection,2024-02-17
3637,1270,18,4,Loved the indoor plant variety,2024-03-02
3638,11430,19,3,Store was busy but okay,2025-05-21
3639,8414,6,5,Fast checkout and friendly advice,2021-07-03
3640,474,16,5,Good prices during promotion,2022-07-24
3641,1912,18,3,Store was busy but okay,2025-12-24
3642,8047,10,4,Helpful staff and healthy plants,2023-12-03
3643,1796,6,5,Great selection and clean store,2025-10-09
3644,14987,7,3,Some items were out of stock,2022-04-21
3645,10704,18,5,Loved the indoor plant variety,2025-03-11
3646,8762,17,4,Fast checkout and friendly advice,2023-11-20
3647,7106,7,3,Store was busy but okay,2024-05-12
3648,11166,11,2,Discount was confusing,2023-12-04
3649,12986,16,4,Helpful staff and healthy plants,2025-12-01
3650,4357,20,4,Helpful staff and healthy plants,2022-06-18
3651,14688,25,3,Some items were out of stock,2025-04-26
3652,14088,12,5,Fast checkout and friendly advice,2025-06-15
3653,13209,20,4,Great selection and clean store,2022-07-10
3654,2615,3,3,Average product selection,2022-11-24
3655,6373,17,3,Average product selection,2024-11-13
3656,4442,2,5,Loved the indoor plant variety,2025-03-15
3657,268,11,5,Great selection and clean store,2022-12-11
3658,9746,23,4,Good prices during promotion,2024-05-04
3659,5598,21,4,Helpful staff and healthy plants,2025-03-11
3660,11656,23,4,Helpful staff and healthy plants,2022-03-14
3661,3685,12,2,Long wait and limited stock,2022-03-07
3662,1779,15,4,Great selection and clean store,2024-12-14
3663,7727,19,4,Great selection and clean store,2022-03-24
3664,7796,7,5,Fast checkout and friendly advice,2023-12-14
3665,7002,5,3,Store was busy but okay,2024-04-23
3666,1883,14,4,Helpful staff and healthy plants,2025-10-11
3667,1387,24,3,Store was busy but okay,2025-06-18
3668,10018,22,3,Some items were out of stock,2024-05-26
3669,11519,11,4,Loved the indoor plant variety,2025-11-12
3670,3164,13,4,Fast checkout and friendly advice,2022-06-15
3671,1044,24,4,Good prices during promotion,2023-03-15
3672,12367,24,4,Loved the indoor plant variety,2022-11-23
3673,1446,24,3,Store was busy but okay,2024-08-20
3674,9024,24,3,Some items were out of stock,2023-11-02
3675,4550,19,3,Store was busy but okay,2022-05-15
3676,8032,16,5,Good prices during promotion,2024-02-26
3677,14142,7,2,Could not find what I needed,2025-01-05
3678,7488,13,4,Good prices during promotion,2024-06-07
3679,3048,6,4,Great selection and clean store,2022-06-09
3680,10637,15,4,Great selection and clean store,2025-11-03
3681,13137,21,4,Helpful staff and healthy plants,2025-01-25
3682,13456,21,2,Long wait and limited stock,2025-03-04
3683,13597,9,4,Helpful staff and healthy plants,2025-01-11
3684,1447,14,3,Average product selection,2021-08-08
3685,14444,24,5,Fast checkout and friendly advice,2024-12-05
3686,11084,16,3,Average product selection,2024-05-08
3687,2970,22,5,Loved the indoor plant variety,2024-11-11
3688,14571,20,3,Prices were a bit high,2025-03-12
3689,1126,2,3,Decent experience overall,2025-11-19
3690,12313,12,4,Good prices during promotion,2024-09-21
3691,10618,23,4,Great selection and clean store,2023-10-15
3692,5173,7,5,Great selection and clean store,2022-01-04
3693,9533,10,5,Fast checkout and friendly advice,2025-03-10
3694,10736,9,3,Average product selection,2024-12-18
3695,6108,12,3,Decent experience overall,2024-04-22
3696,8167,2,3,Prices were a bit high,2022-04-26
3697,10594,5,4,Helpful staff and healthy plants,2023-10-09
3698,6759,19,5,Great selection and clean store,2022-11-13
3699,11036,8,5,Fast checkout and friendly advice,2022-12-19
3700,11551,1,3,Some items were out of stock,2022-01-27
3701,14018,18,5,Fast checkout and friendly advice,2023-09-05
3702,5030,7,4,Great selection and clean store,2023-11-24
3703,1502,12,4,Good prices during promotion,2022-07-18
3704,5542,25,4,Loved the indoor plant variety,2024-05-16
3705,10032,19,4,Great selection and clean store,2024-05-14
3706,12906,9,2,Discount was confusing,2023-05-26
3707,12862,2,5,Loved the indoor plant variety,2022-12-04
3708,6685,19,3,Average product selection,2021-03-08
3709,10610,23,4,Great selection and clean store,2021-11-01
3710,8546,10,4,Fast checkout and friendly advice,2023-03-20
3711,10938,22,4,Great selection and clean store,2025-07-27
3712,3017,20,4,Great selection and clean store,2024-04-14
3713,5406,18,2,Plant quality was disappointing,2023-12-15
3714,14677,17,3,Decent experience overall,2024-05-26
3715,5354,22,5,Great selection and clean store,2025-10-20
3716,6256,21,4,Good prices during promotion,2025-03-28
3717,7707,20,4,Loved the indoor plant variety,2024-09-27
3718,13926,23,5,Loved the indoor plant variety,2024-12-12
3719,7981,20,5,Fast checkout and friendly advice,2023-02-19
3720,8585,8,4,Good prices during promotion,2024-04-13
3721,10481,15,2,Could not find what I needed,2021-02-04
3722,8447,17,4,Great selection and clean store,2024-01-23
3723,4129,1,4,Helpful staff and healthy plants,2022-02-05
3724,10354,12,5,Fast checkout and friendly advice,2025-07-03
3725,12503,11,3,Prices were a bit high,2024-07-17
3726,3928,12,4,Loved the indoor plant variety,2022-05-01
3727,13102,24,3,Decent experience overall,2024-06-03
3728,6387,21,4,Good prices during promotion,2023-10-26
3729,522,6,3,Prices were a bit high,2025-03-08
3730,11843,10,4,Great selection and clean store,2021-12-05
3731,1111,23,3,Decent experience overall,2024-06-06
3732,2595,16,3,Store was busy but okay,2021-12-23
3733,8805,5,4,Loved the indoor plant variety,2021-03-11
3734,10507,5,4,Great selection and clean store,2025-12-01
3735,13809,8,4,Loved the indoor plant variety,2025-01-23
3736,8808,11,4,Helpful staff and healthy plants,2023-01-23
3737,889,17,4,Loved the indoor plant variety,2024-07-18
3738,13271,4,4,Helpful staff and healthy plants,2021-08-18
3739,12365,6,4,Good prices during promotion,2023-06-02
3740,2411,8,3,Average product selection,2024-10-16
3741,10334,16,4,Loved the indoor plant variety,2022-03-16
3742,7102,7,4,Helpful staff and healthy plants,2025-10-16
3743,179,13,4,Loved the indoor plant variety,2022-07-12
3744,3366,8,4,Loved the indoor plant variety,2025-12-20
3745,13578,18,4,Great selection and clean store,2021-07-18
3746,10643,25,4,Good prices during promotion,2025-12-09
3747,5895,25,4,Fast checkout and friendly advice,2025-03-21
3748,10395,11,5,Fast checkout and friendly advice,2025-10-21
3749,2615,16,4,Fast checkout and friendly advice,2022-05-24
3750,3054,10,3,Average product selection,2025-07-03
3751,6683,20,5,Great selection and clean store,2025-06-13
3752,5687,4,5,Loved the indoor plant variety,2024-06-03
3753,10981,17,3,Prices were a bit high,2024-11-17
3754,2065,17,4,Helpful staff and healthy plants,2025-07-10
3755,8598,16,3,Decent experience overall,2025-09-16
3756,9033,20,5,Good prices during promotion,2023-09-04
3757,1552,11,2,Competitor had better price,2023-08-26
3758,3010,18,5,Fast checkout and friendly advice,2025-01-19
3759,4415,23,4,Great selection and clean store,2022-05-16
3760,14251,25,5,Great selection and clean store,2023-03-20
3761,2661,18,3,Prices were a bit high,2022-01-13
3762,4507,4,4,Helpful staff and healthy plants,2025-04-10
3763,7450,6,5,Great selection and clean store,2024-05-24
3764,14735,19,3,Average product selection,2021-04-16
3765,5703,5,4,Loved the indoor plant variety,2023-12-06
3766,13414,1,4,Great selection and clean store,2021-09-26
3767,13654,24,3,Average product selection,2024-07-01
3768,8920,17,4,Helpful staff and healthy plants,2025-12-15
3769,734,24,4,Great selection and clean store,2024-04-08
3770,12815,17,3,Prices were a bit high,2022-05-06
3771,13242,16,4,Helpful staff and healthy plants,2024-01-14
3772,5139,19,4,Loved the indoor plant variety,2022-04-12
3773,4866,14,3,Decent experience overall,2023-05-11
3774,2615,3,5,Helpful staff and healthy plants,2022-05-10
3775,9835,2,4,Loved the indoor plant variety,2023-12-15
3776,15,22,3,Store was busy but okay,2025-11-20
3777,9274,22,5,Fast checkout and friendly advice,2021-11-21
3778,80,4,3,Average product selection,2025-05-28
3779,4138,21,3,Decent experience overall,2023-09-25
3780,8793,25,5,Helpful staff and healthy plants,2022-11-17
3781,4458,9,3,Average product selection,2021-10-24
3782,1052,5,4,Fast checkout and friendly advice,2025-11-05
3783,7754,13,3,Prices were a bit high,2022-12-21
3784,5190,12,3,Average product selection,2024-03-25
3785,9790,11,3,Some items were out of stock,2023-12-13
3786,13223,19,4,Good prices during promotion,2021-08-19
3787,290,20,4,Fast checkout and friendly advice,2023-03-09
3788,5631,7,3,Prices were a bit high,2024-07-11
3789,9893,20,4,Good prices during promotion,2022-01-27
3790,1319,25,3,Decent experience overall,2023-12-09
3791,10634,18,5,Great selection and clean store,2021-03-04
3792,1900,24,4,Great selection and clean store,2022-02-18
3793,358,21,4,Loved the indoor plant variety,2025-11-26
3794,14124,5,3,Average product selection,2025-03-19
3795,289,1,4,Good prices during promotion,2025-04-15
3796,9974,4,4,Loved the indoor plant variety,2022-06-14
3797,10217,4,4,Helpful staff and healthy plants,2024-11-21
3798,5230,7,4,Loved the indoor plant variety,2025-11-18
3799,3609,4,4,Loved the indoor plant variety,2024-11-19
3800,8643,5,4,Fast checkout and friendly advice,2023-05-24
3801,12663,1,4,Fast checkout and friendly advice,2024-05-24
3802,2889,19,4,Fast checkout and friendly advice,2024-07-20
3803,8846,25,4,Great selection and clean store,2023-08-12
3804,9874,20,4,Fast checkout and friendly advice,2024-04-13
3805,2972,14,4,Good prices during promotion,2021-01-17
3806,1003,25,2,Discount was confusing,2022-01-12
3807,14020,22,4,Good prices during promotion,2025-04-11
3808,9891,6,4,Fast checkout and friendly advice,2022-12-21
3809,6299,20,3,Average product selection,2023-11-17
3810,10960,6,3,Some items were out of stock,2024-10-21
3811,7039,2,3,Decent experience overall,2021-12-11
3812,1761,6,4,Good prices during promotion,2024-09-02
3813,540,12,3,Average product selection,2023-02-14
3814,13238,13,3,Decent experience overall,2022-12-23
3815,14240,21,3,Average product selection,2022-10-25
3816,14766,22,4,Loved the indoor plant variety,2024-06-09
3817,13418,6,5,Great selection and clean store,2023-12-13
3818,1053,4,5,Loved the indoor plant variety,2025-05-16
3819,10585,9,4,Loved the indoor plant variety,2024-07-11
3820,4581,4,4,Good prices during promotion,2024-09-21
3821,8595,7,3,Decent experience overall,2021-05-25
3822,12397,12,4,Great selection and clean store,2025-01-28
3823,5995,20,5,Loved the indoor plant variety,2024-01-09
3824,441,21,5,Helpful staff and healthy plants,2024-05-10
3825,2489,18,5,Helpful staff and healthy plants,2021-02-11
3826,11645,13,2,Plant quality was disappointing,2022-04-13
3827,11739,16,4,Helpful staff and healthy plants,2022-05-08
3828,541,12,5,Helpful staff and healthy plants,2021-04-06
3829,1113,22,3,Some items were out of stock,2022-04-09
3830,10463,2,4,Loved the indoor plant variety,2021-05-23
3831,10842,10,3,Prices were a bit high,2022-03-07
3832,10800,16,5,Fast checkout and friendly advice,2024-12-27
3833,6584,19,5,Good prices during promotion,2021-06-15
3834,6711,5,5,Great selection and clean store,2023-08-07
3835,7157,9,4,Loved the indoor plant variety,2025-12-09
3836,2670,7,3,Decent experience overall,2023-04-19
3837,1772,9,3,Average product selection,2022-09-28
3838,5388,18,4,Helpful staff and healthy plants,2025-04-16
3839,9636,23,3,Prices were a bit high,2022-03-24
3840,4682,14,4,Good prices during promotion,2024-08-21
3841,3558,9,5,Fast checkout and friendly advice,2024-05-15
3842,13754,10,5,Helpful staff and healthy plants,2025-06-07
3843,3757,2,4,Helpful staff and healthy plants,2022-02-02
3844,3772,25,3,Decent experience overall,2024-07-17
3845,10485,21,4,Good prices during promotion,2023-04-12
3846,4338,2,4,Good prices during promotion,2024-11-08
3847,13199,16,4,Helpful staff and healthy plants,2023-04-13
3848,4777,20,4,Fast checkout and friendly advice,2025-07-09
3849,6195,16,5,Fast checkout and friendly advice,2025-05-14
3850,13735,21,4,Great selection and clean store,2022-02-16
3851,13229,20,4,Good prices during promotion,2025-03-23
3852,13367,9,3,Average product selection,2022-05-08
3853,13677,14,3,Store was busy but okay,2023-03-21
3854,9904,22,3,Average product selection,2021-05-05
3855,12695,11,4,Loved the indoor plant variety,2024-04-07
3856,6364,10,4,Great selection and clean store,2021-03-20
3857,2155,24,4,Good prices during promotion,2023-02-23
3858,11005,17,4,Great selection and clean store,2024-12-08
3859,12085,14,3,Prices were a bit high,2024-08-20
3860,7949,3,4,Loved the indoor plant variety,2024-12-08
3861,3051,11,4,Helpful staff and healthy plants,2022-07-05
3862,250,24,5,Helpful staff and healthy plants,2023-05-19
3863,7416,5,4,Good prices during promotion,2024-07-27
3864,1398,24,4,Loved the indoor plant variety,2025-03-13
3865,14072,25,4,Great selection and clean store,2025-03-17
3866,12904,20,4,Good prices during promotion,2025-04-02
3867,9352,5,3,Store was busy but okay,2023-02-19
3868,12629,14,3,Average product selection,2025-05-22
3869,4710,19,4,Great selection and clean store,2023-05-19
3870,319,17,3,Some items were out of stock,2025-05-23
3871,4652,1,4,Good prices during promotion,2024-05-09
3872,12039,22,3,Some items were out of stock,2024-11-08
3873,4039,13,4,Great selection and clean store,2021-04-10
3874,1117,15,4,Fast checkout and friendly advice,2021-03-28
3875,8487,14,4,Fast checkout and friendly advice,2025-04-09
3876,5405,10,4,Great selection and clean store,2022-08-26
3877,5806,3,3,Average product selection,2022-11-22
3878,5309,21,2,Competitor had better price,2023-06-16
3879,12193,24,3,Average product selection,2024-05-02
3880,9764,7,3,Decent experience overall,2023-03-23
3881,4156,9,4,Good prices during promotion,2023-04-15
3882,7513,20,4,Fast checkout and friendly advice,2025-10-11
3883,2722,5,5,Loved the indoor plant variety,2024-05-16
3884,8315,4,5,Good prices during promotion,2023-12-03
3885,11529,3,5,Fast checkout and friendly advice,2023-06-08
3886,5522,25,4,Good prices during promotion,2025-05-11
3887,10880,17,5,Good prices during promotion,2022-12-22
3888,4135,10,5,Loved the indoor plant variety,2021-03-03
3889,6635,15,4,Great selection and clean store,2021-02-16
3890,12694,6,3,Store was busy but okay,2025-03-18
3891,1101,19,4,Helpful staff and healthy plants,2022-04-20
3892,7,15,3,Average product selection,2021-10-10
3893,2470,5,4,Good prices during promotion,2025-05-04
3894,5441,24,5,Loved the indoor plant variety,2024-12-17
3895,9488,17,5,Great selection and clean store,2022-09-08
3896,9964,2,4,Loved the indoor plant variety,2022-10-24
3897,1212,24,3,Decent experience overall,2021-09-05
3898,5002,16,5,Loved the indoor plant variety,2023-04-19
3899,12596,12,4,Fast checkout and friendly advice,2023-04-12
3900,12649,9,5,Helpful staff and healthy plants,2021-02-14
3901,10168,12,3,Some items were out of stock,2022-11-11
3902,3123,25,4,Helpful staff and healthy plants,2021-12-28
3903,13713,1,5,Loved the indoor plant variety,2022-11-08
3904,9722,21,3,Store was busy but okay,2024-04-12
3905,10267,8,3,Store was busy but okay,2021-03-04
3906,4185,16,4,Loved the indoor plant variety,2022-05-28
3907,8829,3,4,Good prices during promotion,2021-12-07
3908,13546,25,3,Prices were a bit high,2021-12-27
3909,3951,3,4,Good prices during promotion,2023-04-15
3910,13709,24,4,Fast checkout and friendly advice,2021-01-15
3911,12458,25,3,Store was busy but okay,2021-11-11
3912,801,4,5,Good prices during promotion,2025-03-03
3913,865,18,4,Helpful staff and healthy plants,2023-07-07
3914,2101,24,2,Discount was confusing,2023-08-27
3915,13711,24,3,Decent experience overall,2024-06-19
3916,11121,25,3,Store was busy but okay,2023-11-13
3917,6607,25,5,Loved the indoor plant variety,2022-12-18
3918,13768,21,5,Fast checkout and friendly advice,2022-07-07
3919,14456,17,4,Good prices during promotion,2023-03-04
3920,5721,13,4,Loved the indoor plant variety,2022-01-13
3921,5117,13,3,Average product selection,2023-12-21
3922,13634,18,4,Loved the indoor plant variety,2023-04-10
3923,3177,12,3,Some items were out of stock,2023-05-27
3924,4254,9,3,Store was busy but okay,2023-02-20
3925,14392,10,3,Prices were a bit high,2023-01-14
3926,12858,25,5,Helpful staff and healthy plants,2021-01-25
3927,6329,3,5,Fast checkout and friendly advice,2022-04-26
3928,2523,18,4,Loved the indoor plant variety,2022-12-03
3929,10155,16,4,Fast checkout and friendly advice,2023-09-15
3930,3003,17,3,Average product selection,2023-06-14
3931,2347,3,4,Fast checkout and friendly advice,2024-05-27
3932,2667,20,4,Loved the indoor plant variety,2022-08-11
3933,5227,6,4,Good prices during promotion,2022-03-20
3934,12095,13,4,Great selection and clean store,2021-06-17
3935,6838,19,4,Great selection and clean store,2023-06-18
3936,1515,7,5,Helpful staff and healthy plants,2023-06-28
3937,10671,18,3,Decent experience overall,2023-03-04
3938,2307,11,5,Good prices during promotion,2023-11-23
3939,1810,20,4,Loved the indoor plant variety,2021-08-16
3940,6790,1,5,Fast checkout and friendly advice,2021-10-11
3941,14149,3,4,Great selection and clean store,2023-04-08
3942,12899,11,2,Discount was confusing,2023-05-14
3943,7323,18,3,Some items were out of stock,2024-09-04
3944,12511,8,4,Loved the indoor plant variety,2023-12-23
3945,14139,21,3,Average product selection,2021-06-05
3946,14704,6,3,Prices were a bit high,2022-09-16
3947,7139,6,3,Some items were out of stock,2024-04-11
3948,4832,12,3,Store was busy but okay,2024-12-10
3949,11911,11,4,Loved the indoor plant variety,2025-01-26
3950,10945,25,2,Could not find what I needed,2025-03-03
3951,4401,17,5,Good prices during promotion,2021-04-21
3952,3399,2,4,Fast checkout and friendly advice,2023-12-05
3953,10126,1,4,Helpful staff and healthy plants,2023-04-08
3954,11029,2,3,Store was busy but okay,2025-12-27
3955,9964,25,3,Decent experience overall,2023-05-10
3956,178,2,4,Good prices during promotion,2024-05-17
3957,3740,17,4,Good prices during promotion,2025-05-18
3958,6056,20,3,Store was busy but okay,2023-12-18
3959,5647,4,5,Fast checkout and friendly advice,2025-01-15
3960,1511,16,2,Discount was confusing,2022-04-09
3961,11918,4,3,Decent experience overall,2022-04-08
3962,5302,13,4,Loved the indoor plant variety,2022-04-25
3963,1700,5,2,Long wait and limited stock,2023-07-17
3964,14306,3,3,Some items were out of stock,2023-07-13
3965,9141,23,3,Average product selection,2024-04-05
3966,14961,14,4,Great selection and clean store,2025-03-11
3967,10698,8,5,Good prices during promotion,2025-05-11
3968,9663,15,3,Store was busy but okay,2022-03-12
3969,615,11,4,Fast checkout and friendly advice,2022-11-21
3970,14183,15,4,Good prices during promotion,2021-12-17
3971,711,23,3,Average product selection,2022-05-17
3972,10332,1,4,Good prices during promotion,2022-05-10
3973,14675,3,4,Loved the indoor plant variety,2023-05-18
3974,10271,16,3,Average product selection,2023-01-07
3975,161,4,4,Good prices during promotion,2025-05-10
3976,13365,9,3,Decent experience overall,2025-10-18
3977,12283,2,4,Good prices during promotion,2023-05-25
3978,6315,11,3,Decent experience overall,2021-11-27
3979,6639,22,4,Great selection and clean store,2022-06-01
3980,291,10,4,Loved the indoor plant variety,2025-10-05
3981,10582,7,4,Fast checkout and friendly advice,2024-12-04
3982,670,15,4,Loved the indoor plant variety,2021-08-03
3983,1744,18,2,Long wait and limited stock,2024-09-20
3984,5435,12,4,Loved the indoor plant variety,2022-03-02
3985,8070,23,4,Loved the indoor plant variety,2023-04-21
3986,2338,13,4,Loved the indoor plant variety,2025-01-21
3987,1021,15,4,Fast checkout and friendly advice,2025-04-22
3988,5107,15,2,Long wait and limited stock,2024-03-02
3989,4567,5,3,Store was busy but okay,2024-12-15
3990,5851,4,4,Good prices during promotion,2021-01-11
3991,317,5,2,Competitor had better price,2023-03-10
3992,3445,23,4,Great selection and clean store,2022-06-23
3993,12483,11,5,Helpful staff and healthy plants,2021-10-25
3994,9290,17,4,Helpful staff and healthy plants,2023-07-13
3995,4973,16,3,Store was busy but okay,2021-08-16
3996,4326,5,2,Plant quality was disappointing,2023-05-28
3997,3404,3,3,Average product selection,2021-10-02
3998,410,10,4,Helpful staff and healthy plants,2021-01-19
3999,8630,22,3,Store was busy but okay,2021-06-11
4000,9750,18,3,Prices were a bit high,2023-11-19
4001,2652,20,4,Good prices during promotion,2025-02-28
4002,5037,16,3,Prices were a bit high,2022-12-15
4003,1160,14,2,Plant quality was disappointing,2024-12-04
4004,3838,16,5,Great selection and clean store,2021-10-22
4005,14978,5,3,Some items were out of stock,2022-10-28
4006,2966,20,3,Average product selection,2021-03-17
4007,4848,3,5,Great selection and clean store,2021-06-18
4008,14085,2,3,Store was busy but okay,2023-01-24
4009,10123,7,4,Good prices during promotion,2024-09-19
4010,8961,6,4,Loved the indoor plant variety,2022-11-27
4011,8251,13,4,Great selection and clean store,2023-12-10
4012,5812,25,4,Fast checkout and friendly advice,2022-10-25
4013,13015,4,4,Fast checkout and friendly advice,2025-02-26
4014,13554,19,5,Good prices during promotion,2022-08-27
4015,8243,4,4,Great selection and clean store,2023-11-03
4016,10136,11,4,Helpful staff and healthy plants,2024-03-12
4017,7683,13,4,Loved the indoor plant variety,2024-01-03
4018,9323,2,4,Great selection and clean store,2024-11-07
4019,5763,10,2,Could not find what I needed,2021-08-11
4020,14203,1,4,Great selection and clean store,2025-06-24
4021,13775,19,3,Some items were out of stock,2023-08-03
4022,11396,9,3,Some items were out of stock,2024-08-09
4023,7336,22,4,Great selection and clean store,2022-09-01
4024,11548,20,3,Decent experience overall,2025-12-22
4025,13294,20,4,Fast checkout and friendly advice,2022-05-16
4026,12921,16,3,Some items were out of stock,2021-09-16
4027,12366,1,4,Great selection and clean store,2025-04-06
4028,2981,10,3,Prices were a bit high,2023-03-02
4029,12294,20,3,Prices were a bit high,2024-05-24
4030,13092,13,4,Loved the indoor plant variety,2021-05-01
4031,8780,15,3,Decent experience overall,2023-04-07
4032,4902,5,4,Good prices during promotion,2023-06-06
4033,12653,7,4,Helpful staff and healthy plants,2025-03-22
4034,12270,24,5,Helpful staff and healthy plants,2025-12-02
4035,1566,22,4,Loved the indoor plant variety,2021-01-08
4036,233,2,4,Helpful staff and healthy plants,2023-12-26
4037,9378,5,3,Some items were out of stock,2021-07-19
4038,1452,8,3,Store was busy but okay,2022-05-06
4039,5236,25,5,Good prices during promotion,2025-06-13
4040,3400,6,4,Fast checkout and friendly advice,2025-04-06
4041,802,23,5,Good prices during promotion,2023-07-13
4042,6785,15,4,Loved the indoor plant variety,2024-10-08
4043,10952,21,4,Great selection and clean store,2025-05-19
4044,10680,6,3,Decent experience overall,2023-07-14
4045,14076,4,4,Helpful staff and healthy plants,2024-02-03
4046,6660,11,4,Good prices during promotion,2024-04-16
4047,13250,14,4,Fast checkout and friendly advice,2023-12-23
4048,12268,4,4,Loved the indoor plant variety,2021-12-09
4049,4175,6,4,Fast checkout and friendly advice,2022-09-12
4050,14618,12,4,Helpful staff and healthy plants,2025-06-13
4051,11919,7,4,Helpful staff and healthy plants,2024-02-02
4052,2145,25,3,Prices were a bit high,2023-08-04
4053,14808,9,4,Great selection and clean store,2023-10-20
4054,5020,21,4,Helpful staff and healthy plants,2021-05-09
4055,9915,14,5,Helpful staff and healthy plants,2022-03-21
4056,9179,12,3,Some items were out of stock,2023-06-02
4057,4802,22,3,Prices were a bit high,2023-10-09
4058,12980,20,3,Prices were a bit high,2025-11-02
4059,898,24,5,Good prices during promotion,2022-03-03
4060,10789,24,4,Good prices during promotion,2021-05-06
4061,8940,17,4,Good prices during promotion,2023-10-17
4062,510,11,3,Prices were a bit high,2022-05-21
4063,2225,24,5,Loved the indoor plant variety,2024-11-22
4064,6782,6,5,Fast checkout and friendly advice,2025-06-12
4065,12144,3,5,Loved the indoor plant variety,2025-04-25
4066,13269,21,4,Helpful staff and healthy plants,2023-06-24
4067,8280,2,3,Decent experience overall,2023-03-13
4068,10551,6,4,Fast checkout and friendly advice,2025-04-09
4069,14320,5,4,Helpful staff and healthy plants,2022-03-08
4070,413,19,3,Some items were out of stock,2022-03-05
4071,11868,14,5,Loved the indoor plant variety,2022-03-20
4072,11206,2,3,Store was busy but okay,2025-09-20
4073,6578,21,3,Average product selection,2023-02-01
4074,13099,5,3,Average product selection,2024-06-19
4075,5397,13,3,Some items were out of stock,2023-11-19
4076,537,21,5,Fast checkout and friendly advice,2022-07-03
4077,6260,9,3,Prices were a bit high,2024-07-17
4078,8686,12,4,Helpful staff and healthy plants,2021-07-06
4079,6144,10,4,Helpful staff and healthy plants,2024-12-12
4080,2698,8,3,Decent experience overall,2022-05-08
4081,1758,2,3,Prices were a bit high,2021-12-21
4082,2698,1,2,Could not find what I needed,2023-06-25
4083,4790,13,3,Prices were a bit high,2022-02-09
4084,9940,16,4,Helpful staff and healthy plants,2024-12-02
4085,12780,20,3,Prices were a bit high,2024-06-20
4086,9852,3,3,Store was busy but okay,2021-02-14
4087,11841,25,3,Decent experience overall,2023-11-12
4088,14169,25,5,Great selection and clean store,2021-08-23
4089,7198,21,4,Good prices during promotion,2025-12-27
4090,10985,19,4,Fast checkout and friendly advice,2023-04-27
4091,5823,17,4,Good prices during promotion,2021-05-25
4092,8925,24,2,Competitor had better price,2021-09-17
4093,14907,19,4,Good prices during promotion,2025-04-16
4094,13794,17,4,Good prices during promotion,2024-12-28
4095,8362,10,3,Some items were out of stock,2023-02-24
4096,5614,14,4,Loved the indoor plant variety,2025-01-08
4097,7446,5,4,Fast checkout and friendly advice,2025-08-27
4098,9873,13,4,Fast checkout and friendly advice,2024-10-22
4099,3841,25,4,Fast checkout and friendly advice,2025-09-17
4100,4749,23,3,Average product selection,2021-11-04
4101,8463,6,4,Great selection and clean store,2022-12-01
4102,10091,5,5,Fast checkout and friendly advice,2022-05-02
4103,10931,19,4,Loved the indoor plant variety,2022-06-13
4104,12701,6,4,Good prices during promotion,2024-06-14
4105,10861,13,4,Helpful staff and healthy plants,2025-03-17
4106,14497,7,5,Helpful staff and healthy plants,2021-04-21
4107,13386,6,3,Store was busy but okay,2025-07-28
4108,2260,6,4,Great selection and clean store,2025-05-07
4109,1284,9,2,Long wait and limited stock,2023-03-03
4110,7485,16,3,Decent experience overall,2022-01-12
4111,4125,17,3,Store was busy but okay,2024-07-05
4112,4076,1,4,Loved the indoor plant variety,2021-10-23
4113,9863,1,3,Prices were a bit high,2024-06-18
4114,5666,3,5,Good prices during promotion,2021-12-13
4115,11919,7,4,Loved the indoor plant variety,2021-05-08
4116,11339,24,5,Loved the indoor plant variety,2022-10-05
4117,12234,12,5,Fast checkout and friendly advice,2022-08-18
4118,2948,25,5,Good prices during promotion,2021-12-03
4119,14135,2,5,Loved the indoor plant variety,2024-06-06
4120,158,14,3,Some items were out of stock,2023-05-05
4121,21,10,4,Good prices during promotion,2022-06-06
4122,4875,24,4,Great selection and clean store,2023-04-08
4123,11616,3,4,Good prices during promotion,2023-06-04
4124,10392,9,4,Loved the indoor plant variety,2022-05-01
4125,6525,24,2,Could not find what I needed,2022-02-01
4126,4389,11,4,Loved the indoor plant variety,2024-05-24
4127,8937,1,5,Good prices during promotion,2022-08-06
4128,6819,22,5,Fast checkout and friendly advice,2024-09-16
4129,3235,19,3,Some items were out of stock,2025-04-15
4130,5398,23,3,Decent experience overall,2022-03-16
4131,7819,1,3,Decent experience overall,2023-06-27
4132,3101,3,4,Helpful staff and healthy plants,2024-03-09
4133,2522,12,3,Decent experience overall,2021-12-02
4134,11216,19,4,Helpful staff and healthy plants,2022-01-06
4135,6633,9,4,Helpful staff and healthy plants,2025-05-21
4136,14476,3,3,Some items were out of stock,2024-02-14
4137,1683,14,3,Store was busy but okay,2023-12-24
4138,5707,22,4,Great selection and clean store,2025-02-03
4139,10008,8,3,Decent experience overall,2024-12-04
4140,3815,10,4,Good prices during promotion,2025-11-09
4141,9757,15,4,Loved the indoor plant variety,2022-06-10
4142,5164,24,5,Fast checkout and friendly advice,2024-04-28
4143,1694,14,3,Decent experience overall,2023-12-24
4144,4494,23,5,Helpful staff and healthy plants,2021-07-16
4145,10513,6,3,Prices were a bit high,2025-11-27
4146,6574,12,3,Prices were a bit high,2024-10-04
4147,13508,18,4,Helpful staff and healthy plants,2023-11-22
4148,10180,13,5,Fast checkout and friendly advice,2022-09-26
4149,5446,19,4,Good prices during promotion,2022-12-05
4150,7353,17,3,Some items were out of stock,2022-06-13
4151,14646,13,4,Fast checkout and friendly advice,2022-03-27
4152,1766,19,4,Loved the indoor plant variety,2025-08-17
4153,5312,5,3,Average product selection,2023-05-08
4154,4968,18,3,Prices were a bit high,2024-04-28
4155,1411,24,3,Decent experience overall,2022-05-26
4156,13426,25,2,Competitor had better price,2022-10-24
4157,3815,14,3,Prices were a bit high,2022-07-12
4158,5512,2,4,Fast checkout and friendly advice,2022-11-26
4159,12670,7,5,Fast checkout and friendly advice,2022-07-18
4160,9162,17,4,Great selection and clean store,2023-12-12
4161,7699,7,4,Helpful staff and healthy plants,2021-12-16
4162,6788,19,5,Loved the indoor plant variety,2021-03-22
4163,687,22,5,Loved the indoor plant variety,2025-06-10
4164,8611,17,3,Some items were out of stock,2022-01-08
4165,9064,22,4,Great selection and clean store,2021-03-02
4166,7207,11,3,Some items were out of stock,2022-06-15
4167,9166,16,4,Fast checkout and friendly advice,2021-12-08
4168,8367,6,4,Helpful staff and healthy plants,2023-04-27
4169,14274,6,4,Great selection and clean store,2021-12-06
4170,7479,25,3,Store was busy but okay,2025-11-15
4171,12685,10,3,Some items were out of stock,2023-03-19
4172,2013,25,4,Fast checkout and friendly advice,2021-11-28
4173,10742,23,5,Good prices during promotion,2022-01-11
4174,4699,8,4,Helpful staff and healthy plants,2023-03-09
4175,2505,23,4,Great selection and clean store,2025-03-25
4176,10064,5,4,Fast checkout and friendly advice,2022-01-08
4177,14864,12,4,Helpful staff and healthy plants,2023-12-17
4178,14063,12,3,Prices were a bit high,2025-03-27
4179,7545,21,4,Helpful staff and healthy plants,2021-02-28
4180,4648,23,5,Great selection and clean store,2021-08-20
4181,1936,8,2,Discount was confusing,2025-09-25
4182,1965,8,4,Good prices during promotion,2022-07-24
4183,4649,18,4,Fast checkout and friendly advice,2025-01-13
4184,5756,21,4,Great selection and clean store,2025-04-27
4185,6908,9,3,Store was busy but okay,2025-06-01
4186,14075,2,4,Fast checkout and friendly advice,2025-11-25
4187,6935,12,4,Good prices during promotion,2021-07-04
4188,11656,8,4,Loved the indoor plant variety,2024-07-25
4189,6945,20,4,Great selection and clean store,2023-06-04
4190,13933,24,3,Some items were out of stock,2023-09-08
4191,1735,18,2,Competitor had better price,2021-03-26
4192,4571,7,5,Good prices during promotion,2025-12-20
4193,8672,20,3,Decent experience overall,2025-12-10
4194,10016,1,4,Loved the indoor plant variety,2022-12-08
4195,9151,1,4,Good prices during promotion,2021-05-17
4196,852,16,4,Great selection and clean store,2021-03-26
4197,13009,12,4,Great selection and clean store,2025-07-03
4198,2549,19,4,Good prices during promotion,2021-06-06
4199,6216,17,4,Great selection and clean store,2024-05-07
4200,8911,22,5,Fast checkout and friendly advice,2025-04-23
4201,8369,10,4,Good prices during promotion,2021-09-16
4202,13336,12,4,Loved the indoor plant variety,2022-10-22
4203,13949,6,3,Decent experience overall,2024-08-04
4204,2006,17,4,Fast checkout and friendly advice,2025-06-18
4205,3336,8,4,Loved the indoor plant variety,2025-04-26
4206,14273,14,4,Helpful staff and healthy plants,2024-12-10
4207,14881,8,4,Loved the indoor plant variety,2022-04-24
4208,7194,13,5,Helpful staff and healthy plants,2022-01-01
4209,14834,13,4,Loved the indoor plant variety,2024-10-19
4210,21,9,2,Competitor had better price,2024-01-28
4211,14977,12,4,Loved the indoor plant variety,2024-09-20
4212,7700,24,4,Good prices during promotion,2024-07-24
4213,10298,1,3,Store was busy but okay,2022-05-24
4214,7936,23,3,Some items were out of stock,2023-12-18
4215,9490,16,4,Great selection and clean store,2023-07-17
4216,10732,24,3,Decent experience overall,2023-05-16
4217,13084,15,2,Competitor had better price,2025-01-18
4218,5223,4,4,Helpful staff and healthy plants,2021-08-19
4219,11781,15,4,Great selection and clean store,2021-06-25
4220,3874,20,4,Loved the indoor plant variety,2022-08-06
4221,6566,14,3,Decent experience overall,2021-01-09
4222,2073,6,4,Good prices during promotion,2024-11-24
4223,5286,11,4,Helpful staff and healthy plants,2024-08-15
4224,12849,19,4,Helpful staff and healthy plants,2024-03-12
4225,3457,24,3,Decent experience overall,2023-04-12
4226,14965,21,4,Fast checkout and friendly advice,2025-09-26
4227,14707,18,4,Great selection and clean store,2023-05-26
4228,7959,12,3,Some items were out of stock,2021-09-25
4229,4123,20,5,Fast checkout and friendly advice,2021-10-15
4230,812,4,4,Great selection and clean store,2023-06-13
4231,4877,3,3,Prices were a bit high,2023-04-13
4232,4032,17,5,Good prices during promotion,2022-06-02
4233,8251,20,4,Helpful staff and healthy plants,2025-07-20
4234,13889,7,4,Fast checkout and friendly advice,2021-07-17
4235,9693,25,5,Loved the indoor plant variety,2022-05-26
4236,8548,6,4,Fast checkout and friendly advice,2022-07-09
4237,832,24,3,Prices were a bit high,2023-12-14
4238,1686,25,4,Fast checkout and friendly advice,2022-04-25
4239,3323,5,4,Great selection and clean store,2023-10-24
4240,12803,15,4,Helpful staff and healthy plants,2025-04-06
4241,10076,4,3,Store was busy but okay,2023-02-14
4242,9272,11,4,Great selection and clean store,2021-05-21
4243,10752,23,4,Fast checkout and friendly advice,2022-04-23
4244,8825,13,3,Decent experience overall,2024-04-25
4245,1628,9,2,Plant quality was disappointing,2025-04-26
4246,4971,4,4,Good prices during promotion,2022-04-05
4247,12636,15,3,Decent experience overall,2023-11-23
4248,10610,12,3,Prices were a bit high,2021-03-25
4249,3257,15,3,Prices were a bit high,2022-06-22
4250,10714,25,2,Long wait and limited stock,2022-11-27
4251,11676,3,4,Great selection and clean store,2023-10-17
4252,8837,25,3,Some items were out of stock,2023-11-27
4253,5054,19,5,Loved the indoor plant variety,2021-11-08
4254,9280,9,5,Good prices during promotion,2023-04-04
4255,14254,16,4,Good prices during promotion,2023-04-06
4256,14755,9,3,Decent experience overall,2024-05-06
4257,93,18,4,Great selection and clean store,2023-04-28
4258,1862,3,4,Loved the indoor plant variety,2024-11-13
4259,5359,15,4,Loved the indoor plant variety,2024-07-18
4260,7393,9,4,Good prices during promotion,2022-05-20
4261,7084,18,4,Good prices during promotion,2022-01-06
4262,1673,4,4,Great selection and clean store,2021-04-09
4263,6464,2,2,Plant quality was disappointing,2021-02-23
4264,7571,21,4,Great selection and clean store,2024-07-07
4265,5142,15,3,Prices were a bit high,2023-05-10
4266,14889,13,5,Great selection and clean store,2024-09-09
4267,6112,20,3,Average product selection,2023-04-22
4268,4243,13,4,Good prices during promotion,2022-09-05
4269,10596,10,4,Helpful staff and healthy plants,2021-02-08
4270,8522,4,3,Prices were a bit high,2021-05-09
4271,8525,12,4,Helpful staff and healthy plants,2023-05-20
4272,2940,12,4,Great selection and clean store,2024-04-25
4273,566,10,4,Fast checkout and friendly advice,2022-05-27
4274,6741,21,3,Average product selection,2024-03-24
4275,4272,3,3,Prices were a bit high,2021-03-07
4276,5106,15,5,Fast checkout and friendly advice,2021-03-10
4277,6210,6,5,Good prices during promotion,2024-04-01
4278,3062,4,4,Great selection and clean store,2021-10-04
4279,9655,15,4,Fast checkout and friendly advice,2025-05-07
4280,9130,6,5,Helpful staff and healthy plants,2024-03-15
4281,9772,15,4,Helpful staff and healthy plants,2024-06-08
4282,8821,23,4,Helpful staff and healthy plants,2025-12-24
4283,9630,3,4,Loved the indoor plant variety,2023-06-09
4284,2664,25,5,Great selection and clean store,2025-04-19
4285,12672,24,3,Some items were out of stock,2024-04-12
4286,8238,24,3,Decent experience overall,2022-04-07
4287,1854,19,3,Store was busy but okay,2023-05-16
4288,2897,2,4,Good prices during promotion,2022-08-23
4289,9983,9,5,Good prices during promotion,2023-03-21
4290,7890,17,3,Decent experience overall,2023-10-17
4291,971,4,4,Good prices during promotion,2022-05-23
4292,6621,17,4,Great selection and clean store,2021-04-14
4293,12780,8,5,Good prices during promotion,2022-05-16
4294,12768,8,3,Prices were a bit high,2024-07-17
4295,14075,6,4,Loved the indoor plant variety,2022-06-26
4296,8680,9,4,Good prices during promotion,2025-03-25
4297,4324,11,4,Helpful staff and healthy plants,2024-08-11
4298,6809,20,3,Average product selection,2024-03-13
4299,2325,9,4,Good prices during promotion,2021-06-14
4300,6209,7,3,Some items were out of stock,2025-10-16
4301,7446,11,5,Fast checkout and friendly advice,2022-10-03
4302,12834,2,4,Helpful staff and healthy plants,2023-08-16
4303,862,8,4,Great selection and clean store,2022-11-26
4304,2654,24,3,Store was busy but okay,2022-09-09
4305,8123,2,4,Helpful staff and healthy plants,2023-04-24
4306,4328,19,5,Fast checkout and friendly advice,2021-01-27
4307,11418,8,5,Helpful staff and healthy plants,2022-03-25
4308,10131,9,4,Loved the indoor plant variety,2025-09-15
4309,4328,25,5,Helpful staff and healthy plants,2024-04-03
4310,8892,22,4,Helpful staff and healthy plants,2022-10-14
4311,11047,9,5,Good prices during promotion,2024-09-26
4312,7461,6,2,Could not find what I needed,2022-05-13
4313,3795,19,1,Competitor had better price,2025-09-15
4314,10238,19,4,Good prices during promotion,2021-12-14
4315,14126,11,3,Average product selection,2025-02-16
4316,5285,16,4,Great selection and clean store,2024-12-16
4317,10978,18,3,Average product selection,2023-02-18
4318,12070,18,3,Decent experience overall,2023-06-19
4319,2522,1,5,Good prices during promotion,2023-03-20
4320,2749,13,3,Store was busy but okay,2021-05-10
4321,4001,4,4,Good prices during promotion,2023-06-20
4322,9049,21,3,Store was busy but okay,2022-06-24
4323,5395,10,3,Store was busy but okay,2025-10-10
4324,335,3,4,Loved the indoor plant variety,2024-06-06
4325,2537,15,4,Great selection and clean store,2024-09-12
4326,6188,22,4,Great selection and clean store,2023-10-28
4327,11506,2,4,Good prices during promotion,2023-05-05
4328,349,21,4,Helpful staff and healthy plants,2023-03-18
4329,13870,20,3,Some items were out of stock,2024-12-17
4330,7232,17,4,Loved the indoor plant variety,2022-11-26
4331,2390,16,4,Great selection and clean store,2023-04-04
4332,1051,4,3,Decent experience overall,2025-11-10
4333,9754,7,5,Helpful staff and healthy plants,2022-01-27
4334,1919,7,4,Helpful staff and healthy plants,2023-03-02
4335,13097,5,2,Discount was confusing,2022-12-08
4336,2090,16,4,Fast checkout and friendly advice,2025-06-08
4337,6990,14,3,Some items were out of stock,2022-04-06
4338,7382,25,4,Helpful staff and healthy plants,2022-03-05
4339,8020,20,4,Great selection and clean store,2024-03-18
4340,767,14,5,Loved the indoor plant variety,2023-02-07
4341,14572,14,4,Great selection and clean store,2022-10-16
4342,8509,5,5,Fast checkout and friendly advice,2021-12-12
4343,8200,24,4,Good prices during promotion,2022-01-27
4344,862,12,3,Some items were out of stock,2022-09-15
4345,12405,8,4,Loved the indoor plant variety,2025-04-22
4346,3481,5,4,Good prices during promotion,2025-11-07
4347,303,14,3,Prices were a bit high,2024-12-14
4348,4560,14,3,Decent experience overall,2025-11-11
4349,6082,22,2,Discount was confusing,2023-03-19
4350,2394,1,4,Fast checkout and friendly advice,2022-12-25
4351,13234,11,4,Helpful staff and healthy plants,2022-05-26
4352,7972,12,4,Great selection and clean store,2025-10-10
4353,2441,17,5,Good prices during promotion,2025-09-14
4354,6829,23,2,Discount was confusing,2022-05-23
4355,12825,18,3,Store was busy but okay,2023-10-10
4356,1256,15,3,Prices were a bit high,2024-07-10
4357,12415,11,4,Fast checkout and friendly advice,2024-11-20
4358,9117,2,5,Good prices during promotion,2025-11-22
4359,14117,20,2,Discount was confusing,2024-01-03
4360,12278,15,4,Helpful staff and healthy plants,2025-08-16
4361,11066,16,4,Great selection and clean store,2024-03-25
4362,11161,15,4,Fast checkout and friendly advice,2024-02-07
4363,4192,21,4,Fast checkout and friendly advice,2024-10-03
4364,10416,22,3,Some items were out of stock,2025-12-01
4365,4664,2,3,Prices were a bit high,2021-09-01
4366,7772,15,4,Loved the indoor plant variety,2023-03-28
4367,8593,24,4,Loved the indoor plant variety,2022-05-02
4368,6907,21,3,Decent experience overall,2023-08-27
4369,8389,1,5,Great selection and clean store,2022-09-21
4370,593,19,4,Good prices during promotion,2023-09-08
4371,6002,1,5,Loved the indoor plant variety,2022-12-23
4372,12611,22,4,Loved the indoor plant variety,2025-03-15
4373,3829,14,4,Loved the indoor plant variety,2025-03-03
4374,2990,3,4,Loved the indoor plant variety,2024-07-08
4375,12922,4,3,Store was busy but okay,2025-09-27
4376,12261,17,5,Fast checkout and friendly advice,2025-04-05
4377,12497,2,4,Loved the indoor plant variety,2021-06-18
4378,1568,19,5,Good prices during promotion,2021-06-04
4379,11723,11,2,Plant quality was disappointing,2023-03-06
4380,9175,2,4,Great selection and clean store,2025-10-07
4381,14361,2,5,Good prices during promotion,2021-04-26
4382,3390,16,3,Some items were out of stock,2024-12-10
4383,8501,22,5,Great selection and clean store,2022-09-23
4384,14298,14,4,Great selection and clean store,2021-05-22
4385,11292,22,5,Great selection and clean store,2024-10-27
4386,466,25,3,Decent experience overall,2021-12-25
4387,12709,24,3,Some items were out of stock,2023-06-14
4388,3798,15,4,Good prices during promotion,2021-12-18
4389,10469,7,4,Great selection and clean store,2023-03-16
4390,4805,11,4,Great selection and clean store,2022-08-05
4391,885,16,2,Could not find what I needed,2023-09-14
4392,5097,9,5,Good prices during promotion,2025-01-23
4393,722,9,4,Fast checkout and friendly advice,2024-03-23
4394,3311,4,4,Loved the indoor plant variety,2022-11-16
4395,5891,14,2,Discount was confusing,2021-10-18
4396,12677,13,3,Store was busy but okay,2023-05-26
4397,4478,19,4,Fast checkout and friendly advice,2023-02-11
4398,5718,10,3,Prices were a bit high,2023-01-11
4399,4286,8,3,Decent experience overall,2025-12-10
4400,11550,21,4,Great selection and clean store,2021-04-15
4401,13002,22,3,Some items were out of stock,2023-04-01
4402,5053,25,3,Store was busy but okay,2024-08-01
4403,8862,25,4,Good prices during promotion,2022-03-21
4404,2283,7,3,Prices were a bit high,2021-01-27
4405,181,11,5,Helpful staff and healthy plants,2023-05-07
4406,5876,5,4,Good prices during promotion,2021-04-01
4407,10580,5,4,Helpful staff and healthy plants,2021-12-12
4408,10750,5,3,Decent experience overall,2021-12-22
4409,10131,4,4,Helpful staff and healthy plants,2025-09-07
4410,9487,20,4,Loved the indoor plant variety,2021-03-01
4411,12388,20,3,Prices were a bit high,2025-12-21
4412,10386,7,5,Loved the indoor plant variety,2025-08-02
4413,5676,21,4,Good prices during promotion,2021-02-08
4414,12658,1,4,Helpful staff and healthy plants,2024-04-20
4415,436,20,4,Great selection and clean store,2022-04-02
4416,7055,21,5,Good prices during promotion,2023-07-21
4417,11366,17,3,Decent experience overall,2022-03-09
4418,12965,8,4,Good prices during promotion,2022-12-20
4419,4123,10,4,Loved the indoor plant variety,2021-03-19
4420,4608,7,4,Helpful staff and healthy plants,2021-03-02
4421,6068,14,4,Fast checkout and friendly advice,2022-04-07
4422,5195,7,3,Decent experience overall,2022-09-27
4423,4751,17,4,Great selection and clean store,2025-11-25
4424,12207,16,3,Average product selection,2024-09-11
4425,5970,3,5,Loved the indoor plant variety,2023-04-12
4426,14906,24,4,Good prices during promotion,2022-08-20
4427,3859,6,3,Decent experience overall,2021-05-28
4428,2412,8,5,Helpful staff and healthy plants,2025-10-27
4429,7418,5,3,Store was busy but okay,2025-06-03
4430,640,16,4,Great selection and clean store,2021-11-05
4431,1157,4,3,Store was busy but okay,2024-01-02
4432,13440,6,3,Decent experience overall,2023-05-01
4433,7803,20,3,Store was busy but okay,2021-05-07
4434,3927,19,4,Good prices during promotion,2021-10-02
4435,13605,4,4,Helpful staff and healthy plants,2024-02-25
4436,14446,20,3,Store was busy but okay,2023-11-25
4437,5688,18,4,Great selection and clean store,2023-08-14
4438,12445,8,4,Good prices during promotion,2024-08-16
4439,7985,4,3,Store was busy but okay,2024-12-07
4440,10056,18,4,Helpful staff and healthy plants,2024-02-03
4441,13874,1,4,Loved the indoor plant variety,2025-04-08
4442,4013,7,5,Good prices during promotion,2025-11-27
4443,6998,2,4,Good prices during promotion,2023-12-12
4444,2937,14,4,Good prices during promotion,2023-08-10
4445,7970,6,3,Some items were out of stock,2022-01-16
4446,6381,15,5,Helpful staff and healthy plants,2025-12-09
4447,2258,22,3,Some items were out of stock,2024-01-12
4448,9353,14,4,Helpful staff and healthy plants,2022-03-21
4449,12347,22,3,Average product selection,2025-05-15
4450,11708,6,4,Helpful staff and healthy plants,2022-07-15
4451,6982,22,4,Good prices during promotion,2025-08-14
4452,12539,9,3,Decent experience overall,2025-10-19
4453,8761,11,3,Prices were a bit high,2025-02-17
4454,12384,6,3,Decent experience overall,2025-04-25
4455,2309,19,3,Some items were out of stock,2024-11-05
4456,9685,9,4,Loved the indoor plant variety,2023-10-16
4457,12087,17,4,Loved the indoor plant variety,2023-05-21
4458,1569,6,5,Loved the indoor plant variety,2021-07-12
4459,10270,19,4,Good prices during promotion,2021-10-26
4460,4994,24,4,Helpful staff and healthy plants,2022-08-17
4461,13547,11,5,Loved the indoor plant variety,2024-10-12
4462,2787,25,4,Great selection and clean store,2021-11-25
4463,4602,25,4,Loved the indoor plant variety,2023-08-19
4464,4976,21,4,Helpful staff and healthy plants,2021-06-21
4465,12582,20,5,Great selection and clean store,2025-12-21
4466,319,1,4,Great selection and clean store,2022-03-10
4467,11909,18,2,Long wait and limited stock,2025-06-26
4468,7954,6,3,Average product selection,2023-10-09
4469,4652,20,3,Prices were a bit high,2021-07-25
4470,9544,12,3,Store was busy but okay,2025-12-22
4471,11264,21,3,Some items were out of stock,2025-05-01
4472,8034,4,4,Helpful staff and healthy plants,2024-04-09
4473,3846,16,3,Store was busy but okay,2025-11-16
4474,1942,23,4,Fast checkout and friendly advice,2022-09-21
4475,4176,13,4,Loved the indoor plant variety,2024-12-06
4476,12402,1,3,Some items were out of stock,2022-01-12
4477,5387,19,4,Fast checkout and friendly advice,2021-03-26
4478,12490,23,3,Some items were out of stock,2022-07-02
4479,4288,21,4,Good prices during promotion,2021-03-03
4480,432,8,5,Helpful staff and healthy plants,2021-04-17
4481,6724,24,4,Fast checkout and friendly advice,2024-03-19
4482,1425,16,4,Fast checkout and friendly advice,2025-12-11
4483,4367,2,3,Decent experience overall,2021-02-04
4484,3577,14,3,Some items were out of stock,2024-09-19
4485,6289,4,3,Prices were a bit high,2022-12-19
4486,2453,15,4,Helpful staff and healthy plants,2024-04-20
4487,1983,7,4,Good prices during promotion,2021-11-21
4488,9892,8,4,Helpful staff and healthy plants,2025-12-27
4489,6627,1,5,Fast checkout and friendly advice,2022-01-01
4490,7432,13,5,Fast checkout and friendly advice,2021-03-08
4491,191,8,4,Fast checkout and friendly advice,2022-11-02
4492,9739,8,4,Fast checkout and friendly advice,2025-06-05
4493,2170,11,5,Loved the indoor plant variety,2025-04-16
4494,14229,23,3,Prices were a bit high,2024-06-12
4495,306,11,5,Good prices during promotion,2021-04-04
4496,12568,22,5,Great selection and clean store,2025-12-19
4497,3076,17,4,Loved the indoor plant variety,2021-01-23
4498,9273,20,3,Some items were out of stock,2025-06-03
4499,9804,1,3,Some items were out of stock,2023-05-03
4500,2037,24,3,Decent experience overall,2021-08-21
4501,4270,14,3,Some items were out of stock,2021-06-05
4502,6764,23,3,Some items were out of stock,2024-11-27
4503,12252,22,4,Helpful staff and healthy plants,2024-12-12
4504,1500,11,4,Loved the indoor plant variety,2023-07-25
4505,5166,3,3,Decent experience overall,2025-02-23
4506,14606,4,3,Prices were a bit high,2023-11-08
4507,5415,2,4,Great selection and clean store,2021-06-24
4508,844,5,3,Store was busy but okay,2022-11-10
4509,4640,3,4,Loved the indoor plant variety,2024-01-15
4510,2725,4,5,Fast checkout and friendly advice,2024-11-28
4511,567,5,4,Great selection and clean store,2025-04-03
4512,14049,4,4,Loved the indoor plant variety,2021-03-18
4513,14978,15,5,Fast checkout and friendly advice,2023-07-26
4514,5922,4,4,Fast checkout and friendly advice,2025-12-08
4515,13600,8,4,Fast checkout and friendly advice,2021-10-14
4516,210,11,4,Helpful staff and healthy plants,2022-07-20
4517,6164,16,3,Prices were a bit high,2021-07-18
4518,6395,22,5,Great selection and clean store,2024-06-15
4519,12028,25,4,Good prices during promotion,2021-05-12
4520,11664,19,4,Fast checkout and friendly advice,2025-01-14
4521,10784,3,4,Helpful staff and healthy plants,2024-11-04
4522,6429,10,5,Good prices during promotion,2021-02-04
4523,2350,21,4,Helpful staff and healthy plants,2021-04-24
4524,1700,2,4,Helpful staff and healthy plants,2025-10-14
4525,2978,8,4,Great selection and clean store,2024-04-09
4526,12217,10,5,Helpful staff and healthy plants,2025-03-01
4527,2216,10,3,Some items were out of stock,2022-03-08
4528,6190,11,5,Loved the indoor plant variety,2025-10-26
4529,167,2,3,Average product selection,2023-05-19
4530,11819,9,4,Loved the indoor plant variety,2021-04-16
4531,8413,14,2,Discount was confusing,2024-04-15
4532,13567,13,3,Some items were out of stock,2022-12-22
4533,12533,1,4,Fast checkout and friendly advice,2021-09-20
4534,3004,3,3,Store was busy but okay,2025-01-09
4535,4214,20,5,Great selection and clean store,2025-01-01
4536,4831,23,4,Good prices during promotion,2024-11-13
4537,9242,19,4,Good prices during promotion,2024-05-16
4538,1842,3,4,Loved the indoor plant variety,2025-12-13
4539,4304,10,3,Decent experience overall,2024-03-21
4540,3144,25,4,Good prices during promotion,2023-11-28
4541,4946,10,4,Great selection and clean store,2025-12-24
4542,3075,3,4,Helpful staff and healthy plants,2024-06-01
4543,13993,4,3,Average product selection,2022-04-13
4544,958,11,4,Fast checkout and friendly advice,2021-08-20
4545,6309,7,3,Some items were out of stock,2023-03-05
4546,7020,6,3,Decent experience overall,2024-12-13
4547,13847,9,3,Store was busy but okay,2024-07-19
4548,7679,1,5,Loved the indoor plant variety,2024-04-19
4549,5404,20,3,Decent experience overall,2025-10-09
4550,3466,21,3,Average product selection,2024-10-19
4551,9989,11,2,Discount was confusing,2022-05-22
4552,3758,10,5,Helpful staff and healthy plants,2021-03-17
4553,7739,7,4,Fast checkout and friendly advice,2023-10-10
4554,8294,15,5,Loved the indoor plant variety,2025-01-06
4555,1586,10,3,Decent experience overall,2025-09-04
4556,14972,13,4,Fast checkout and friendly advice,2022-06-02
4557,2032,13,3,Prices were a bit high,2022-04-18
4558,10947,12,3,Decent experience overall,2024-06-18
4559,504,14,2,Long wait and limited stock,2025-07-24
4560,13436,19,4,Good prices during promotion,2025-05-03
4561,5563,23,5,Fast checkout and friendly advice,2022-06-03
4562,880,11,5,Loved the indoor plant variety,2024-08-07
4563,10395,20,3,Some items were out of stock,2024-02-12
4564,1578,23,3,Decent experience overall,2021-06-09
4565,637,24,3,Average product selection,2024-09-14
4566,4873,6,4,Great selection and clean store,2022-09-05
4567,6249,4,4,Good prices during promotion,2023-04-23
4568,11009,7,4,Fast checkout and friendly advice,2023-11-01
4569,8531,1,4,Fast checkout and friendly advice,2023-05-16
4570,1229,2,3,Decent experience overall,2022-11-11
4571,5557,1,5,Fast checkout and friendly advice,2025-11-19
4572,5754,12,3,Decent experience overall,2023-05-09
4573,7389,24,4,Helpful staff and healthy plants,2021-12-12
4574,4020,10,3,Prices were a bit high,2023-11-17
4575,1947,4,3,Decent experience overall,2023-03-09
4576,14911,5,4,Helpful staff and healthy plants,2022-06-10
4577,2083,14,4,Helpful staff and healthy plants,2022-06-12
4578,3512,25,4,Fast checkout and friendly advice,2023-12-23
4579,3419,5,4,Helpful staff and healthy plants,2021-12-13
4580,9770,6,3,Prices were a bit high,2024-05-27
4581,10440,25,3,Average product selection,2025-05-08
4582,8547,3,4,Loved the indoor plant variety,2022-02-19
4583,10106,24,4,Loved the indoor plant variety,2021-08-08
4584,1071,4,3,Decent experience overall,2025-05-18
4585,4857,4,4,Great selection and clean store,2021-03-08
4586,8373,21,3,Average product selection,2021-03-18
4587,227,21,4,Fast checkout and friendly advice,2025-06-13
4588,13628,22,5,Fast checkout and friendly advice,2024-02-25
4589,14608,1,4,Helpful staff and healthy plants,2023-12-11
4590,9936,19,4,Great selection and clean store,2022-02-08
4591,11616,24,4,Great selection and clean store,2025-02-13
4592,8595,22,4,Good prices during promotion,2022-12-05
4593,5886,15,4,Good prices during promotion,2023-05-16
4594,9425,19,3,Average product selection,2022-09-17
4595,806,6,4,Loved the indoor plant variety,2021-07-03
4596,3682,24,2,Competitor had better price,2023-06-21
4597,12434,22,4,Loved the indoor plant variety,2021-01-19
4598,8930,14,5,Fast checkout and friendly advice,2024-03-12
4599,11965,19,4,Great selection and clean store,2021-05-05
4600,7735,10,3,Decent experience overall,2021-06-11
4601,4731,17,3,Decent experience overall,2023-03-05
4602,1037,20,3,Some items were out of stock,2025-07-11
4603,6231,16,5,Fast checkout and friendly advice,2025-05-21
4604,1193,6,3,Store was busy but okay,2024-08-15
4605,6929,20,4,Fast checkout and friendly advice,2024-03-12
4606,5543,15,4,Great selection and clean store,2023-11-03
4607,4607,14,3,Some items were out of stock,2025-01-18
4608,6957,17,5,Helpful staff and healthy plants,2023-04-03
4609,1334,16,3,Decent experience overall,2025-11-24
4610,7745,8,4,Good prices during promotion,2024-10-02
4611,11590,15,5,Great selection and clean store,2023-06-11
4612,11037,25,3,Average product selection,2024-04-21
4613,14922,10,5,Helpful staff and healthy plants,2025-01-13
4614,7026,25,5,Good prices during promotion,2023-03-25
4615,514,1,5,Good prices during promotion,2021-03-12
4616,8468,22,3,Decent experience overall,2022-07-12
4617,14209,16,3,Some items were out of stock,2025-09-05
4618,11497,22,4,Good prices during promotion,2021-06-07
4619,7229,20,4,Great selection and clean store,2024-12-26
4620,14208,9,4,Loved the indoor plant variety,2022-02-08
4621,14855,12,3,Some items were out of stock,2022-11-11
4622,10914,16,3,Average product selection,2022-06-18
4623,3599,19,4,Good prices during promotion,2024-09-23
4624,6566,3,4,Fast checkout and friendly advice,2023-03-21
4625,5986,1,4,Helpful staff and healthy plants,2025-08-18
4626,7233,4,5,Good prices during promotion,2024-12-19
4627,12311,6,4,Great selection and clean store,2021-12-26
4628,6755,1,3,Prices were a bit high,2022-03-25
4629,8250,21,4,Fast checkout and friendly advice,2024-08-25
4630,14925,9,3,Some items were out of stock,2025-05-10
4631,9220,3,4,Fast checkout and friendly advice,2023-05-26
4632,1540,10,4,Loved the indoor plant variety,2023-03-25
4633,13425,4,4,Loved the indoor plant variety,2025-03-14
4634,8651,23,4,Good prices during promotion,2025-03-22
4635,14318,23,2,Competitor had better price,2025-11-05
4636,13319,3,3,Average product selection,2024-05-07
4637,10522,15,5,Fast checkout and friendly advice,2022-03-05
4638,10828,6,2,Plant quality was disappointing,2023-05-21
4639,14239,24,4,Great selection and clean store,2025-06-11
4640,2811,19,4,Fast checkout and friendly advice,2023-07-17
4641,657,19,4,Good prices during promotion,2025-05-23
4642,14701,7,4,Great selection and clean store,2024-10-21
4643,6594,8,5,Helpful staff and healthy plants,2024-05-15
4644,7734,8,3,Decent experience overall,2025-01-02
4645,11345,25,3,Decent experience overall,2021-02-15
4646,9002,16,4,Loved the indoor plant variety,2021-05-21
4647,4107,20,3,Store was busy but okay,2021-07-22
4648,628,14,4,Loved the indoor plant variety,2024-05-24
4649,12878,1,4,Helpful staff and healthy plants,2025-05-09
4650,8715,6,5,Great selection and clean store,2021-02-23
4651,10146,10,4,Helpful staff and healthy plants,2023-04-09
4652,7472,19,4,Helpful staff and healthy plants,2022-05-09
4653,587,3,4,Great selection and clean store,2022-06-05
4654,9035,23,4,Helpful staff and healthy plants,2025-10-23
4655,7095,21,3,Decent experience overall,2021-02-13
4656,10271,15,4,Loved the indoor plant variety,2025-04-14
4657,13216,24,5,Loved the indoor plant variety,2024-04-24
4658,12288,17,3,Prices were a bit high,2025-05-01
4659,6452,8,4,Good prices during promotion,2023-12-05
4660,7582,8,3,Decent experience overall,2023-12-14
4661,12980,18,3,Some items were out of stock,2022-10-08
4662,2587,18,3,Average product selection,2021-04-19
4663,11979,14,5,Great selection and clean store,2022-07-04
4664,10526,11,3,Prices were a bit high,2023-03-09
4665,7997,9,4,Fast checkout and friendly advice,2022-02-09
4666,6542,12,4,Loved the indoor plant variety,2025-04-20
4667,5331,17,4,Loved the indoor plant variety,2022-04-03
4668,9631,8,4,Great selection and clean store,2022-02-09
4669,2480,21,4,Great selection and clean store,2022-02-25
4670,3677,13,3,Prices were a bit high,2021-09-01
4671,13399,15,5,Loved the indoor plant variety,2024-07-02
4672,11516,21,4,Loved the indoor plant variety,2021-11-25
4673,669,13,4,Helpful staff and healthy plants,2023-06-13
4674,6269,16,4,Helpful staff and healthy plants,2021-07-22
4675,1926,7,4,Great selection and clean store,2025-12-28
4676,9995,24,5,Helpful staff and healthy plants,2021-06-24
4677,7013,5,3,Store was busy but okay,2023-09-11
4678,296,14,3,Prices were a bit high,2022-11-08
4679,4002,10,5,Loved the indoor plant variety,2025-05-22
4680,5218,19,3,Decent experience overall,2023-12-19
4681,6147,12,4,Great selection and clean store,2024-05-09
4682,11315,10,4,Great selection and clean store,2024-03-12
4683,13769,7,4,Fast checkout and friendly advice,2025-07-19
4684,2696,9,4,Great selection and clean store,2023-11-11
4685,6414,23,3,Store was busy but okay,2025-05-12
4686,3880,18,4,Great selection and clean store,2023-03-18
4687,1386,5,4,Loved the indoor plant variety,2025-03-24
4688,823,17,5,Great selection and clean store,2025-02-03
4689,6771,16,4,Good prices during promotion,2022-05-21
4690,414,14,4,Helpful staff and healthy plants,2023-02-02
4691,2865,6,4,Loved the indoor plant variety,2025-07-21
4692,8116,10,5,Loved the indoor plant variety,2024-03-16
4693,12316,12,4,Great selection and clean store,2024-05-18
4694,7464,16,4,Loved the indoor plant variety,2023-02-15
4695,12251,13,5,Good prices during promotion,2025-06-10
4696,5172,10,4,Loved the indoor plant variety,2021-04-14
4697,7056,2,5,Loved the indoor plant variety,2022-10-01
4698,8427,5,5,Great selection and clean store,2025-08-27
4699,7319,3,4,Helpful staff and healthy plants,2023-08-13
4700,7236,20,4,Good prices during promotion,2021-07-05
4701,6564,18,3,Store was busy but okay,2021-12-14
4702,8654,7,3,Average product selection,2023-06-15
4703,3436,11,5,Helpful staff and healthy plants,2023-08-17
4704,3082,18,4,Loved the indoor plant variety,2023-01-06
4705,117,19,2,Competitor had better price,2022-03-27
4706,8357,10,5,Helpful staff and healthy plants,2022-01-13
4707,4158,13,5,Helpful staff and healthy plants,2025-05-27
4708,2692,20,4,Helpful staff and healthy plants,2024-04-07
4709,10121,7,4,Loved the indoor plant variety,2024-04-04
4710,11971,18,5,Great selection and clean store,2022-03-06
4711,3026,11,4,Loved the indoor plant variety,2024-07-17
4712,13551,16,4,Good prices during promotion,2022-04-25
4713,14793,24,4,Helpful staff and healthy plants,2021-05-13
4714,13435,11,3,Decent experience overall,2021-07-02
4715,11391,15,5,Helpful staff and healthy plants,2024-05-06
4716,8788,10,4,Great selection and clean store,2023-12-16
4717,14130,13,4,Loved the indoor plant variety,2022-09-26
4718,5554,1,3,Some items were out of stock,2022-02-02
4719,6682,12,5,Good prices during promotion,2021-08-07
4720,12088,1,3,Average product selection,2023-05-06
4721,13519,17,5,Fast checkout and friendly advice,2023-05-10
4722,3377,23,4,Helpful staff and healthy plants,2023-10-01
4723,12876,5,4,Loved the indoor plant variety,2022-09-20
4724,13965,12,3,Store was busy but okay,2023-11-01
4725,6596,7,4,Fast checkout and friendly advice,2022-07-06
4726,2839,20,3,Store was busy but okay,2021-08-01
4727,1650,25,4,Good prices during promotion,2024-01-28
4728,8431,18,5,Great selection and clean store,2022-07-16
4729,4725,23,3,Some items were out of stock,2021-12-03
4730,632,20,5,Fast checkout and friendly advice,2021-05-28
4731,9783,3,3,Some items were out of stock,2025-06-11
4732,12538,3,4,Great selection and clean store,2022-05-04
4733,14790,16,5,Fast checkout and friendly advice,2025-03-02
4734,6669,19,5,Loved the indoor plant variety,2024-05-07
4735,94,11,5,Helpful staff and healthy plants,2021-08-19
4736,6682,9,5,Great selection and clean store,2021-06-17
4737,14331,20,4,Good prices during promotion,2024-04-23
4738,10204,20,4,Good prices during promotion,2021-12-15
4739,12252,8,2,Plant quality was disappointing,2025-01-24
4740,459,10,4,Fast checkout and friendly advice,2025-03-14
4741,12727,21,5,Loved the indoor plant variety,2023-09-08
4742,8212,10,4,Helpful staff and healthy plants,2023-07-07
4743,3111,14,3,Some items were out of stock,2022-03-04
4744,9913,11,4,Fast checkout and friendly advice,2021-12-19
4745,4072,23,3,Some items were out of stock,2023-06-09
4746,4605,16,5,Fast checkout and friendly advice,2022-03-14
4747,187,23,3,Decent experience overall,2024-05-10
4748,10013,18,4,Great selection and clean store,2023-02-07
4749,99,3,5,Loved the indoor plant variety,2023-11-21
4750,71,9,5,Great selection and clean store,2024-09-23
4751,14975,6,4,Fast checkout and friendly advice,2023-01-05
4752,5260,13,5,Great selection and clean store,2025-05-27
4753,828,7,4,Great selection and clean store,2025-01-11
4754,11084,20,4,Great selection and clean store,2023-09-23
4755,3258,8,3,Some items were out of stock,2021-12-15
4756,14566,16,3,Prices were a bit high,2021-02-09
4757,13828,23,3,Decent experience overall,2024-04-03
4758,10067,10,4,Helpful staff and healthy plants,2025-07-24
4759,1213,21,3,Some items were out of stock,2022-10-28
4760,14885,17,3,Some items were out of stock,2025-04-27
4761,13527,9,5,Fast checkout and friendly advice,2024-03-15
4762,3249,19,4,Good prices during promotion,2023-06-26
4763,8284,3,3,Prices were a bit high,2021-05-27
4764,11797,6,4,Good prices during promotion,2022-11-23
4765,1175,7,4,Fast checkout and friendly advice,2022-01-28
4766,5336,7,4,Good prices during promotion,2024-05-03
4767,2014,21,3,Store was busy but okay,2024-08-21
4768,10530,25,4,Great selection and clean store,2024-04-24
4769,6223,8,4,Good prices during promotion,2021-08-02
4770,1265,12,4,Helpful staff and healthy plants,2025-04-07
4771,13797,10,5,Great selection and clean store,2023-04-14
4772,12347,10,4,Great selection and clean store,2022-02-13
4773,2286,9,3,Average product selection,2022-09-24
4774,7870,10,5,Fast checkout and friendly advice,2022-06-26
4775,8614,16,5,Great selection and clean store,2021-01-24
4776,14015,3,5,Loved the indoor plant variety,2021-07-11
4777,6736,4,4,Good prices during promotion,2025-05-06
4778,4060,11,3,Prices were a bit high,2021-10-19
4779,4639,2,4,Helpful staff and healthy plants,2023-03-14
4780,5107,4,4,Good prices during promotion,2024-06-18
4781,5018,19,3,Decent experience overall,2025-09-18
4782,13226,13,4,Fast checkout and friendly advice,2024-02-09
4783,1115,3,3,Store was busy but okay,2025-03-26
4784,5670,4,4,Helpful staff and healthy plants,2023-03-01
4785,3198,14,2,Competitor had better price,2022-05-14
4786,1131,17,4,Good prices during promotion,2022-11-15
4787,6846,4,3,Store was busy but okay,2021-04-16
4788,541,6,2,Discount was confusing,2021-10-09
4789,10055,23,5,Helpful staff and healthy plants,2023-07-26
4790,3748,15,4,Great selection and clean store,2021-10-16
4791,8004,17,3,Store was busy but okay,2025-09-13
4792,8359,12,4,Great selection and clean store,2025-04-24
4793,4729,6,3,Average product selection,2021-03-03
4794,9908,19,4,Loved the indoor plant variety,2022-10-06
4795,2216,2,4,Good prices during promotion,2023-05-28
4796,1449,23,4,Good prices during promotion,2022-07-03
4797,919,22,5,Loved the indoor plant variety,2023-06-03
4798,9845,10,5,Loved the indoor plant variety,2025-02-20
4799,3488,22,4,Loved the indoor plant variety,2025-12-02
4800,9245,10,4,Loved the indoor plant variety,2021-01-22
4801,5549,6,4,Loved the indoor plant variety,2023-05-12
4802,1822,14,2,Competitor had better price,2025-05-17
4803,6945,16,4,Good prices during promotion,2021-05-23
4804,2974,11,4,Loved the indoor plant variety,2023-03-10
4805,7199,20,4,Loved the indoor plant variety,2025-10-03
4806,13681,6,5,Great selection and clean store,2022-11-01
4807,8245,23,3,Store was busy but okay,2022-12-25
4808,11378,15,2,Could not find what I needed,2021-09-13
4809,4953,23,3,Prices were a bit high,2024-07-20
4810,720,17,4,Loved the indoor plant variety,2025-03-22
4811,9136,14,5,Great selection and clean store,2024-10-04
4812,9010,21,3,Some items were out of stock,2025-09-06
4813,14019,25,3,Decent experience overall,2022-02-26
4814,13875,16,3,Store was busy but okay,2025-07-14
4815,8435,14,5,Loved the indoor plant variety,2022-10-12
4816,3308,11,3,Average product selection,2022-10-24
4817,11691,12,3,Decent experience overall,2023-05-28
4818,1989,20,4,Fast checkout and friendly advice,2021-03-17
4819,695,19,5,Great selection and clean store,2023-11-21
4820,2144,4,4,Great selection and clean store,2023-03-28
4821,10826,17,4,Loved the indoor plant variety,2021-12-10
4822,2017,22,5,Good prices during promotion,2025-04-17
4823,6737,6,3,Prices were a bit high,2025-07-02
4824,5557,13,4,Great selection and clean store,2023-07-01
4825,11754,20,4,Helpful staff and healthy plants,2024-04-17
4826,13189,17,5,Loved the indoor plant variety,2024-06-02
4827,8637,20,5,Good prices during promotion,2021-02-17
4828,3638,19,4,Great selection and clean store,2021-11-22
4829,13502,24,3,Decent experience overall,2023-05-26
4830,7670,18,4,Good prices during promotion,2021-01-09
4831,7683,2,4,Good prices during promotion,2021-06-10
4832,8081,8,3,Some items were out of stock,2021-04-09
4833,888,17,4,Loved the indoor plant variety,2021-08-19
4834,2068,5,5,Fast checkout and friendly advice,2023-03-05
4835,13586,8,3,Decent experience overall,2022-03-15
4836,3033,19,4,Loved the indoor plant variety,2022-12-27
4837,6258,18,4,Good prices during promotion,2025-03-25
4838,551,23,4,Great selection and clean store,2022-06-23
4839,11287,11,3,Store was busy but okay,2022-07-23
4840,33,20,4,Fast checkout and friendly advice,2022-08-23
4841,4351,8,2,Discount was confusing,2021-06-14
4842,12332,13,5,Good prices during promotion,2025-10-01
4843,13407,22,4,Helpful staff and healthy plants,2022-05-03
4844,14349,22,4,Great selection and clean store,2021-01-14
4845,1992,18,4,Good prices during promotion,2022-05-02
4846,786,8,3,Store was busy but okay,2024-11-24
4847,14743,5,4,Helpful staff and healthy plants,2024-08-20
4848,13049,6,4,Fast checkout and friendly advice,2022-11-13
4849,7886,16,4,Great selection and clean store,2021-05-11
4850,398,12,2,Competitor had better price,2021-04-12
4851,13529,24,4,Fast checkout and friendly advice,2022-06-20
4852,14097,4,3,Average product selection,2023-09-05
4853,8242,10,4,Helpful staff and healthy plants,2024-04-26
4854,12190,6,3,Some items were out of stock,2022-03-11
4855,12952,5,4,Good prices during promotion,2024-12-09
4856,1617,11,5,Fast checkout and friendly advice,2023-10-22
4857,3141,24,5,Fast checkout and friendly advice,2023-10-07
4858,8074,14,3,Store was busy but okay,2025-04-11
4859,11311,1,4,Helpful staff and healthy plants,2024-04-25
4860,13144,6,4,Great selection and clean store,2022-12-21
4861,12745,4,4,Good prices during promotion,2024-07-08
4862,5844,16,4,Loved the indoor plant variety,2024-07-18
4863,3977,14,4,Great selection and clean store,2023-03-01
4864,6792,21,3,Some items were out of stock,2025-12-14
4865,1976,6,4,Great selection and clean store,2023-04-22
4866,6212,3,2,Long wait and limited stock,2024-02-14
4867,10505,6,4,Loved the indoor plant variety,2022-07-23
4868,14168,2,4,Great selection and clean store,2022-05-02
4869,6129,17,3,Average product selection,2023-12-21
4870,3104,22,5,Good prices during promotion,2024-08-03
4871,8482,19,5,Helpful staff and healthy plants,2024-03-23
4872,12749,25,3,Average product selection,2021-11-20
4873,5848,8,3,Decent experience overall,2021-07-17
4874,8520,22,5,Helpful staff and healthy plants,2022-02-28
4875,8723,5,5,Helpful staff and healthy plants,2023-08-16
4876,2946,4,4,Loved the indoor plant variety,2024-12-09
4877,14348,24,4,Great selection and clean store,2022-04-09
4878,14091,14,5,Fast checkout and friendly advice,2023-10-06
4879,10773,17,3,Prices were a bit high,2023-12-28
4880,6345,19,4,Loved the indoor plant variety,2021-06-01
4881,3423,8,3,Decent experience overall,2021-01-15
4882,4168,10,4,Fast checkout and friendly advice,2021-08-14
4883,7055,19,4,Helpful staff and healthy plants,2021-12-25
4884,5892,3,4,Good prices during promotion,2021-08-16
4885,7926,21,3,Average product selection,2021-05-27
4886,5544,7,4,Loved the indoor plant variety,2022-11-06
4887,10028,23,2,Discount was confusing,2022-01-21
4888,6380,9,5,Fast checkout and friendly advice,2024-04-19
4889,184,2,5,Helpful staff and healthy plants,2021-10-07
4890,13391,23,5,Helpful staff and healthy plants,2021-03-03
4891,11350,22,4,Great selection and clean store,2024-03-12
4892,2878,9,3,Some items were out of stock,2023-10-20
4893,14286,7,3,Prices were a bit high,2021-05-15
4894,2141,12,2,Could not find what I needed,2022-11-01
4895,7898,9,4,Helpful staff and healthy plants,2025-08-17
4896,13969,18,4,Helpful staff and healthy plants,2022-08-24
4897,4354,1,3,Decent experience overall,2023-01-20
4898,3780,13,3,Prices were a bit high,2022-02-09
4899,8859,25,3,Store was busy but okay,2021-09-01
4900,12529,4,4,Fast checkout and friendly advice,2025-06-16
4901,11495,20,3,Store was busy but okay,2021-08-28
4902,10030,18,3,Some items were out of stock,2025-04-06
4903,5733,21,3,Average product selection,2023-09-15
4904,13750,3,3,Some items were out of stock,2021-07-18
4905,7991,22,4,Good prices during promotion,2022-11-19
4906,8436,15,5,Loved the indoor plant variety,2021-10-13
4907,7647,8,3,Decent experience overall,2023-02-22
4908,13610,15,4,Helpful staff and healthy plants,2024-11-20
4909,9738,10,5,Good prices during promotion,2024-08-11
4910,10391,9,5,Good prices during promotion,2021-10-09
4911,2960,17,3,Store was busy but okay,2021-02-05
4912,6370,4,4,Good prices during promotion,2023-06-16
4913,12654,13,5,Great selection and clean store,2022-12-22
4914,1952,7,4,Great selection and clean store,2022-11-01
4915,1461,12,4,Great selection and clean store,2022-11-22
4916,7329,5,3,Prices were a bit high,2022-02-19
4917,7487,15,3,Decent experience overall,2025-10-05
4918,4777,21,3,Average product selection,2023-05-08
4919,5436,18,4,Fast checkout and friendly advice,2023-02-17
4920,6502,3,3,Decent experience overall,2025-04-22
4921,9323,20,4,Great selection and clean store,2022-06-20
4922,10798,20,3,Prices were a bit high,2022-08-23
4923,8692,23,4,Good prices during promotion,2022-11-18
4924,7069,11,3,Decent experience overall,2021-04-03
4925,4396,4,4,Fast checkout and friendly advice,2023-05-07
4926,3114,3,3,Store was busy but okay,2022-05-22
4927,1645,19,4,Fast checkout and friendly advice,2025-06-04
4928,11529,8,5,Loved the indoor plant variety,2024-11-02
4929,3400,6,4,Good prices during promotion,2021-04-09
4930,7186,2,2,Discount was confusing,2021-04-06
4931,966,25,4,Helpful staff and healthy plants,2022-04-05
4932,7181,4,5,Fast checkout and friendly advice,2024-06-03
4933,7156,5,3,Store was busy but okay,2023-01-09
4934,6776,10,4,Great selection and clean store,2021-03-20
4935,4715,23,5,Great selection and clean store,2023-04-24
4936,1045,23,4,Loved the indoor plant variety,2021-07-17
4937,7430,13,3,Average product selection,2025-01-03
4938,5694,1,4,Good prices during promotion,2021-06-08
4939,9133,2,5,Good prices during promotion,2022-12-07
4940,289,19,4,Loved the indoor plant variety,2021-05-03
4941,5022,19,3,Store was busy but okay,2022-02-23
4942,13124,1,3,Average product selection,2025-09-22
4943,2356,25,3,Decent experience overall,2023-04-25
4944,14030,15,3,Prices were a bit high,2023-01-08
4945,2982,19,4,Great selection and clean store,2024-05-19
4946,13301,8,4,Loved the indoor plant variety,2021-11-01
4947,9167,13,4,Great selection and clean store,2022-01-10
4948,6511,1,4,Fast checkout and friendly advice,2021-12-20
4949,3537,14,4,Loved the indoor plant variety,2025-02-15
4950,907,21,4,Fast checkout and friendly advice,2024-03-09
4951,1389,16,4,Good prices during promotion,2022-08-10
4952,9087,23,3,Some items were out of stock,2023-04-09
4953,4126,24,5,Great selection and clean store,2024-02-23
4954,5949,2,4,Loved the indoor plant variety,2025-02-07
4955,4269,15,3,Some items were out of stock,2021-12-18
4956,5667,1,2,Plant quality was disappointing,2022-12-21
4957,13631,2,2,Could not find what I needed,2021-02-08
4958,4778,13,5,Helpful staff and healthy plants,2023-11-20
4959,12813,4,5,Fast checkout and friendly advice,2021-07-03
4960,11296,25,4,Fast checkout and friendly advice,2023-06-06
4961,4760,14,4,Loved the indoor plant variety,2021-01-26
4962,3390,9,3,Some items were out of stock,2021-11-13
4963,5720,12,4,Good prices during promotion,2022-10-18
4964,1909,4,4,Fast checkout and friendly advice,2024-09-09
4965,13886,8,5,Great selection and clean store,2024-04-27
4966,12643,15,5,Loved the indoor plant variety,2021-05-02
4967,13181,9,4,Helpful staff and healthy plants,2022-04-22
4968,8936,25,5,Fast checkout and friendly advice,2025-12-16
4969,2621,13,5,Helpful staff and healthy plants,2021-11-17
4970,9119,21,4,Fast checkout and friendly advice,2023-09-16
4971,1564,19,4,Loved the indoor plant variety,2022-03-15
4972,9087,1,4,Helpful staff and healthy plants,2023-02-02
4973,11316,15,4,Good prices during promotion,2021-04-07
4974,4850,16,2,Discount was confusing,2022-04-25
4975,6130,12,4,Helpful staff and healthy plants,2021-07-06
4976,8704,18,3,Some items were out of stock,2022-05-14
4977,1165,21,4,Helpful staff and healthy plants,2023-06-03
4978,5855,4,3,Some items were out of stock,2021-11-21
4979,3874,22,3,Decent experience overall,2024-12-03
4980,14016,4,4,Great selection and clean store,2024-07-06
4981,978,14,5,Loved the indoor plant variety,2022-11-23
4982,7189,12,4,Fast checkout and friendly advice,2023-12-13
4983,736,7,4,Fast checkout and friendly advice,2021-12-28
4984,1201,9,5,Fast checkout and friendly advice,2024-03-17
4985,7281,11,4,Helpful staff and healthy plants,2024-11-28
4986,5702,12,4,Good prices during promotion,2024-08-08
4987,11602,6,4,Helpful staff and healthy plants,2025-11-09
4988,3772,14,3,Store was busy but okay,2025-03-27
4989,10723,8,4,Helpful staff and healthy plants,2025-03-06
4990,12219,19,4,Great selection and clean store,2022-04-22
4991,14774,11,4,Loved the indoor plant variety,2025-07-19
4992,10969,18,4,Good prices during promotion,2025-02-23
4993,659,25,4,Helpful staff and healthy plants,2024-11-02
4994,8526,10,4,Loved the indoor plant variety,2024-03-17
4995,10615,16,2,Discount was confusing,2024-06-17
4996,3074,15,4,Fast checkout and friendly advice,2021-10-25
4997,7065,13,2,Long wait and limited stock,2022-05-25
4998,12744,18,4,Great selection and clean store,2021-06-02
4999,5374,11,2,Could not find what I needed,2022-02-06
5000,9696,22,4,Helpful staff and healthy plants,2025-06-14
5001,4699,15,3,Decent experience overall,2021-03-06
5002,13393,10,3,Store was busy but okay,2024-07-03
5003,9143,18,5,Fast checkout and friendly advice,2022-03-03
5004,2083,10,3,Some items were out of stock,2021-06-21
5005,14101,25,4,Good prices during promotion,2022-11-04
5006,3210,22,5,Good prices during promotion,2025-08-07
5007,2054,16,4,Loved the indoor plant variety,2021-03-05
5008,13763,5,5,Fast checkout and friendly advice,2025-07-04
5009,5693,22,3,Average product selection,2022-03-09
5010,8817,3,4,Great selection and clean store,2023-08-18
5011,14440,16,3,Store was busy but okay,2022-12-12
5012,5930,16,5,Loved the indoor plant variety,2022-09-05
5013,2222,20,4,Fast checkout and friendly advice,2024-06-14
5014,1340,15,3,Average product selection,2023-09-12
5015,14938,10,4,Great selection and clean store,2024-02-14
5016,6099,24,3,Prices were a bit high,2025-10-03
5017,4354,15,3,Decent experience overall,2024-11-08
5018,12164,16,4,Great selection and clean store,2021-02-20
5019,6139,8,4,Loved the indoor plant variety,2023-04-27
5020,1124,20,3,Some items were out of stock,2025-07-18
5021,7372,8,4,Loved the indoor plant variety,2022-06-28
5022,8920,3,4,Helpful staff and healthy plants,2025-10-27
5023,7460,21,3,Average product selection,2021-12-02
5024,11574,21,3,Prices were a bit high,2022-01-14
5025,23,2,3,Decent experience overall,2021-05-28
5026,8908,13,4,Great selection and clean store,2024-07-14
5027,10893,19,4,Loved the indoor plant variety,2022-01-02
5028,5928,4,3,Store was busy but okay,2021-05-22
5029,13765,18,3,Prices were a bit high,2022-11-17
5030,8687,18,4,Helpful staff and healthy plants,2022-12-20
5031,1422,20,5,Fast checkout and friendly advice,2021-06-12
5032,3671,25,3,Prices were a bit high,2025-12-04
5033,12395,15,5,Good prices during promotion,2023-03-21
5034,8531,25,3,Some items were out of stock,2023-08-10
5035,8128,3,4,Helpful staff and healthy plants,2022-12-04
5036,3397,25,4,Great selection and clean store,2023-05-26
5037,12208,9,3,Prices were a bit high,2025-04-10
5038,9396,17,4,Great selection and clean store,2021-09-02
5039,14533,16,5,Loved the indoor plant variety,2022-08-02
5040,5288,23,3,Some items were out of stock,2022-04-23
5041,10948,8,3,Store was busy but okay,2023-05-23
5042,3254,20,5,Great selection and clean store,2025-10-27
5043,7424,8,3,Store was busy but okay,2025-12-17
5044,13493,22,4,Loved the indoor plant variety,2022-11-08
5045,5790,6,3,Average product selection,2022-03-22
5046,11905,23,5,Fast checkout and friendly advice,2021-03-09
5047,14447,3,3,Store was busy but okay,2025-03-19
5048,3749,5,3,Average product selection,2025-06-21
5049,3434,4,4,Good prices during promotion,2021-07-13
5050,13718,6,4,Helpful staff and healthy plants,2022-03-17
5051,3872,23,5,Fast checkout and friendly advice,2023-06-16
5052,13398,3,3,Store was busy but okay,2025-10-27
5053,13399,9,5,Fast checkout and friendly advice,2022-11-14
5054,3638,6,4,Helpful staff and healthy plants,2022-09-19
5055,4230,1,5,Helpful staff and healthy plants,2023-08-25
5056,843,16,3,Store was busy but okay,2025-05-01
5057,9580,1,5,Helpful staff and healthy plants,2023-03-02
5058,12390,9,3,Some items were out of stock,2021-11-24
5059,10905,20,5,Great selection and clean store,2024-07-10
5060,2722,13,5,Great selection and clean store,2022-05-25
5061,2291,17,4,Fast checkout and friendly advice,2023-05-17
5062,4994,13,4,Loved the indoor plant variety,2023-06-13
5063,5890,3,3,Average product selection,2022-02-08
5064,4293,7,5,Great selection and clean store,2024-01-06
5065,12542,20,4,Fast checkout and friendly advice,2023-12-04
5066,10437,23,5,Good prices during promotion,2022-11-05
5067,6978,5,5,Good prices during promotion,2021-06-11
5068,5670,2,4,Helpful staff and healthy plants,2024-12-27
5069,13540,7,2,Plant quality was disappointing,2021-04-03
5070,5793,4,4,Good prices during promotion,2023-06-10
5071,8335,19,2,Competitor had better price,2024-12-02
5072,12486,21,4,Fast checkout and friendly advice,2021-01-18
5073,5545,18,3,Prices were a bit high,2024-10-18
5074,12492,25,3,Decent experience overall,2025-12-16
5075,2999,13,4,Great selection and clean store,2022-09-27
5076,8462,6,3,Store was busy but okay,2025-08-06
5077,10924,7,4,Great selection and clean store,2024-11-21
5078,11184,21,3,Decent experience overall,2021-03-03
5079,11848,18,3,Average product selection,2021-12-11
5080,579,19,3,Decent experience overall,2021-03-13
5081,12873,11,5,Good prices during promotion,2022-07-26
5082,3779,8,4,Loved the indoor plant variety,2021-05-08
5083,11704,25,4,Loved the indoor plant variety,2021-07-24
5084,65,19,5,Fast checkout and friendly advice,2023-06-04
5085,316,5,3,Prices were a bit high,2022-04-27
5086,2827,14,2,Plant quality was disappointing,2022-12-08
5087,14140,1,5,Helpful staff and healthy plants,2023-10-20
5088,1195,24,4,Good prices during promotion,2022-12-18
5089,14046,7,4,Fast checkout and friendly advice,2022-06-27
5090,3314,15,4,Good prices during promotion,2024-05-08
5091,14412,21,4,Loved the indoor plant variety,2021-04-27
5092,5599,5,4,Good prices during promotion,2023-12-16
5093,13392,21,3,Decent experience overall,2023-03-12
5094,5733,12,3,Decent experience overall,2023-01-24
5095,8035,20,3,Some items were out of stock,2025-04-01
5096,10733,19,3,Prices were a bit high,2023-07-11
5097,1241,24,3,Decent experience overall,2022-11-06
5098,13595,8,2,Discount was confusing,2025-11-18
5099,8450,5,5,Good prices during promotion,2024-11-17
5100,11029,2,4,Good prices during promotion,2025-12-05
5101,1349,10,2,Could not find what I needed,2021-10-28
5102,1936,21,4,Fast checkout and friendly advice,2022-10-22
5103,9592,22,5,Loved the indoor plant variety,2025-10-07
5104,13866,8,1,Plant quality was disappointing,2023-08-01
5105,8881,16,4,Helpful staff and healthy plants,2024-10-27
5106,9473,22,4,Loved the indoor plant variety,2025-08-13
5107,8847,8,3,Decent experience overall,2022-08-27
5108,12140,25,4,Great selection and clean store,2021-11-25
5109,1983,25,3,Average product selection,2021-11-28
5110,13200,7,5,Great selection and clean store,2021-11-03
5111,3130,8,5,Loved the indoor plant variety,2024-08-13
5112,643,1,5,Great selection and clean store,2025-06-01
5113,12763,5,3,Decent experience overall,2023-02-22
5114,3405,6,3,Average product selection,2021-12-28
5115,12208,24,3,Average product selection,2025-10-15
5116,11427,3,3,Store was busy but okay,2023-04-01
5117,4137,18,4,Helpful staff and healthy plants,2025-10-21
5118,3175,4,5,Helpful staff and healthy plants,2022-06-07
5119,7442,17,3,Average product selection,2025-03-24
5120,2633,24,3,Store was busy but okay,2022-04-12
5121,12169,5,3,Prices were a bit high,2023-01-08
5122,10556,23,2,Could not find what I needed,2024-02-28
5123,6340,6,4,Helpful staff and healthy plants,2022-06-28
5124,7631,13,5,Good prices during promotion,2023-12-14
5125,5116,14,4,Helpful staff and healthy plants,2021-09-12
5126,3502,8,4,Great selection and clean store,2023-06-10
5127,14612,5,4,Fast checkout and friendly advice,2023-04-10
5128,13328,18,5,Loved the indoor plant variety,2023-05-16
5129,13565,21,4,Loved the indoor plant variety,2024-07-14
5130,6232,16,4,Good prices during promotion,2021-09-06
5131,12965,17,3,Some items were out of stock,2025-05-17
5132,13220,16,5,Fast checkout and friendly advice,2022-05-02
5133,5046,18,4,Helpful staff and healthy plants,2021-03-08
5134,1677,19,5,Helpful staff and healthy plants,2022-10-26
5135,14625,6,3,Some items were out of stock,2025-11-28
5136,3399,22,3,Prices were a bit high,2022-05-14
5137,14840,24,3,Decent experience overall,2021-12-19
5138,10568,23,3,Prices were a bit high,2025-05-03
5139,13317,14,3,Prices were a bit high,2022-05-13
5140,8740,7,3,Average product selection,2024-03-24
5141,14692,11,2,Long wait and limited stock,2023-02-05
5142,8018,7,3,Store was busy but okay,2025-12-10
5143,4957,12,3,Decent experience overall,2021-04-18
5144,11582,17,4,Helpful staff and healthy plants,2024-05-22
5145,5647,22,4,Great selection and clean store,2025-11-25
5146,2084,25,5,Loved the indoor plant variety,2023-09-21
5147,5516,9,3,Prices were a bit high,2024-08-22
5148,5091,11,4,Great selection and clean store,2021-05-17
5149,8871,13,3,Some items were out of stock,2021-04-25
5150,9192,16,4,Loved the indoor plant variety,2021-05-23
5151,11846,1,2,Discount was confusing,2024-04-08
5152,183,9,4,Great selection and clean store,2024-05-25
5153,3713,14,4,Great selection and clean store,2021-05-15
5154,3233,11,3,Store was busy but okay,2021-05-09
5155,2923,23,2,Could not find what I needed,2022-11-18
5156,3955,19,3,Store was busy but okay,2022-04-27
5157,2447,11,3,Some items were out of stock,2021-05-16
5158,10029,21,4,Helpful staff and healthy plants,2021-05-19
5159,10300,6,5,Loved the indoor plant variety,2024-12-23
5160,3982,21,3,Decent experience overall,2024-01-24
5161,9902,1,4,Loved the indoor plant variety,2022-08-16
5162,14929,8,4,Great selection and clean store,2025-05-16
5163,13484,15,4,Fast checkout and friendly advice,2023-05-25
5164,11667,13,5,Good prices during promotion,2023-11-26
5165,3024,9,4,Fast checkout and friendly advice,2024-10-06
5166,13615,4,4,Helpful staff and healthy plants,2022-11-28
5167,2977,23,4,Helpful staff and healthy plants,2021-10-07
5168,357,22,5,Good prices during promotion,2023-08-12
5169,1961,24,3,Prices were a bit high,2025-04-28
5170,13637,22,4,Great selection and clean store,2025-06-04
5171,12132,14,3,Prices were a bit high,2025-06-16
5172,1826,1,4,Good prices during promotion,2025-12-03
5173,3078,2,4,Great selection and clean store,2023-11-24
5174,1950,9,4,Fast checkout and friendly advice,2025-09-14
5175,10370,25,3,Average product selection,2023-03-07
5176,13637,5,4,Great selection and clean store,2025-10-28
5177,10594,24,4,Loved the indoor plant variety,2025-03-17
5178,8405,10,4,Helpful staff and healthy plants,2023-03-10
5179,1972,3,4,Great selection and clean store,2023-03-21
5180,10156,19,4,Helpful staff and healthy plants,2024-04-20
5181,9273,17,4,Fast checkout and friendly advice,2023-03-21
5182,4016,18,3,Average product selection,2021-03-07
5183,6334,16,5,Helpful staff and healthy plants,2022-03-22
5184,5352,5,4,Great selection and clean store,2024-04-04
5185,13750,13,4,Fast checkout and friendly advice,2025-12-02
5186,593,17,4,Great selection and clean store,2024-10-17
5187,7979,23,4,Fast checkout and friendly advice,2021-11-23
5188,2619,24,5,Helpful staff and healthy plants,2023-05-08
5189,1923,20,3,Some items were out of stock,2021-06-12
5190,9632,15,3,Average product selection,2024-05-18
5191,6747,8,2,Long wait and limited stock,2022-10-02
5192,4834,9,5,Fast checkout and friendly advice,2024-05-25
5193,408,24,2,Discount was confusing,2022-05-27
5194,1501,25,5,Fast checkout and friendly advice,2023-07-10
5195,5537,9,4,Helpful staff and healthy plants,2025-03-20
5196,12949,13,3,Some items were out of stock,2024-04-24
5197,13310,12,3,Prices were a bit high,2021-06-08
5198,2280,9,3,Store was busy but okay,2024-05-20
5199,906,13,5,Helpful staff and healthy plants,2024-08-28
5200,2770,8,5,Helpful staff and healthy plants,2024-08-20
5201,8241,25,4,Fast checkout and friendly advice,2024-03-07
5202,4317,10,4,Loved the indoor plant variety,2022-07-18
5203,3715,16,4,Fast checkout and friendly advice,2024-06-24
5204,5721,13,4,Helpful staff and healthy plants,2023-03-20
5205,4716,16,3,Average product selection,2021-05-23
5206,7209,7,5,Good prices during promotion,2025-06-16
5207,6330,11,4,Fast checkout and friendly advice,2022-12-09
5208,4258,17,3,Decent experience overall,2022-10-17
5209,9970,18,5,Loved the indoor plant variety,2021-02-05
5210,9479,6,3,Store was busy but okay,2022-01-09
5211,12676,15,3,Some items were out of stock,2025-05-05
5212,1894,22,3,Some items were out of stock,2024-05-17
5213,9755,14,5,Good prices during promotion,2024-05-22
5214,4971,23,3,Some items were out of stock,2022-05-07
5215,2951,17,5,Great selection and clean store,2022-06-22
5216,9552,7,4,Fast checkout and friendly advice,2024-03-10
5217,12817,8,4,Loved the indoor plant variety,2021-12-05
5218,13875,19,3,Store was busy but okay,2022-12-14
5219,8000,6,5,Great selection and clean store,2023-02-16
5220,5774,11,4,Loved the indoor plant variety,2024-03-13
5221,11484,25,5,Fast checkout and friendly advice,2024-08-10
5222,7909,1,4,Great selection and clean store,2022-03-12
5223,7539,14,4,Fast checkout and friendly advice,2022-07-09
5224,13014,2,3,Decent experience overall,2023-04-15
5225,5053,25,4,Fast checkout and friendly advice,2021-04-17
5226,6544,25,4,Helpful staff and healthy plants,2025-06-24
5227,1236,16,5,Loved the indoor plant variety,2023-05-25
5228,7659,11,4,Good prices during promotion,2023-02-11
5229,9184,9,2,Long wait and limited stock,2021-05-27
5230,493,11,3,Some items were out of stock,2022-02-26
5231,9529,11,4,Good prices during promotion,2024-11-16
5232,5646,21,3,Prices were a bit high,2023-11-06
5233,10108,21,4,Helpful staff and healthy plants,2024-01-08
5234,7392,19,4,Good prices during promotion,2025-04-23
5235,3843,16,4,Loved the indoor plant variety,2025-12-22
5236,1847,20,4,Helpful staff and healthy plants,2023-09-12
5237,7152,14,4,Good prices during promotion,2024-08-04
5238,3037,12,4,Helpful staff and healthy plants,2022-01-20
5239,3096,10,3,Decent experience overall,2022-09-20
5240,12323,7,4,Great selection and clean store,2021-05-20
5241,7779,14,3,Average product selection,2021-12-19
5242,2712,6,4,Loved the indoor plant variety,2023-07-09
5243,4861,14,4,Great selection and clean store,2024-05-21
5244,5864,19,5,Helpful staff and healthy plants,2025-03-22
5245,13324,8,4,Great selection and clean store,2022-06-10
5246,3262,2,4,Good prices during promotion,2022-09-19
5247,14215,12,3,Store was busy but okay,2023-03-21
5248,6938,4,2,Long wait and limited stock,2022-12-12
5249,4760,1,3,Average product selection,2025-12-17
5250,1048,20,4,Good prices during promotion,2023-04-19
5251,11516,16,5,Helpful staff and healthy plants,2024-05-13
5252,13120,7,4,Helpful staff and healthy plants,2021-05-05
5253,1501,3,4,Helpful staff and healthy plants,2023-08-13
5254,316,21,4,Great selection and clean store,2021-04-08
5255,12841,20,3,Decent experience overall,2022-05-26
5256,14034,3,3,Prices were a bit high,2022-07-28
5257,5605,15,3,Some items were out of stock,2021-09-14
5258,10,10,4,Good prices during promotion,2023-04-20
5259,12538,8,4,Helpful staff and healthy plants,2025-11-09
5260,2733,1,4,Loved the indoor plant variety,2022-11-23
5261,5613,19,4,Helpful staff and healthy plants,2024-12-05
5262,13548,22,4,Good prices during promotion,2022-04-01
5263,4164,17,4,Great selection and clean store,2021-04-23
5264,8437,1,5,Loved the indoor plant variety,2024-11-24
5265,7142,25,5,Great selection and clean store,2022-05-21
5266,6633,2,3,Average product selection,2025-12-20
5267,1849,1,4,Great selection and clean store,2021-02-22
5268,5640,23,2,Long wait and limited stock,2021-02-11
5269,251,16,4,Helpful staff and healthy plants,2023-09-18
5270,5469,15,5,Fast checkout and friendly advice,2023-02-17
5271,8020,14,3,Store was busy but okay,2023-03-21
5272,10469,5,3,Average product selection,2022-02-26
5273,14725,21,4,Good prices during promotion,2023-07-04
5274,13918,11,4,Loved the indoor plant variety,2021-04-11
5275,3969,11,4,Fast checkout and friendly advice,2023-04-14
5276,14223,15,5,Good prices during promotion,2024-09-21
5277,6041,16,3,Store was busy but okay,2025-04-14
5278,7895,19,3,Prices were a bit high,2022-04-15
5279,11278,25,4,Good prices during promotion,2024-07-06
5280,7788,4,4,Helpful staff and healthy plants,2021-12-21
5281,11574,16,3,Some items were out of stock,2022-02-25
5282,10417,16,4,Fast checkout and friendly advice,2025-09-07
5283,8174,9,3,Prices were a bit high,2024-10-01
5284,13270,14,3,Decent experience overall,2022-05-04
5285,1836,23,2,Discount was confusing,2023-03-17
5286,13564,18,3,Some items were out of stock,2023-01-18
5287,12061,8,4,Fast checkout and friendly advice,2025-09-25
5288,7898,13,4,Fast checkout and friendly advice,2023-05-12
5289,13247,12,3,Store was busy but okay,2024-02-16
5290,285,19,4,Fast checkout and friendly advice,2022-09-22
5291,417,1,5,Helpful staff and healthy plants,2024-05-03
5292,12721,21,3,Average product selection,2021-08-13
5293,4941,7,5,Good prices during promotion,2024-10-26
5294,13055,14,4,Helpful staff and healthy plants,2021-12-14
5295,9671,2,4,Helpful staff and healthy plants,2023-03-14
5296,6375,24,4,Great selection and clean store,2022-11-22
5297,1251,8,2,Long wait and limited stock,2022-06-07
5298,13960,8,4,Loved the indoor plant variety,2023-08-19
5299,3430,6,3,Some items were out of stock,2023-07-09
5300,11430,8,4,Great selection and clean store,2025-10-17
5301,10803,23,3,Some items were out of stock,2024-07-02
5302,12035,12,3,Average product selection,2021-01-05
5303,8172,14,3,Some items were out of stock,2025-02-23
5304,7606,5,4,Fast checkout and friendly advice,2021-05-07
5305,9494,21,4,Great selection and clean store,2025-03-22
5306,5667,17,5,Helpful staff and healthy plants,2024-12-20
5307,12256,16,4,Loved the indoor plant variety,2023-06-26
5308,12261,6,4,Good prices during promotion,2025-06-27
5309,6166,14,5,Good prices during promotion,2021-12-15
5310,14615,5,4,Good prices during promotion,2025-08-08
5311,8677,7,4,Fast checkout and friendly advice,2023-01-16
5312,12045,2,5,Helpful staff and healthy plants,2022-06-16
5313,10641,1,4,Great selection and clean store,2024-06-14
5314,8188,20,4,Great selection and clean store,2025-08-23
5315,14891,3,4,Good prices during promotion,2025-06-07
5316,11091,21,3,Average product selection,2023-03-13
5317,688,15,3,Average product selection,2024-05-04
5318,10325,17,2,Discount was confusing,2022-04-13
5319,5277,2,3,Average product selection,2025-03-01
5320,6693,14,5,Helpful staff and healthy plants,2022-06-09
5321,8778,25,3,Store was busy but okay,2021-04-08
5322,7166,7,4,Fast checkout and friendly advice,2024-09-10
5323,8328,15,3,Prices were a bit high,2023-05-16
5324,9963,9,4,Helpful staff and healthy plants,2025-03-07
5325,4443,6,3,Prices were a bit high,2022-10-14
5326,12388,24,3,Average product selection,2022-08-07
5327,2759,19,5,Helpful staff and healthy plants,2022-04-25
5328,264,12,3,Store was busy but okay,2025-01-26
5329,14345,25,4,Helpful staff and healthy plants,2024-08-14
5330,7141,17,3,Decent experience overall,2022-12-17
5331,6587,3,5,Fast checkout and friendly advice,2024-03-04
5332,8752,6,5,Great selection and clean store,2021-01-15
5333,6298,21,4,Fast checkout and friendly advice,2024-06-17
5334,12269,7,4,Fast checkout and friendly advice,2021-07-15
5335,617,3,3,Decent experience overall,2022-12-26
5336,9886,5,4,Helpful staff and healthy plants,2022-08-11
5337,1217,23,3,Average product selection,2024-05-21
5338,4173,12,4,Great selection and clean store,2024-07-08
5339,4590,6,4,Good prices during promotion,2025-05-09
5340,6270,8,4,Helpful staff and healthy plants,2024-06-19
5341,10772,8,2,Plant quality was disappointing,2023-08-09
5342,1112,22,3,Average product selection,2021-09-16
5343,7000,4,5,Helpful staff and healthy plants,2021-12-15
5344,1274,3,4,Fast checkout and friendly advice,2021-04-27
5345,8102,4,4,Loved the indoor plant variety,2023-09-09
5346,4770,23,3,Store was busy but okay,2023-12-03
5347,8238,17,3,Decent experience overall,2024-04-01
5348,3238,18,4,Helpful staff and healthy plants,2022-01-13
5349,7490,17,4,Good prices during promotion,2024-01-11
5350,782,3,4,Great selection and clean store,2025-03-23
5351,5505,1,4,Helpful staff and healthy plants,2022-02-26
5352,11873,7,4,Great selection and clean store,2025-06-05
5353,14232,15,3,Decent experience overall,2023-03-24
5354,14527,18,5,Fast checkout and friendly advice,2023-02-20
5355,6960,2,3,Prices were a bit high,2025-02-04
5356,13923,3,4,Fast checkout and friendly advice,2021-11-24
5357,10613,9,4,Fast checkout and friendly advice,2022-05-06
5358,1810,8,3,Store was busy but okay,2023-03-10
5359,4826,7,3,Store was busy but okay,2022-06-05
5360,6296,7,5,Great selection and clean store,2023-07-04
5361,7895,20,3,Decent experience overall,2025-10-22
5362,14906,5,4,Great selection and clean store,2024-09-23
5363,5948,10,3,Decent experience overall,2024-03-20
5364,488,7,5,Fast checkout and friendly advice,2022-04-03
5365,7196,16,3,Prices were a bit high,2024-04-23
5366,13666,16,5,Fast checkout and friendly advice,2025-03-01
5367,8502,20,4,Helpful staff and healthy plants,2025-07-17
5368,7736,9,3,Prices were a bit high,2022-12-08
5369,13227,4,3,Some items were out of stock,2025-12-12
5370,9873,18,4,Helpful staff and healthy plants,2025-12-10
5371,10119,25,3,Prices were a bit high,2024-10-05
5372,8029,16,4,Great selection and clean store,2021-05-06
5373,12074,5,4,Loved the indoor plant variety,2025-10-12
5374,8770,17,5,Helpful staff and healthy plants,2025-04-15
5375,321,12,4,Great selection and clean store,2025-06-07
5376,6063,8,4,Great selection and clean store,2021-11-07
5377,3941,20,4,Loved the indoor plant variety,2021-12-06
5378,8425,16,4,Great selection and clean store,2024-03-09
5379,7989,11,3,Decent experience overall,2024-05-10
5380,9940,15,3,Prices were a bit high,2021-03-25
5381,1343,21,4,Helpful staff and healthy plants,2022-01-17
5382,6405,2,4,Great selection and clean store,2024-06-09
5383,3629,17,4,Fast checkout and friendly advice,2021-09-04
5384,11376,2,5,Great selection and clean store,2025-11-27
5385,14116,7,3,Average product selection,2025-11-15
5386,7840,3,2,Long wait and limited stock,2025-12-02
5387,4617,15,3,Prices were a bit high,2023-03-18
5388,3236,3,2,Could not find what I needed,2021-11-12
5389,8807,14,4,Helpful staff and healthy plants,2023-05-02
5390,11509,6,3,Average product selection,2023-01-19
5391,6424,4,3,Prices were a bit high,2023-12-17
5392,14577,25,4,Helpful staff and healthy plants,2022-01-11
5393,11804,19,3,Some items were out of stock,2021-11-05
5394,12885,16,4,Loved the indoor plant variety,2022-12-23
5395,7266,15,3,Average product selection,2022-11-08
5396,4717,21,4,Helpful staff and healthy plants,2025-02-09
5397,12323,6,4,Loved the indoor plant variety,2021-09-24
5398,3022,5,4,Good prices during promotion,2021-06-21
5399,13127,14,3,Prices were a bit high,2021-01-17
5400,14031,16,3,Average product selection,2022-03-06
5401,8836,25,4,Helpful staff and healthy plants,2022-05-28
5402,14583,14,4,Fast checkout and friendly advice,2022-12-07
5403,8728,16,4,Fast checkout and friendly advice,2025-05-05
5404,6776,11,4,Helpful staff and healthy plants,2025-04-19
5405,11440,14,4,Loved the indoor plant variety,2022-11-18
5406,11898,16,5,Good prices during promotion,2025-03-23
5407,8053,2,4,Helpful staff and healthy plants,2025-09-22
5408,5806,1,4,Fast checkout and friendly advice,2022-10-01
5409,13413,13,3,Decent experience overall,2023-10-16
5410,14475,2,4,Great selection and clean store,2022-12-16
5411,4925,6,4,Loved the indoor plant variety,2024-12-05
5412,2512,10,3,Some items were out of stock,2022-11-12
5413,6397,15,5,Great selection and clean store,2024-11-20
5414,11213,19,5,Fast checkout and friendly advice,2025-02-11
5415,9348,20,5,Helpful staff and healthy plants,2022-11-20
5416,14046,16,5,Fast checkout and friendly advice,2022-12-20
5417,7284,14,4,Fast checkout and friendly advice,2021-03-22
5418,3722,13,2,Plant quality was disappointing,2024-03-23
5419,6525,22,3,Store was busy but okay,2022-03-01
5420,12191,25,4,Loved the indoor plant variety,2023-07-04
5421,9155,2,4,Loved the indoor plant variety,2022-05-20
5422,2829,19,3,Prices were a bit high,2021-04-06
5423,14462,10,4,Fast checkout and friendly advice,2024-05-21
5424,7614,12,4,Loved the indoor plant variety,2022-10-16
5425,1812,11,5,Loved the indoor plant variety,2023-08-14
5426,946,6,4,Helpful staff and healthy plants,2023-08-02
5427,4285,6,3,Prices were a bit high,2024-07-07
5428,1883,21,4,Helpful staff and healthy plants,2022-03-13
5429,10278,10,3,Prices were a bit high,2024-08-24
5430,2209,24,2,Could not find what I needed,2021-06-01
5431,1632,22,4,Good prices during promotion,2021-05-08
5432,12450,17,3,Store was busy but okay,2024-03-24
5433,12874,19,4,Loved the indoor plant variety,2021-11-24
5434,6175,19,4,Helpful staff and healthy plants,2024-10-03
5435,9495,18,3,Decent experience overall,2022-03-28
5436,14348,25,4,Fast checkout and friendly advice,2022-09-01
5437,11484,15,4,Fast checkout and friendly advice,2025-05-03
5438,8333,19,3,Decent experience overall,2022-11-19
5439,8034,14,4,Great selection and clean store,2025-04-16
5440,5047,17,4,Fast checkout and friendly advice,2024-12-22
5441,9692,5,4,Fast checkout and friendly advice,2024-10-01
5442,13962,10,5,Great selection and clean store,2022-05-02
5443,11481,25,4,Good prices during promotion,2025-03-16
5444,5315,5,4,Fast checkout and friendly advice,2022-06-15
5445,3762,12,4,Helpful staff and healthy plants,2025-01-08
5446,13197,10,5,Good prices during promotion,2021-09-01
5447,9687,24,4,Loved the indoor plant variety,2025-11-26
5448,1417,21,4,Good prices during promotion,2024-10-03
5449,7461,3,4,Good prices during promotion,2023-10-11
5450,12620,12,3,Some items were out of stock,2023-05-16
5451,7096,25,3,Average product selection,2021-05-12
5452,13128,3,3,Some items were out of stock,2023-07-21
5453,8275,22,4,Helpful staff and healthy plants,2021-08-12
5454,2885,4,4,Loved the indoor plant variety,2023-04-11
5455,13218,1,4,Good prices during promotion,2024-10-05
5456,12070,12,5,Great selection and clean store,2024-04-15
5457,5268,6,5,Loved the indoor plant variety,2023-03-20
5458,1332,5,3,Average product selection,2024-11-11
5459,12143,2,4,Good prices during promotion,2021-06-03
5460,10990,9,4,Fast checkout and friendly advice,2021-04-08
5461,10877,11,4,Loved the indoor plant variety,2023-03-21
5462,597,5,4,Fast checkout and friendly advice,2025-10-16
5463,355,21,3,Some items were out of stock,2022-09-17
5464,12210,23,4,Fast checkout and friendly advice,2024-04-01
5465,8282,25,4,Fast checkout and friendly advice,2022-03-13
5466,13729,21,3,Some items were out of stock,2022-07-17
5467,14758,12,3,Store was busy but okay,2024-09-02
5468,5397,4,3,Store was busy but okay,2023-02-01
5469,383,2,4,Great selection and clean store,2025-12-12
5470,8081,13,4,Fast checkout and friendly advice,2021-06-16
5471,7977,1,4,Loved the indoor plant variety,2024-09-19
5472,11436,17,5,Loved the indoor plant variety,2022-08-09
5473,8899,1,4,Helpful staff and healthy plants,2022-04-17
5474,11087,3,2,Could not find what I needed,2021-06-04
5475,6149,23,3,Decent experience overall,2021-05-21
5476,1989,23,4,Fast checkout and friendly advice,2023-04-26
5477,1572,25,4,Loved the indoor plant variety,2021-12-11
5478,14987,6,5,Good prices during promotion,2022-06-27
5479,11683,7,3,Prices were a bit high,2023-11-15
5480,3842,2,3,Decent experience overall,2025-07-09
5481,1289,1,4,Great selection and clean store,2025-06-20
5482,14232,11,4,Good prices during promotion,2023-12-09
5483,6411,12,3,Decent experience overall,2021-07-20
5484,10724,25,3,Decent experience overall,2023-04-02
5485,1130,2,4,Helpful staff and healthy plants,2024-04-12
5486,13092,13,4,Good prices during promotion,2022-10-12
5487,10320,16,4,Loved the indoor plant variety,2021-07-10
5488,1103,10,3,Prices were a bit high,2025-12-10
5489,570,14,4,Loved the indoor plant variety,2021-08-11
5490,8077,12,4,Great selection and clean store,2022-04-07
5491,846,21,5,Great selection and clean store,2022-07-11
5492,13865,20,4,Helpful staff and healthy plants,2021-12-20
5493,2710,19,2,Long wait and limited stock,2023-05-22
5494,14375,20,4,Fast checkout and friendly advice,2025-11-13
5495,11075,13,4,Fast checkout and friendly advice,2022-12-14
5496,10443,8,3,Store was busy but okay,2021-05-01
5497,14922,8,3,Prices were a bit high,2025-10-14
5498,9242,15,5,Loved the indoor plant variety,2022-04-26
5499,6769,2,4,Loved the indoor plant variety,2025-05-12
5500,5727,1,5,Great selection and clean store,2024-09-26
5501,11380,4,5,Great selection and clean store,2025-05-12
5502,1758,14,3,Store was busy but okay,2025-10-17
5503,2133,9,3,Some items were out of stock,2021-08-06
5504,815,23,4,Good prices during promotion,2024-07-15
5505,6545,7,4,Helpful staff and healthy plants,2024-06-24
5506,160,18,4,Helpful staff and healthy plants,2023-05-03
5507,2906,8,3,Store was busy but okay,2024-05-07
5508,2453,10,4,Helpful staff and healthy plants,2024-05-09
5509,12727,25,3,Average product selection,2022-06-16
5510,1352,16,3,Store was busy but okay,2024-07-10
5511,13207,2,5,Fast checkout and friendly advice,2022-03-11
5512,13405,11,4,Good prices during promotion,2025-07-01
5513,5576,9,4,Loved the indoor plant variety,2023-04-26
5514,12011,9,5,Helpful staff and healthy plants,2021-06-11
5515,11011,18,3,Some items were out of stock,2021-11-01
5516,11329,21,2,Competitor had better price,2024-03-26
5517,10052,5,4,Loved the indoor plant variety,2022-06-21
5518,8513,9,3,Decent experience overall,2021-04-07
5519,3137,23,4,Fast checkout and friendly advice,2025-04-08
5520,7432,21,3,Average product selection,2023-11-05
5521,5769,5,3,Average product selection,2023-09-26
5522,12084,17,3,Prices were a bit high,2024-08-06
5523,4639,9,2,Could not find what I needed,2021-05-03
5524,1815,25,4,Helpful staff and healthy plants,2024-03-27
5525,14986,10,4,Good prices during promotion,2021-07-11
5526,14280,21,4,Fast checkout and friendly advice,2023-09-03
5527,14627,14,4,Great selection and clean store,2023-11-25
5528,1023,11,4,Fast checkout and friendly advice,2023-05-26
5529,12405,12,2,Competitor had better price,2025-08-15
5530,93,10,5,Good prices during promotion,2023-01-23
5531,14938,11,3,Store was busy but okay,2022-11-15
5532,897,12,5,Helpful staff and healthy plants,2025-09-24
5533,14393,9,4,Fast checkout and friendly advice,2025-03-21
5534,5451,18,4,Fast checkout and friendly advice,2022-05-01
5535,13020,9,4,Great selection and clean store,2025-09-27
5536,13335,14,4,Helpful staff and healthy plants,2024-05-11
5537,14058,11,3,Some items were out of stock,2021-05-02
5538,11198,1,4,Good prices during promotion,2022-05-27
5539,5541,22,2,Discount was confusing,2025-08-07
5540,2763,10,4,Great selection and clean store,2024-06-16
5541,3946,18,4,Great selection and clean store,2022-03-14
5542,2872,6,4,Helpful staff and healthy plants,2025-04-10
5543,6689,10,5,Great selection and clean store,2024-08-10
5544,3617,4,4,Helpful staff and healthy plants,2024-05-23
5545,6414,11,2,Plant quality was disappointing,2025-10-20
5546,14040,5,3,Prices were a bit high,2024-02-06
5547,13168,5,4,Loved the indoor plant variety,2025-11-03
5548,1060,20,5,Fast checkout and friendly advice,2023-10-22
5549,1747,5,4,Great selection and clean store,2023-03-05
5550,3331,6,3,Some items were out of stock,2022-10-27
5551,10407,19,4,Great selection and clean store,2024-05-24
5552,5200,4,4,Fast checkout and friendly advice,2024-07-03
5553,4607,4,5,Great selection and clean store,2021-03-12
5554,295,19,3,Decent experience overall,2021-12-19
5555,14492,12,4,Helpful staff and healthy plants,2022-07-17
5556,14467,15,3,Decent experience overall,2021-07-13
5557,8202,9,5,Fast checkout and friendly advice,2021-05-25
5558,8503,24,4,Fast checkout and friendly advice,2022-05-23
5559,11765,14,3,Decent experience overall,2024-07-15
5560,1356,10,3,Prices were a bit high,2022-04-20
5561,12641,4,5,Great selection and clean store,2021-08-04
5562,14775,7,3,Some items were out of stock,2024-12-05
5563,8176,3,4,Loved the indoor plant variety,2024-06-10
5564,7186,9,3,Decent experience overall,2024-01-24
5565,9762,2,3,Store was busy but okay,2021-05-10
5566,7371,25,3,Average product selection,2022-10-09
5567,2119,24,4,Good prices during promotion,2023-12-13
5568,8061,5,3,Some items were out of stock,2023-04-10
5569,160,1,4,Good prices during promotion,2023-01-26
5570,14135,14,4,Helpful staff and healthy plants,2022-10-15
5571,286,24,3,Decent experience overall,2022-12-08
5572,5800,10,4,Good prices during promotion,2022-04-20
5573,12078,11,4,Great selection and clean store,2022-10-16
5574,10110,25,4,Loved the indoor plant variety,2024-01-26
5575,1342,5,5,Loved the indoor plant variety,2023-12-15
5576,7318,20,4,Good prices during promotion,2023-05-21
5577,11037,16,5,Good prices during promotion,2021-05-06
5578,9469,13,4,Loved the indoor plant variety,2021-09-27
5579,9236,17,4,Loved the indoor plant variety,2025-10-27
5580,13199,4,5,Fast checkout and friendly advice,2021-08-25
5581,8221,6,4,Helpful staff and healthy plants,2023-09-06
5582,4405,9,4,Good prices during promotion,2023-02-03
5583,14598,6,4,Fast checkout and friendly advice,2022-07-23
5584,417,2,3,Store was busy but okay,2022-11-06
5585,13030,6,3,Decent experience overall,2021-05-03
5586,9844,18,2,Competitor had better price,2024-06-07
5587,3870,10,3,Prices were a bit high,2022-06-17
5588,4771,4,3,Some items were out of stock,2021-03-20
5589,7614,24,5,Great selection and clean store,2022-03-17
5590,7084,22,4,Fast checkout and friendly advice,2024-04-11
5591,2167,15,3,Store was busy but okay,2021-06-20
5592,4954,22,3,Some items were out of stock,2023-05-18
5593,9082,17,4,Good prices during promotion,2021-12-04
5594,3574,11,4,Fast checkout and friendly advice,2021-12-27
5595,4569,15,3,Some items were out of stock,2024-08-24
5596,9787,17,4,Helpful staff and healthy plants,2023-07-05
5597,5426,14,4,Good prices during promotion,2024-02-14
5598,14988,25,4,Helpful staff and healthy plants,2025-05-13
5599,8724,14,5,Fast checkout and friendly advice,2022-03-25
5600,3817,2,4,Fast checkout and friendly advice,2021-10-15
5601,13283,2,5,Fast checkout and friendly advice,2025-12-03
5602,9944,1,4,Helpful staff and healthy plants,2021-01-23
5603,10856,8,4,Good prices during promotion,2024-06-21
5604,10603,17,4,Loved the indoor plant variety,2025-05-24
5605,5026,3,3,Average product selection,2021-09-25
5606,337,13,3,Prices were a bit high,2025-08-09
5607,7622,5,4,Helpful staff and healthy plants,2021-10-11
5608,10052,25,4,Great selection and clean store,2025-08-17
5609,9317,9,3,Store was busy but okay,2025-03-02
5610,8258,11,4,Great selection and clean store,2024-01-07
5611,7730,24,4,Fast checkout and friendly advice,2022-02-20
5612,8938,8,4,Helpful staff and healthy plants,2021-12-09
5613,328,6,4,Good prices during promotion,2021-01-07
5614,7972,9,4,Good prices during promotion,2025-08-26
5615,14440,24,4,Loved the indoor plant variety,2021-02-26
5616,7768,11,5,Great selection and clean store,2022-09-10
5617,570,22,4,Good prices during promotion,2023-10-27
5618,10673,11,3,Prices were a bit high,2024-02-26
5619,12806,13,5,Great selection and clean store,2023-12-05
5620,13683,8,3,Prices were a bit high,2021-12-26
5621,108,13,4,Great selection and clean store,2022-12-27
5622,8630,5,4,Good prices during promotion,2022-02-22
5623,11085,18,4,Helpful staff and healthy plants,2025-02-25
5624,9806,17,3,Prices were a bit high,2023-01-12
5625,12575,23,3,Some items were out of stock,2021-02-07
5626,6380,15,5,Fast checkout and friendly advice,2021-03-14
5627,13652,1,5,Helpful staff and healthy plants,2022-05-01
5628,13904,18,3,Average product selection,2025-01-04
5629,7297,8,5,Great selection and clean store,2023-08-24
5630,7645,18,3,Average product selection,2022-06-06
5631,5481,11,4,Great selection and clean store,2024-04-22
5632,11252,12,5,Great selection and clean store,2021-08-26
5633,11692,1,4,Good prices during promotion,2022-07-17
5634,2202,20,3,Average product selection,2023-07-27
5635,2768,22,3,Some items were out of stock,2021-12-21
5636,14902,8,4,Loved the indoor plant variety,2024-06-04
5637,14922,3,3,Store was busy but okay,2025-12-25
5638,6303,9,5,Fast checkout and friendly advice,2022-11-05
5639,1151,11,4,Fast checkout and friendly advice,2022-12-02
5640,12030,12,4,Loved the indoor plant variety,2025-03-15
5641,7274,21,4,Good prices during promotion,2023-02-17
5642,5201,20,3,Some items were out of stock,2024-12-26
5643,8497,15,4,Fast checkout and friendly advice,2022-10-21
5644,8686,17,5,Good prices during promotion,2022-12-25
5645,13110,5,4,Loved the indoor plant variety,2021-04-27
5646,4155,22,4,Fast checkout and friendly advice,2021-12-05
5647,13305,15,3,Store was busy but okay,2023-03-24
5648,6667,16,3,Prices were a bit high,2024-12-11
5649,3782,9,3,Decent experience overall,2025-09-26
5650,5359,6,3,Average product selection,2023-07-19
5651,12597,5,3,Prices were a bit high,2025-05-04
5652,6675,25,5,Great selection and clean store,2022-09-26
5653,4407,20,5,Fast checkout and friendly advice,2024-03-15
5654,10823,2,4,Great selection and clean store,2021-05-26
5655,934,8,4,Fast checkout and friendly advice,2024-03-16
5656,2596,5,4,Great selection and clean store,2025-07-08
5657,975,19,5,Good prices during promotion,2024-07-28
5658,11902,11,3,Some items were out of stock,2022-09-02
5659,4328,22,5,Loved the indoor plant variety,2024-02-16
5660,6785,1,4,Loved the indoor plant variety,2023-05-20
5661,4783,14,3,Store was busy but okay,2022-06-07
5662,9486,24,4,Great selection and clean store,2021-05-22
5663,9798,23,4,Helpful staff and healthy plants,2021-07-03
5664,5297,20,4,Good prices during promotion,2022-11-26
5665,9514,21,4,Fast checkout and friendly advice,2021-09-10
5666,3237,3,5,Fast checkout and friendly advice,2022-12-08
5667,9179,24,3,Prices were a bit high,2023-03-16
5668,1441,2,4,Helpful staff and healthy plants,2023-05-27
5669,2348,18,3,Decent experience overall,2022-10-05
5670,6088,13,4,Loved the indoor plant variety,2025-05-20
5671,12644,6,3,Store was busy but okay,2025-12-16
5672,14097,15,3,Prices were a bit high,2024-06-17
5673,2339,14,4,Fast checkout and friendly advice,2021-07-07
5674,4125,5,4,Fast checkout and friendly advice,2023-10-05
5675,8557,14,3,Prices were a bit high,2025-06-01
5676,10696,12,5,Fast checkout and friendly advice,2023-05-12
5677,3199,22,3,Some items were out of stock,2024-08-25
5678,13862,14,5,Fast checkout and friendly advice,2021-05-22
5679,12720,12,3,Store was busy but okay,2024-03-13
5680,3022,5,3,Decent experience overall,2023-04-20
5681,10362,18,3,Average product selection,2024-04-07
5682,3011,14,4,Good prices during promotion,2022-03-24
5683,4281,20,5,Fast checkout and friendly advice,2025-01-27
5684,14403,3,4,Helpful staff and healthy plants,2021-03-19
5685,10813,19,3,Some items were out of stock,2022-05-13
5686,11323,4,2,Long wait and limited stock,2025-03-02
5687,14074,3,4,Great selection and clean store,2024-04-24
5688,3899,22,4,Fast checkout and friendly advice,2025-05-14
5689,10090,18,4,Fast checkout and friendly advice,2025-10-17
5690,4113,20,5,Helpful staff and healthy plants,2023-08-03
5691,10078,4,3,Average product selection,2022-01-28
5692,3766,15,4,Good prices during promotion,2025-05-13
5693,10048,23,4,Loved the indoor plant variety,2022-02-01
5694,8995,4,3,Average product selection,2024-09-07
5695,8411,14,3,Prices were a bit high,2024-11-12
5696,759,14,3,Decent experience overall,2023-01-26
5697,12391,25,5,Great selection and clean store,2025-01-20
5698,8326,6,5,Helpful staff and healthy plants,2021-11-09
5699,12706,10,5,Great selection and clean store,2024-04-12
5700,4722,1,5,Fast checkout and friendly advice,2024-01-05
5701,8241,5,3,Store was busy but okay,2023-05-16
5702,12292,8,3,Decent experience overall,2022-02-08
5703,8903,17,4,Fast checkout and friendly advice,2021-03-03
5704,9938,12,3,Store was busy but okay,2025-07-19
5705,14677,12,3,Prices were a bit high,2023-03-03
5706,3979,23,4,Fast checkout and friendly advice,2023-07-18
5707,6893,1,4,Good prices during promotion,2022-06-01
5708,3653,20,4,Loved the indoor plant variety,2024-03-09
5709,10130,9,3,Prices were a bit high,2025-09-01
5710,3520,2,3,Decent experience overall,2022-03-20
5711,4680,10,4,Fast checkout and friendly advice,2021-05-02
5712,642,12,4,Loved the indoor plant variety,2024-12-10
5713,13983,9,3,Average product selection,2024-12-25
5714,24,4,3,Store was busy but okay,2021-10-21
5715,5282,10,3,Prices were a bit high,2024-02-14
5716,14127,24,4,Loved the indoor plant variety,2021-03-28
5717,5469,4,4,Fast checkout and friendly advice,2021-10-06
5718,4309,7,3,Average product selection,2022-08-19
5719,13899,9,4,Fast checkout and friendly advice,2025-02-07
5720,4340,3,4,Helpful staff and healthy plants,2024-06-12
5721,8021,12,4,Loved the indoor plant variety,2024-03-26
5722,4198,22,4,Fast checkout and friendly advice,2024-07-02
5723,6899,2,2,Competitor had better price,2024-12-22
5724,14750,25,4,Good prices during promotion,2024-05-28
5725,3047,19,3,Prices were a bit high,2023-06-20
5726,10558,22,3,Store was busy but okay,2023-12-19
5727,6834,4,4,Loved the indoor plant variety,2023-11-20
5728,5838,14,5,Helpful staff and healthy plants,2023-09-01
5729,370,12,4,Great selection and clean store,2024-06-05
5730,12595,14,4,Fast checkout and friendly advice,2022-01-18
5731,7980,20,3,Decent experience overall,2022-11-08
5732,12382,10,3,Store was busy but okay,2021-04-16
5733,3547,5,4,Helpful staff and healthy plants,2023-03-28
5734,403,20,5,Good prices during promotion,2021-03-10
5735,4629,5,4,Good prices during promotion,2021-01-26
5736,8531,22,5,Helpful staff and healthy plants,2022-06-14
5737,9185,15,3,Some items were out of stock,2022-02-26
5738,2038,8,4,Helpful staff and healthy plants,2025-12-05
5739,3095,23,3,Prices were a bit high,2024-07-27
5740,11512,19,5,Good prices during promotion,2021-04-16
5741,7883,19,3,Decent experience overall,2025-02-04
5742,4194,14,5,Loved the indoor plant variety,2022-12-20
5743,2938,23,4,Helpful staff and healthy plants,2023-11-04
5744,10550,17,4,Helpful staff and healthy plants,2023-04-05
5745,11357,24,4,Loved the indoor plant variety,2021-08-08
5746,5804,3,3,Prices were a bit high,2023-12-19
5747,5050,15,4,Helpful staff and healthy plants,2025-12-17
5748,691,20,3,Prices were a bit high,2021-02-17
5749,10199,13,5,Loved the indoor plant variety,2022-06-09
5750,12212,21,4,Good prices during promotion,2021-05-28
5751,6789,22,3,Prices were a bit high,2024-02-24
5752,1191,11,3,Some items were out of stock,2025-05-14
5753,11744,19,4,Fast checkout and friendly advice,2024-04-20
5754,5799,17,4,Good prices during promotion,2025-12-03
5755,5433,5,3,Average product selection,2022-08-07
5756,13391,16,4,Good prices during promotion,2024-05-13
5757,13988,25,4,Great selection and clean store,2025-06-26
5758,712,15,3,Average product selection,2025-07-01
5759,11379,14,5,Great selection and clean store,2023-11-26
5760,11768,14,4,Good prices during promotion,2022-10-25
5761,8637,8,4,Helpful staff and healthy plants,2025-12-19
5762,3427,11,2,Could not find what I needed,2022-12-12
5763,8552,20,4,Loved the indoor plant variety,2021-01-09
5764,3425,20,4,Great selection and clean store,2025-02-04
5765,13024,4,3,Prices were a bit high,2022-07-10
5766,9793,7,4,Great selection and clean store,2022-03-18
5767,12071,14,4,Loved the indoor plant variety,2021-05-20
5768,5060,13,4,Helpful staff and healthy plants,2025-11-14
5769,2512,6,3,Store was busy but okay,2022-12-23
5770,3014,3,4,Good prices during promotion,2025-07-13
5771,12923,17,5,Great selection and clean store,2025-07-15
5772,11358,5,4,Fast checkout and friendly advice,2025-10-02
5773,3563,25,4,Good prices during promotion,2022-01-25
5774,6544,17,4,Fast checkout and friendly advice,2025-06-14
5775,4993,10,3,Decent experience overall,2023-03-25
5776,7707,1,3,Decent experience overall,2023-08-28
5777,9545,11,4,Good prices during promotion,2025-11-06
5778,7707,15,2,Could not find what I needed,2022-04-24
5779,6762,19,4,Good prices during promotion,2021-07-27
5780,14706,6,5,Great selection and clean store,2025-07-04
5781,9074,14,5,Good prices during promotion,2021-07-03
5782,11568,15,2,Could not find what I needed,2025-03-02
5783,12958,23,3,Store was busy but okay,2021-03-20
5784,2672,13,4,Good prices during promotion,2023-02-01
5785,7975,7,4,Good prices during promotion,2022-04-09
5786,5500,4,4,Good prices during promotion,2021-06-23
5787,9201,25,3,Decent experience overall,2023-04-13
5788,7598,8,3,Prices were a bit high,2023-09-01
5789,4760,17,3,Prices were a bit high,2021-06-11
5790,123,3,1,Discount was confusing,2025-06-16
5791,9351,23,4,Fast checkout and friendly advice,2024-04-05
5792,12957,24,4,Helpful staff and healthy plants,2022-11-10
5793,1933,19,5,Helpful staff and healthy plants,2025-10-19
5794,8904,16,2,Plant quality was disappointing,2024-03-09
5795,7712,7,3,Prices were a bit high,2024-06-03
5796,3515,1,4,Great selection and clean store,2022-11-18
5797,2127,15,4,Helpful staff and healthy plants,2025-05-17
5798,11520,12,4,Fast checkout and friendly advice,2025-10-07
5799,8332,18,4,Great selection and clean store,2023-07-14
5800,6518,10,4,Helpful staff and healthy plants,2022-06-04
5801,8686,1,4,Great selection and clean store,2025-06-15
5802,11595,21,5,Loved the indoor plant variety,2022-11-20
5803,4398,3,4,Great selection and clean store,2025-12-18
5804,421,6,4,Good prices during promotion,2023-09-23
5805,6304,21,3,Average product selection,2022-11-13
5806,647,3,4,Good prices during promotion,2021-07-09
5807,13265,21,4,Fast checkout and friendly advice,2023-05-23
5808,9400,1,4,Loved the indoor plant variety,2024-05-16
5809,4166,17,3,Prices were a bit high,2022-05-06
5810,8859,25,3,Average product selection,2024-08-03
5811,6159,10,5,Good prices during promotion,2024-12-12
5812,9150,11,3,Store was busy but okay,2025-06-12
5813,2690,9,3,Average product selection,2025-06-15
5814,14034,6,3,Average product selection,2023-12-11
5815,7024,15,4,Good prices during promotion,2023-06-11
5816,10011,12,5,Good prices during promotion,2023-10-12
5817,4275,20,4,Helpful staff and healthy plants,2021-07-05
5818,4502,17,3,Store was busy but okay,2022-05-05
5819,11013,16,4,Loved the indoor plant variety,2024-04-21
5820,13961,7,4,Loved the indoor plant variety,2022-05-11
5821,1373,13,4,Fast checkout and friendly advice,2025-06-17
5822,3649,22,3,Average product selection,2023-05-04
5823,12049,25,4,Helpful staff and healthy plants,2025-05-11
5824,4284,24,4,Helpful staff and healthy plants,2021-11-07
5825,10516,19,3,Average product selection,2023-12-21
5826,10395,15,4,Loved the indoor plant variety,2021-01-25
5827,499,20,3,Some items were out of stock,2022-10-07
5828,12916,1,3,Store was busy but okay,2023-08-23
5829,8347,3,4,Great selection and clean store,2023-05-28
5830,8413,2,5,Great selection and clean store,2021-09-01
5831,4320,9,4,Helpful staff and healthy plants,2022-07-25
5832,4949,22,3,Some items were out of stock,2025-04-22
5833,13102,2,4,Great selection and clean store,2021-06-06
5834,6167,23,4,Great selection and clean store,2022-05-23
5835,6774,1,5,Fast checkout and friendly advice,2021-07-25
5836,4733,18,3,Some items were out of stock,2021-05-27
5837,3327,23,3,Average product selection,2025-10-23
5838,8885,16,3,Prices were a bit high,2025-01-20
5839,10729,18,4,Helpful staff and healthy plants,2021-04-26
5840,6977,9,4,Loved the indoor plant variety,2021-04-04
5841,11020,22,4,Helpful staff and healthy plants,2021-12-08
5842,10909,12,3,Some items were out of stock,2023-04-06
5843,5960,5,4,Helpful staff and healthy plants,2025-12-19
5844,1561,12,3,Some items were out of stock,2022-02-24
5845,14064,14,5,Fast checkout and friendly advice,2025-06-21
5846,11614,3,4,Good prices during promotion,2023-09-24
5847,8285,5,3,Some items were out of stock,2023-11-28
5848,14513,24,2,Could not find what I needed,2024-09-05
5849,926,13,3,Prices were a bit high,2025-05-12
5850,3296,6,5,Fast checkout and friendly advice,2025-05-26
5851,6973,20,4,Great selection and clean store,2024-11-27
5852,2620,8,4,Fast checkout and friendly advice,2024-04-10
5853,5757,11,4,Great selection and clean store,2023-01-19
5854,11255,16,3,Decent experience overall,2022-09-27
5855,6046,8,4,Helpful staff and healthy plants,2021-01-06
5856,1962,17,3,Decent experience overall,2023-11-19
5857,7936,14,4,Good prices during promotion,2022-02-13
5858,12252,21,5,Great selection and clean store,2023-05-22
5859,6567,18,3,Store was busy but okay,2022-04-13
5860,14408,13,4,Fast checkout and friendly advice,2022-02-21
5861,475,4,4,Helpful staff and healthy plants,2023-03-09
5862,292,15,4,Helpful staff and healthy plants,2022-05-02
5863,12869,23,3,Prices were a bit high,2021-11-04
5864,13096,13,5,Loved the indoor plant variety,2025-02-17
5865,774,4,3,Average product selection,2022-05-16
5866,13460,22,4,Fast checkout and friendly advice,2021-08-27
5867,12775,18,5,Great selection and clean store,2025-05-13
5868,12729,14,5,Fast checkout and friendly advice,2021-05-14
5869,185,20,5,Helpful staff and healthy plants,2024-03-19
5870,8918,21,4,Helpful staff and healthy plants,2021-03-25
5871,624,1,3,Decent experience overall,2021-04-08
5872,7797,3,4,Loved the indoor plant variety,2025-05-25
5873,2804,16,3,Decent experience overall,2025-01-04
5874,5907,13,4,Loved the indoor plant variety,2022-07-24
5875,11498,14,4,Loved the indoor plant variety,2024-06-02
5876,5420,2,3,Some items were out of stock,2024-11-04
5877,9628,5,3,Average product selection,2024-09-26
5878,1748,4,4,Loved the indoor plant variety,2021-08-07
5879,3145,22,3,Average product selection,2021-09-27
5880,7367,25,4,Great selection and clean store,2025-10-21
5881,4879,15,5,Good prices during promotion,2021-08-04
5882,7429,18,4,Loved the indoor plant variety,2024-10-25
5883,11251,18,4,Helpful staff and healthy plants,2021-07-09
5884,10427,12,5,Good prices during promotion,2021-07-25
5885,4049,13,3,Decent experience overall,2021-10-13
5886,14810,9,3,Average product selection,2024-08-04
5887,13393,13,3,Some items were out of stock,2022-10-13
5888,8571,17,4,Loved the indoor plant variety,2024-10-11
5889,8195,17,4,Great selection and clean store,2021-03-11
5890,9743,16,4,Fast checkout and friendly advice,2025-03-22
5891,12191,8,4,Fast checkout and friendly advice,2025-07-22
5892,204,6,4,Loved the indoor plant variety,2023-06-06
5893,11547,24,5,Good prices during promotion,2025-05-03
5894,3418,25,5,Helpful staff and healthy plants,2023-01-14
5895,5359,9,4,Good prices during promotion,2021-03-16
5896,11721,2,4,Loved the indoor plant variety,2025-12-06
5897,5147,12,3,Decent experience overall,2023-08-13
5898,908,19,4,Loved the indoor plant variety,2023-05-27
5899,4435,4,3,Some items were out of stock,2025-10-11
5900,13500,6,5,Helpful staff and healthy plants,2024-06-27
5901,14277,19,3,Decent experience overall,2021-12-01
5902,11427,12,5,Good prices during promotion,2022-03-12
5903,2801,14,4,Fast checkout and friendly advice,2022-08-06
5904,2544,7,3,Decent experience overall,2024-08-17
5905,1449,5,4,Helpful staff and healthy plants,2023-07-19
5906,6700,22,4,Great selection and clean store,2022-12-11
5907,4324,21,2,Competitor had better price,2022-12-04
5908,3377,6,5,Good prices during promotion,2021-02-24
5909,11910,10,4,Loved the indoor plant variety,2025-10-11
5910,14254,6,4,Good prices during promotion,2023-06-01
5911,2427,19,5,Helpful staff and healthy plants,2023-07-05
5912,9244,11,5,Loved the indoor plant variety,2022-02-17
5913,4315,14,4,Loved the indoor plant variety,2023-03-28
5914,8252,2,4,Helpful staff and healthy plants,2024-11-03
5915,11136,19,5,Helpful staff and healthy plants,2024-01-18
5916,9818,14,4,Good prices during promotion,2025-10-01
5917,8506,5,4,Loved the indoor plant variety,2022-05-06
5918,5406,5,4,Great selection and clean store,2025-03-22
5919,4557,12,5,Loved the indoor plant variety,2024-09-20
5920,7303,3,4,Fast checkout and friendly advice,2025-10-19
5921,10262,9,5,Good prices during promotion,2024-03-18
5922,5290,18,4,Fast checkout and friendly advice,2023-01-22
5923,7190,13,4,Fast checkout and friendly advice,2025-09-23
5924,4685,24,4,Good prices during promotion,2023-06-15
5925,14226,24,4,Good prices during promotion,2022-02-01
5926,585,13,4,Loved the indoor plant variety,2022-02-05
5927,2764,21,3,Prices were a bit high,2025-03-15
5928,3106,2,4,Good prices during promotion,2025-03-14
5929,2529,24,4,Great selection and clean store,2023-01-25
5930,5186,20,3,Store was busy but okay,2022-01-23
5931,12516,6,4,Loved the indoor plant variety,2025-05-28
5932,5317,16,4,Helpful staff and healthy plants,2022-09-07
5933,5244,12,3,Some items were out of stock,2022-05-06
5934,14396,10,3,Average product selection,2021-09-06
5935,13176,14,4,Fast checkout and friendly advice,2022-07-28
5936,12889,19,4,Great selection and clean store,2021-03-14
5937,9133,21,4,Great selection and clean store,2024-04-25
5938,7193,2,4,Great selection and clean store,2025-04-01
5939,6244,11,3,Prices were a bit high,2021-05-18
5940,2937,9,4,Fast checkout and friendly advice,2024-10-14
5941,5867,19,3,Some items were out of stock,2025-04-04
5942,5625,5,4,Helpful staff and healthy plants,2023-01-18
5943,5648,11,3,Decent experience overall,2025-09-13
5944,1304,6,3,Store was busy but okay,2025-03-25
5945,12358,1,3,Prices were a bit high,2025-08-05
5946,1717,24,3,Average product selection,2022-04-11
5947,4345,23,4,Loved the indoor plant variety,2024-04-15
5948,290,5,4,Great selection and clean store,2022-03-15
5949,2292,25,4,Great selection and clean store,2022-04-22
5950,1189,12,4,Helpful staff and healthy plants,2022-11-13
5951,8247,7,3,Decent experience overall,2022-12-04
5952,12287,2,4,Loved the indoor plant variety,2024-04-05
5953,6768,14,4,Great selection and clean store,2024-09-28
5954,13319,17,3,Some items were out of stock,2024-04-24
5955,2474,18,4,Helpful staff and healthy plants,2025-12-03
5956,12686,12,3,Prices were a bit high,2021-01-21
5957,8653,21,3,Prices were a bit high,2025-09-02
5958,6417,20,5,Good prices during promotion,2024-05-23
5959,12464,19,3,Decent experience overall,2025-11-24
5960,10758,19,4,Fast checkout and friendly advice,2023-04-09
5961,12467,10,4,Helpful staff and healthy plants,2025-12-11
5962,11896,17,2,Discount was confusing,2024-07-02
5963,11891,14,4,Good prices during promotion,2022-10-10
5964,14481,17,4,Fast checkout and friendly advice,2023-07-26
5965,13489,13,3,Prices were a bit high,2024-05-20
5966,10922,21,4,Great selection and clean store,2024-10-22
5967,1790,10,3,Store was busy but okay,2024-06-05
5968,9718,14,4,Great selection and clean store,2023-10-15
5969,5777,18,3,Average product selection,2022-11-20
5970,7122,3,2,Long wait and limited stock,2021-04-14
5971,9387,17,4,Helpful staff and healthy plants,2024-07-21
5972,1836,21,3,Average product selection,2024-12-24
5973,702,20,4,Loved the indoor plant variety,2022-02-03
5974,285,17,3,Decent experience overall,2022-04-01
5975,240,4,4,Great selection and clean store,2025-03-24
5976,11631,4,4,Helpful staff and healthy plants,2023-07-23
5977,1030,2,3,Store was busy but okay,2022-05-19
5978,5478,13,4,Helpful staff and healthy plants,2022-01-09
5979,3063,25,3,Prices were a bit high,2023-09-22
5980,13722,25,5,Helpful staff and healthy plants,2025-05-23
5981,12906,3,3,Average product selection,2022-12-16
5982,1680,1,4,Loved the indoor plant variety,2021-06-23
5983,3706,6,3,Decent experience overall,2023-07-26
5984,7808,22,5,Fast checkout and friendly advice,2022-01-21
5985,3010,2,3,Some items were out of stock,2021-05-27
5986,68,8,4,Good prices during promotion,2024-02-10
5987,3827,10,5,Great selection and clean store,2025-09-01
5988,6214,19,4,Loved the indoor plant variety,2022-04-01
5989,11473,7,3,Store was busy but okay,2022-07-27
5990,6575,17,4,Great selection and clean store,2025-04-06
5991,8197,12,3,Decent experience overall,2022-05-19
5992,5387,9,3,Some items were out of stock,2023-05-25
5993,7897,11,4,Loved the indoor plant variety,2024-07-14
5994,13870,3,3,Some items were out of stock,2021-08-16
5995,4297,12,4,Helpful staff and healthy plants,2022-08-08
5996,327,22,3,Average product selection,2021-01-01
5997,3590,3,4,Fast checkout and friendly advice,2022-08-01
5998,2980,9,3,Decent experience overall,2022-11-06
5999,7633,2,5,Good prices during promotion,2021-08-26
6000,3686,5,3,Prices were a bit high,2022-03-28
6001,8485,21,5,Great selection and clean store,2022-03-12
6002,7985,7,5,Fast checkout and friendly advice,2024-03-26
6003,14079,13,4,Loved the indoor plant variety,2021-11-08
6004,13471,24,3,Decent experience overall,2023-09-01
6005,4759,9,4,Great selection and clean store,2023-06-22
6006,8608,14,4,Loved the indoor plant variety,2025-10-27
6007,7658,9,4,Fast checkout and friendly advice,2025-06-22
6008,2845,12,3,Average product selection,2023-04-16
6009,11873,13,3,Decent experience overall,2021-06-23
6010,4543,10,3,Prices were a bit high,2023-03-09
6011,12844,12,5,Fast checkout and friendly advice,2025-09-23
6012,11915,20,4,Loved the indoor plant variety,2023-05-22
6013,8470,15,3,Some items were out of stock,2021-12-21
6014,4033,16,4,Loved the indoor plant variety,2021-04-24
6015,10380,6,3,Prices were a bit high,2022-05-11
6016,10283,22,4,Good prices during promotion,2025-09-13
6017,792,16,5,Fast checkout and friendly advice,2023-09-07
6018,4626,25,5,Great selection and clean store,2023-06-06
6019,13143,25,4,Great selection and clean store,2022-11-26
6020,14830,12,4,Great selection and clean store,2025-12-24
6021,7228,5,4,Helpful staff and healthy plants,2024-08-03
6022,9840,19,4,Good prices during promotion,2025-08-06
6023,4119,18,3,Decent experience overall,2024-04-13
6024,1382,20,5,Helpful staff and healthy plants,2025-07-27
6025,4686,7,5,Great selection and clean store,2021-04-14
6026,1349,25,4,Great selection and clean store,2023-11-17
6027,14461,18,3,Store was busy but okay,2024-05-26
6028,2295,14,5,Fast checkout and friendly advice,2022-03-28
6029,6773,2,3,Average product selection,2024-06-20
6030,4408,14,4,Fast checkout and friendly advice,2023-05-16
6031,8310,10,5,Loved the indoor plant variety,2023-07-06
6032,4515,8,3,Average product selection,2021-04-17
6033,3637,11,3,Decent experience overall,2021-06-17
6034,14660,19,4,Loved the indoor plant variety,2025-08-10
6035,8609,15,2,Could not find what I needed,2025-09-15
6036,11443,22,3,Average product selection,2021-07-16
6037,12454,24,5,Good prices during promotion,2021-04-17
6038,14092,7,4,Helpful staff and healthy plants,2023-10-19
6039,903,16,4,Loved the indoor plant variety,2022-05-23
6040,10451,25,5,Helpful staff and healthy plants,2021-04-28
6041,2274,1,4,Fast checkout and friendly advice,2025-06-18
6042,5088,6,3,Decent experience overall,2021-12-08
6043,5427,8,4,Great selection and clean store,2023-06-26
6044,10388,4,3,Store was busy but okay,2021-09-14
6045,4086,1,4,Fast checkout and friendly advice,2025-03-18
6046,8783,10,4,Great selection and clean store,2022-06-14
6047,1503,3,3,Average product selection,2022-03-15
6048,10829,1,4,Good prices during promotion,2022-08-21
6049,14843,13,5,Good prices during promotion,2021-10-16
6050,4993,12,4,Helpful staff and healthy plants,2022-06-12
6051,3062,24,4,Loved the indoor plant variety,2024-08-28
6052,13057,8,4,Helpful staff and healthy plants,2025-07-25
6053,6133,20,4,Good prices during promotion,2023-04-28
6054,7895,3,3,Some items were out of stock,2025-04-16
6055,8873,1,5,Good prices during promotion,2021-09-18
6056,5499,24,4,Loved the indoor plant variety,2024-08-05
6057,4330,15,3,Decent experience overall,2021-02-16
6058,1158,7,4,Loved the indoor plant variety,2021-02-17
6059,8833,9,4,Great selection and clean store,2025-05-28
6060,1810,11,4,Loved the indoor plant variety,2024-10-01
6061,10810,21,5,Fast checkout and friendly advice,2023-03-01
6062,7391,10,4,Good prices during promotion,2021-11-20
6063,4037,13,3,Store was busy but okay,2024-03-10
6064,159,11,3,Average product selection,2021-03-25
6065,2688,3,4,Great selection and clean store,2024-12-10
6066,13075,2,3,Prices were a bit high,2022-08-13
6067,2487,3,4,Great selection and clean store,2024-11-10
6068,11483,24,3,Some items were out of stock,2023-12-03
6069,10344,25,5,Fast checkout and friendly advice,2023-02-27
6070,13117,2,4,Fast checkout and friendly advice,2023-11-27
6071,1796,17,4,Helpful staff and healthy plants,2024-02-16
6072,8117,20,4,Great selection and clean store,2021-10-10
6073,10136,6,5,Helpful staff and healthy plants,2021-06-03
6074,3606,1,3,Average product selection,2022-11-22
6075,1572,22,3,Average product selection,2022-04-03
6076,9552,24,5,Loved the indoor plant variety,2023-11-20
6077,11521,25,4,Great selection and clean store,2021-05-15
6078,8500,20,4,Fast checkout and friendly advice,2022-05-10
6079,7913,20,5,Helpful staff and healthy plants,2022-03-16
6080,9525,22,4,Loved the indoor plant variety,2024-07-09
6081,11211,2,3,Average product selection,2024-09-16
6082,2658,2,5,Loved the indoor plant variety,2025-09-11
6083,2903,5,4,Fast checkout and friendly advice,2023-04-18
6084,3031,8,3,Some items were out of stock,2023-10-06
6085,9278,14,5,Good prices during promotion,2021-08-14
6086,14156,13,3,Store was busy but okay,2023-05-17
6087,11510,2,4,Good prices during promotion,2021-02-09
6088,13799,10,5,Helpful staff and healthy plants,2022-07-27
6089,12246,15,5,Loved the indoor plant variety,2022-12-20
6090,89,13,5,Good prices during promotion,2023-04-16
6091,2169,23,4,Good prices during promotion,2022-02-07
6092,11555,24,3,Prices were a bit high,2023-04-28
6093,1166,5,5,Good prices during promotion,2021-08-24
6094,11407,5,4,Loved the indoor plant variety,2022-03-15
6095,430,8,3,Decent experience overall,2025-11-17
6096,8469,10,3,Store was busy but okay,2024-04-01
6097,8494,24,4,Fast checkout and friendly advice,2024-12-01
6098,11702,1,4,Fast checkout and friendly advice,2022-12-21
6099,14657,18,5,Fast checkout and friendly advice,2022-01-17
6100,11801,7,4,Good prices during promotion,2024-06-24
6101,11206,24,4,Great selection and clean store,2021-03-12
6102,5989,4,3,Some items were out of stock,2023-05-05
6103,9316,12,3,Some items were out of stock,2025-12-01
6104,4946,23,3,Some items were out of stock,2024-02-13
6105,3125,16,3,Some items were out of stock,2024-04-25
6106,11764,2,3,Store was busy but okay,2025-03-21
6107,11844,14,4,Good prices during promotion,2021-04-05
6108,7327,12,4,Fast checkout and friendly advice,2023-07-12
6109,12032,21,4,Helpful staff and healthy plants,2024-05-28
6110,14071,9,3,Average product selection,2022-03-20
6111,730,22,2,Plant quality was disappointing,2025-04-23
6112,6624,10,4,Good prices during promotion,2025-08-01
6113,9852,17,3,Prices were a bit high,2021-09-18
6114,7087,3,3,Decent experience overall,2022-09-22
6115,5110,24,4,Loved the indoor plant variety,2021-05-07
6116,11255,12,3,Prices were a bit high,2023-04-18
6117,4351,12,3,Store was busy but okay,2021-08-20
6118,3883,18,4,Fast checkout and friendly advice,2025-09-03
6119,5176,7,2,Plant quality was disappointing,2023-04-24
6120,8501,3,4,Good prices during promotion,2024-04-20
6121,2421,9,4,Helpful staff and healthy plants,2024-03-18
6122,1866,3,3,Some items were out of stock,2025-10-01
6123,10739,23,4,Fast checkout and friendly advice,2024-03-06
6124,14060,19,4,Loved the indoor plant variety,2022-05-15
6125,2137,4,2,Discount was confusing,2022-06-11
6126,1685,4,2,Competitor had better price,2025-03-20
6127,545,8,2,Could not find what I needed,2021-07-25
6128,13177,17,4,Fast checkout and friendly advice,2025-03-06
6129,13032,3,3,Some items were out of stock,2023-05-05
6130,7944,3,4,Loved the indoor plant variety,2022-11-23
6131,3328,11,3,Store was busy but okay,2023-02-28
6132,3869,12,4,Good prices during promotion,2025-07-26
6133,14368,7,5,Helpful staff and healthy plants,2022-01-27
6134,12062,14,3,Some items were out of stock,2025-07-02
6135,12298,13,3,Decent experience overall,2025-05-24
6136,14473,2,2,Discount was confusing,2024-07-19
6137,1501,9,4,Great selection and clean store,2021-04-14
6138,8166,9,3,Prices were a bit high,2021-08-17
6139,8112,5,4,Helpful staff and healthy plants,2021-05-03
6140,1582,17,4,Great selection and clean store,2025-03-05
6141,6474,6,3,Prices were a bit high,2024-10-03
6142,9043,16,5,Helpful staff and healthy plants,2021-05-02
6143,7882,25,4,Helpful staff and healthy plants,2021-10-13
6144,5014,25,5,Good prices during promotion,2022-06-16
6145,10663,6,5,Great selection and clean store,2024-04-18
6146,7390,5,5,Great selection and clean store,2025-02-04
6147,11366,24,4,Fast checkout and friendly advice,2025-12-16
6148,14809,25,4,Great selection and clean store,2021-12-26
6149,8655,7,4,Loved the indoor plant variety,2021-12-20
6150,4071,21,4,Great selection and clean store,2024-04-13
6151,13840,12,3,Decent experience overall,2025-12-03
6152,2079,10,2,Discount was confusing,2022-05-05
6153,10885,15,4,Great selection and clean store,2025-05-24
6154,11666,25,4,Helpful staff and healthy plants,2021-12-25
6155,8854,1,4,Fast checkout and friendly advice,2024-01-21
6156,5588,13,4,Good prices during promotion,2022-08-24
6157,45,20,5,Loved the indoor plant variety,2021-05-06
6158,8681,15,4,Helpful staff and healthy plants,2024-05-15
6159,13805,14,3,Store was busy but okay,2022-08-17
6160,417,4,3,Average product selection,2025-10-02
6161,7363,6,4,Great selection and clean store,2021-04-15
6162,8595,6,5,Fast checkout and friendly advice,2025-12-27
6163,2183,20,3,Prices were a bit high,2025-01-14
6164,11454,16,5,Fast checkout and friendly advice,2022-10-07
6165,9029,24,3,Store was busy but okay,2021-06-28
6166,4395,7,4,Good prices during promotion,2024-04-02
6167,6431,3,4,Fast checkout and friendly advice,2021-11-07
6168,1224,16,3,Store was busy but okay,2023-01-26
6169,6658,2,3,Average product selection,2023-03-15
6170,9857,17,4,Helpful staff and healthy plants,2024-12-28
6171,3388,20,4,Fast checkout and friendly advice,2021-06-27
6172,6121,17,4,Fast checkout and friendly advice,2024-04-27
6173,3221,12,5,Loved the indoor plant variety,2023-05-19
6174,6341,24,4,Good prices during promotion,2024-07-18
6175,3088,21,3,Store was busy but okay,2024-03-21
6176,11666,13,3,Decent experience overall,2021-11-14
6177,2656,24,2,Competitor had better price,2024-06-12
6178,12279,3,4,Great selection and clean store,2025-03-11
6179,4063,17,4,Good prices during promotion,2025-04-18
6180,787,7,4,Helpful staff and healthy plants,2023-03-22
6181,5290,8,4,Helpful staff and healthy plants,2022-04-02
6182,8432,18,5,Loved the indoor plant variety,2025-03-13
6183,10382,9,3,Store was busy but okay,2025-04-23
6184,1469,25,4,Helpful staff and healthy plants,2025-07-19
6185,11718,14,3,Average product selection,2021-09-06
6186,9741,12,4,Fast checkout and friendly advice,2024-04-26
6187,5045,13,4,Great selection and clean store,2022-03-15
6188,11460,24,4,Good prices during promotion,2024-05-23
6189,2906,9,2,Discount was confusing,2021-01-05
6190,5420,10,3,Store was busy but okay,2021-08-19
6191,9242,17,4,Helpful staff and healthy plants,2022-07-26
6192,14957,13,5,Helpful staff and healthy plants,2023-02-10
6193,11491,7,3,Decent experience overall,2025-09-07
6194,12782,15,3,Some items were out of stock,2023-04-03
6195,14558,11,5,Helpful staff and healthy plants,2023-04-19
6196,1484,18,5,Loved the indoor plant variety,2024-03-23
6197,3268,18,4,Helpful staff and healthy plants,2025-04-10
6198,1168,19,4,Fast checkout and friendly advice,2024-11-05
6199,9721,5,5,Helpful staff and healthy plants,2024-07-20
6200,14355,6,3,Some items were out of stock,2022-03-24
6201,6990,2,4,Great selection and clean store,2025-04-01
6202,24,2,4,Helpful staff and healthy plants,2023-02-02
6203,863,5,3,Store was busy but okay,2021-03-24
6204,5583,7,4,Great selection and clean store,2022-03-17
6205,568,16,3,Store was busy but okay,2024-05-21
6206,4760,20,2,Plant quality was disappointing,2022-05-06
6207,5016,19,4,Great selection and clean store,2022-12-05
6208,5597,7,4,Good prices during promotion,2022-07-28
6209,7231,23,4,Fast checkout and friendly advice,2024-10-03
6210,5478,18,4,Fast checkout and friendly advice,2024-09-25
6211,12684,23,4,Helpful staff and healthy plants,2022-01-19
6212,13340,8,4,Helpful staff and healthy plants,2021-11-04
6213,12329,2,4,Loved the indoor plant variety,2025-11-14
6214,13039,7,4,Great selection and clean store,2021-02-03
6215,12949,12,3,Average product selection,2021-04-14
6216,6209,22,4,Good prices during promotion,2022-05-27
6217,11514,7,3,Prices were a bit high,2025-07-08
6218,5461,11,4,Good prices during promotion,2021-06-09
6219,9859,18,3,Prices were a bit high,2021-02-12
6220,12083,8,4,Great selection and clean store,2025-01-02
6221,3797,23,4,Loved the indoor plant variety,2025-04-15
6222,3971,12,3,Some items were out of stock,2025-01-01
6223,2969,15,5,Helpful staff and healthy plants,2024-03-18
6224,10882,13,4,Helpful staff and healthy plants,2021-02-16
6225,10768,9,4,Loved the indoor plant variety,2024-10-08
6226,6896,24,4,Helpful staff and healthy plants,2021-09-12
6227,10729,13,4,Good prices during promotion,2025-03-22
6228,13090,8,5,Good prices during promotion,2021-04-11
6229,13014,8,4,Good prices during promotion,2024-11-17
6230,10361,7,3,Prices were a bit high,2025-05-10
6231,9793,16,4,Helpful staff and healthy plants,2024-08-26
6232,111,19,4,Loved the indoor plant variety,2021-08-02
6233,2875,14,4,Loved the indoor plant variety,2025-11-20
6234,3194,19,3,Some items were out of stock,2021-01-13
6235,9292,17,3,Prices were a bit high,2025-07-23
6236,408,16,4,Helpful staff and healthy plants,2021-07-03
6237,14575,12,3,Store was busy but okay,2023-03-04
6238,5896,6,3,Prices were a bit high,2022-01-24
6239,4544,15,4,Good prices during promotion,2024-05-08
6240,8054,13,4,Good prices during promotion,2021-04-04
6241,4737,12,5,Fast checkout and friendly advice,2025-07-14
6242,10064,6,3,Some items were out of stock,2025-08-27
6243,12773,17,4,Loved the indoor plant variety,2025-11-02
6244,2691,20,4,Great selection and clean store,2025-09-05
6245,11947,17,5,Loved the indoor plant variety,2024-11-13
6246,6518,23,4,Fast checkout and friendly advice,2022-08-22
6247,12823,3,4,Good prices during promotion,2022-09-02
6248,3990,7,4,Great selection and clean store,2022-05-24
6249,14280,17,4,Loved the indoor plant variety,2024-06-04
6250,4769,22,4,Good prices during promotion,2021-12-04
6251,10569,3,5,Great selection and clean store,2025-09-18
6252,2950,20,5,Great selection and clean store,2022-03-14
6253,982,7,3,Prices were a bit high,2021-04-17
6254,10554,23,5,Helpful staff and healthy plants,2023-03-16
6255,13633,19,3,Store was busy but okay,2023-05-21
6256,5623,2,3,Prices were a bit high,2021-11-03
6257,10490,18,5,Great selection and clean store,2024-02-08
6258,10086,12,4,Loved the indoor plant variety,2025-07-24
6259,1951,18,4,Good prices during promotion,2025-04-22
6260,3446,23,5,Helpful staff and healthy plants,2025-05-08
6261,12011,13,3,Store was busy but okay,2024-07-08
6262,9318,21,4,Helpful staff and healthy plants,2024-06-05
6263,9006,9,4,Loved the indoor plant variety,2021-02-08
6264,3098,25,3,Decent experience overall,2025-05-07
6265,9354,3,5,Good prices during promotion,2023-09-19
6266,3750,9,2,Could not find what I needed,2022-12-07
6267,4594,12,4,Fast checkout and friendly advice,2024-03-02
6268,9280,15,4,Loved the indoor plant variety,2021-04-05
6269,14944,15,3,Average product selection,2023-06-11
6270,3553,6,4,Helpful staff and healthy plants,2023-08-27
6271,12859,19,4,Fast checkout and friendly advice,2025-10-01
6272,7055,22,4,Good prices during promotion,2022-01-23
6273,612,22,3,Some items were out of stock,2021-09-16
6274,9750,6,4,Helpful staff and healthy plants,2023-12-11
6275,6009,5,4,Loved the indoor plant variety,2024-12-05
6276,4827,18,5,Helpful staff and healthy plants,2021-12-23
6277,13584,13,4,Loved the indoor plant variety,2022-02-16
6278,8208,2,3,Store was busy but okay,2022-02-27
6279,1045,7,3,Store was busy but okay,2023-07-25
6280,9402,8,4,Helpful staff and healthy plants,2025-10-10
6281,795,9,4,Good prices during promotion,2022-06-22
6282,4504,13,5,Good prices during promotion,2024-10-14
6283,11491,8,4,Loved the indoor plant variety,2025-12-19
6284,8874,5,4,Fast checkout and friendly advice,2023-08-28
6285,3248,17,4,Loved the indoor plant variety,2021-09-28
6286,6146,7,3,Store was busy but okay,2023-02-19
6287,4017,24,3,Decent experience overall,2021-12-07
6288,7471,3,5,Helpful staff and healthy plants,2025-11-10
6289,7420,19,4,Loved the indoor plant variety,2023-03-27
6290,13173,5,4,Loved the indoor plant variety,2025-11-22
6291,463,10,5,Good prices during promotion,2023-12-03
6292,9047,23,2,Competitor had better price,2024-06-27
6293,12050,24,5,Fast checkout and friendly advice,2022-06-13
6294,7456,11,4,Loved the indoor plant variety,2023-06-02
6295,1206,14,4,Loved the indoor plant variety,2024-04-24
6296,972,24,3,Prices were a bit high,2022-11-10
6297,6498,18,5,Helpful staff and healthy plants,2021-05-02
6298,159,17,5,Great selection and clean store,2021-09-11
6299,9442,11,4,Great selection and clean store,2022-05-06
6300,8456,8,5,Great selection and clean store,2024-05-05
6301,7284,1,4,Helpful staff and healthy plants,2025-03-24
6302,3344,4,5,Great selection and clean store,2025-12-08
6303,11761,1,5,Great selection and clean store,2021-08-07
6304,3217,3,3,Average product selection,2021-11-20
6305,14891,8,3,Some items were out of stock,2025-07-23
6306,7971,18,3,Prices were a bit high,2021-01-25
6307,5256,5,4,Helpful staff and healthy plants,2024-07-20
6308,2738,11,4,Loved the indoor plant variety,2024-03-22
6309,12521,12,4,Great selection and clean store,2024-08-10
6310,8682,6,4,Fast checkout and friendly advice,2025-01-17
6311,6147,21,5,Good prices during promotion,2024-12-26
6312,7628,12,5,Helpful staff and healthy plants,2022-07-21
6313,3839,3,3,Average product selection,2024-06-18
6314,1865,2,3,Prices were a bit high,2023-03-10
6315,14951,18,3,Average product selection,2024-07-19
6316,5600,13,3,Decent experience overall,2023-08-23
6317,784,18,3,Store was busy but okay,2022-02-20
6318,8843,2,5,Fast checkout and friendly advice,2021-12-06
6319,8846,6,4,Helpful staff and healthy plants,2024-05-06
6320,2136,16,2,Discount was confusing,2025-04-07
6321,2731,18,4,Loved the indoor plant variety,2023-07-22
6322,7292,1,3,Prices were a bit high,2023-09-12
6323,7540,1,4,Loved the indoor plant variety,2024-06-06
6324,1318,4,4,Helpful staff and healthy plants,2023-10-03
6325,10892,19,3,Some items were out of stock,2025-04-22
6326,4280,6,4,Great selection and clean store,2022-05-24
6327,14068,5,5,Good prices during promotion,2021-12-25
6328,993,11,3,Average product selection,2021-03-20
6329,11319,23,3,Average product selection,2022-06-19
6330,9555,12,4,Great selection and clean store,2023-04-10
6331,12991,15,4,Fast checkout and friendly advice,2024-09-21
6332,9169,1,3,Store was busy but okay,2024-08-11
6333,12557,18,3,Some items were out of stock,2021-12-06
6334,5962,2,4,Helpful staff and healthy plants,2023-05-15
6335,10399,12,3,Decent experience overall,2024-04-26
6336,9518,4,3,Decent experience overall,2025-08-13
6337,14408,14,5,Helpful staff and healthy plants,2022-11-02
6338,5845,16,4,Helpful staff and healthy plants,2025-03-13
6339,8649,7,5,Loved the indoor plant variety,2023-01-20
6340,3166,19,4,Loved the indoor plant variety,2022-09-10
6341,6630,22,5,Loved the indoor plant variety,2025-08-06
6342,13133,19,3,Store was busy but okay,2025-12-27
6343,2661,5,4,Good prices during promotion,2024-07-23
6344,10586,7,4,Fast checkout and friendly advice,2024-02-26
6345,7258,7,3,Average product selection,2024-04-18
6346,3355,4,3,Store was busy but okay,2025-03-09
6347,10870,2,5,Fast checkout and friendly advice,2022-03-22
6348,14397,21,4,Helpful staff and healthy plants,2021-06-05
6349,7083,15,4,Helpful staff and healthy plants,2023-08-07
6350,6150,2,3,Decent experience overall,2023-11-06
6351,8763,4,3,Store was busy but okay,2021-04-25
6352,13355,2,4,Good prices during promotion,2022-04-05
6353,7840,6,5,Good prices during promotion,2025-08-03
6354,7375,11,3,Prices were a bit high,2021-03-04
6355,10924,17,3,Decent experience overall,2021-12-08
6356,4457,12,4,Loved the indoor plant variety,2023-01-23
6357,9264,21,4,Loved the indoor plant variety,2024-09-03
6358,10218,24,3,Some items were out of stock,2023-05-02
6359,10230,24,5,Great selection and clean store,2021-05-10
6360,3115,9,3,Prices were a bit high,2021-02-20
6361,9102,12,4,Loved the indoor plant variety,2024-10-13
6362,12460,20,3,Some items were out of stock,2023-07-22
6363,11270,1,4,Fast checkout and friendly advice,2025-11-11
6364,817,5,4,Good prices during promotion,2021-03-21
6365,10126,1,4,Great selection and clean store,2023-01-20
6366,4277,22,4,Helpful staff and healthy plants,2021-03-27
6367,4400,20,4,Fast checkout and friendly advice,2021-07-10
6368,4087,21,2,Could not find what I needed,2021-04-10
6369,4623,2,4,Great selection and clean store,2025-12-08
6370,12901,12,4,Good prices during promotion,2022-07-25
6371,10791,24,4,Helpful staff and healthy plants,2022-01-09
6372,2869,10,4,Fast checkout and friendly advice,2023-04-27
6373,8972,3,5,Loved the indoor plant variety,2025-04-23
6374,11712,13,4,Great selection and clean store,2022-03-18
6375,2764,1,4,Loved the indoor plant variety,2023-08-09
6376,1887,10,4,Great selection and clean store,2025-01-08
6377,6574,5,4,Great selection and clean store,2024-05-25
6378,11601,12,3,Some items were out of stock,2025-08-06
6379,7582,21,4,Helpful staff and healthy plants,2021-12-18
6380,13939,18,3,Average product selection,2024-08-03
6381,5234,2,5,Helpful staff and healthy plants,2021-12-13
6382,4252,17,4,Loved the indoor plant variety,2021-09-27
6383,7703,7,4,Helpful staff and healthy plants,2025-11-12
6384,14452,24,4,Great selection and clean store,2024-04-06
6385,9236,9,5,Loved the indoor plant variety,2023-05-14
6386,2420,2,4,Great selection and clean store,2022-12-24
6387,187,17,2,Competitor had better price,2022-05-11
6388,14208,1,4,Great selection and clean store,2023-03-19
6389,4950,25,3,Some items were out of stock,2025-12-23
6390,12685,12,4,Loved the indoor plant variety,2025-10-05
6391,2947,17,5,Loved the indoor plant variety,2025-04-13
6392,9299,3,4,Good prices during promotion,2022-04-04
6393,8321,19,3,Average product selection,2021-07-10
6394,8123,22,4,Great selection and clean store,2025-12-25
6395,10629,11,3,Some items were out of stock,2023-05-27
6396,6783,15,2,Long wait and limited stock,2021-07-22
6397,8896,5,5,Helpful staff and healthy plants,2025-12-11
6398,5132,15,2,Could not find what I needed,2025-09-03
6399,9224,19,3,Prices were a bit high,2024-04-14
6400,12281,13,4,Good prices during promotion,2024-04-04
6401,4987,23,4,Great selection and clean store,2021-11-20
6402,10617,15,4,Great selection and clean store,2023-06-03
6403,4230,7,4,Helpful staff and healthy plants,2023-08-16
6404,1871,8,3,Decent experience overall,2021-09-13
6405,9529,7,4,Good prices during promotion,2022-04-02
6406,8490,10,5,Good prices during promotion,2025-01-14
6407,11013,22,5,Good prices during promotion,2021-02-06
6408,12725,1,4,Good prices during promotion,2025-09-04
6409,4188,15,4,Helpful staff and healthy plants,2022-01-13
6410,6200,5,4,Loved the indoor plant variety,2021-03-01
6411,14496,24,1,Plant quality was disappointing,2024-02-11
6412,11687,13,3,Prices were a bit high,2025-11-18
6413,14717,8,4,Good prices during promotion,2023-05-18
6414,13628,10,4,Fast checkout and friendly advice,2024-04-10
6415,2599,24,4,Loved the indoor plant variety,2023-02-21
6416,5461,8,4,Good prices during promotion,2025-12-22
6417,5144,12,2,Could not find what I needed,2024-05-01
6418,2933,12,5,Good prices during promotion,2023-12-01
6419,4083,9,4,Good prices during promotion,2024-03-22
6420,1697,9,5,Good prices during promotion,2023-09-20
6421,4856,24,4,Helpful staff and healthy plants,2023-10-27
6422,11658,21,4,Helpful staff and healthy plants,2023-01-02
6423,6415,25,3,Some items were out of stock,2024-01-21
6424,10518,9,5,Great selection and clean store,2024-04-18
6425,3311,3,3,Store was busy but okay,2023-09-15
6426,10967,25,4,Helpful staff and healthy plants,2024-12-06
6427,11811,21,4,Fast checkout and friendly advice,2024-12-03
6428,12229,13,5,Fast checkout and friendly advice,2024-11-14
6429,11549,18,5,Helpful staff and healthy plants,2021-04-09
6430,14714,6,4,Helpful staff and healthy plants,2021-04-24
6431,3939,7,4,Loved the indoor plant variety,2024-04-27
6432,3486,15,4,Loved the indoor plant variety,2024-05-04
6433,5948,22,4,Great selection and clean store,2023-04-23
6434,9296,19,4,Helpful staff and healthy plants,2025-06-25
6435,9990,22,3,Decent experience overall,2022-02-20
6436,8638,3,3,Decent experience overall,2025-04-04
6437,4043,9,5,Good prices during promotion,2023-06-10
6438,1193,16,3,Decent experience overall,2022-08-09
6439,12942,5,4,Helpful staff and healthy plants,2024-05-25
6440,4620,3,4,Good prices during promotion,2025-03-10
6441,9849,18,4,Fast checkout and friendly advice,2022-06-07
6442,1313,10,4,Loved the indoor plant variety,2025-05-20
6443,7886,1,4,Helpful staff and healthy plants,2025-09-14
6444,6236,12,4,Good prices during promotion,2021-03-10
6445,1077,9,3,Some items were out of stock,2025-09-07
6446,12347,1,5,Fast checkout and friendly advice,2023-06-22
6447,14802,11,4,Fast checkout and friendly advice,2021-09-09
6448,3737,22,3,Some items were out of stock,2023-12-04
6449,9368,23,3,Average product selection,2021-10-10
6450,2464,13,5,Good prices during promotion,2025-12-05
6451,179,11,5,Good prices during promotion,2023-04-07
6452,14994,5,5,Fast checkout and friendly advice,2021-12-26
6453,9087,3,5,Great selection and clean store,2023-04-10
6454,1912,12,3,Decent experience overall,2021-01-22
6455,2575,19,3,Store was busy but okay,2024-01-16
6456,127,21,3,Prices were a bit high,2022-08-23
6457,13318,5,4,Good prices during promotion,2023-08-27
6458,11184,14,3,Store was busy but okay,2021-01-28
6459,3177,3,3,Prices were a bit high,2023-12-25
6460,1647,1,5,Great selection and clean store,2024-01-24
6461,5224,15,3,Prices were a bit high,2024-04-12
6462,7975,5,4,Helpful staff and healthy plants,2023-10-27
6463,3745,4,4,Good prices during promotion,2021-05-21
6464,14127,10,3,Some items were out of stock,2022-07-11
6465,5117,21,4,Fast checkout and friendly advice,2025-11-24
6466,3357,14,4,Good prices during promotion,2021-11-14
6467,10346,14,3,Some items were out of stock,2023-06-28
6468,1780,19,4,Fast checkout and friendly advice,2022-10-10
6469,1690,14,3,Some items were out of stock,2021-04-03
6470,9379,2,3,Some items were out of stock,2022-04-27
6471,14517,23,4,Great selection and clean store,2023-05-18
6472,5547,5,5,Fast checkout and friendly advice,2023-02-17
6473,12496,21,3,Store was busy but okay,2023-11-25
6474,12148,21,4,Fast checkout and friendly advice,2022-02-02
6475,4229,8,4,Great selection and clean store,2021-04-05
6476,11757,14,3,Prices were a bit high,2025-12-06
6477,5076,13,4,Good prices during promotion,2024-07-05
6478,3780,7,4,Fast checkout and friendly advice,2023-05-09
6479,6572,23,4,Great selection and clean store,2021-08-04
6480,8079,5,4,Good prices during promotion,2022-08-06
6481,6483,12,3,Store was busy but okay,2025-09-11
6482,541,15,4,Good prices during promotion,2022-05-17
6483,1736,20,3,Prices were a bit high,2022-05-03
6484,5690,16,4,Good prices during promotion,2021-01-15
6485,9853,3,4,Helpful staff and healthy plants,2024-10-17
6486,329,5,3,Average product selection,2024-03-21
6487,3246,16,2,Discount was confusing,2022-11-06
6488,30,21,4,Great selection and clean store,2022-05-12
6489,9918,22,4,Helpful staff and healthy plants,2024-09-17
6490,4736,2,3,Decent experience overall,2025-06-20
6491,14389,23,3,Average product selection,2023-12-13
6492,4581,1,4,Helpful staff and healthy plants,2024-01-20
6493,12879,23,5,Loved the indoor plant variety,2023-04-08
6494,11030,18,3,Store was busy but okay,2022-08-20
6495,4786,6,4,Loved the indoor plant variety,2025-11-27
6496,552,13,3,Decent experience overall,2025-05-14
6497,14530,20,5,Helpful staff and healthy plants,2024-07-12
6498,4147,21,4,Loved the indoor plant variety,2024-11-10
6499,13007,14,4,Great selection and clean store,2023-11-24
6500,2221,18,4,Loved the indoor plant variety,2024-07-10
6501,11296,3,3,Store was busy but okay,2023-10-09
6502,14728,18,5,Loved the indoor plant variety,2023-05-13
6503,1184,1,4,Helpful staff and healthy plants,2023-08-26
6504,6427,15,3,Average product selection,2025-11-23
6505,8380,15,4,Great selection and clean store,2022-01-03
6506,2736,20,3,Average product selection,2022-09-24
6507,9376,25,5,Good prices during promotion,2024-06-07
6508,2774,24,4,Good prices during promotion,2021-01-12
6509,11973,7,3,Some items were out of stock,2022-06-03
6510,1570,1,3,Decent experience overall,2023-08-03
6511,8721,17,4,Good prices during promotion,2025-11-10
6512,738,25,5,Helpful staff and healthy plants,2021-04-19
6513,3425,11,4,Loved the indoor plant variety,2022-11-24
6514,547,7,3,Average product selection,2024-07-07
6515,13594,20,3,Prices were a bit high,2022-04-20
6516,8905,1,4,Helpful staff and healthy plants,2021-05-28
6517,11879,11,3,Decent experience overall,2021-05-01
6518,5678,18,4,Fast checkout and friendly advice,2025-02-02
6519,3124,15,4,Fast checkout and friendly advice,2022-05-02
6520,2594,10,4,Good prices during promotion,2024-05-12
6521,2319,18,4,Loved the indoor plant variety,2024-03-02
6522,325,17,5,Helpful staff and healthy plants,2022-11-19
6523,2833,20,5,Fast checkout and friendly advice,2025-04-09
6524,6575,1,4,Fast checkout and friendly advice,2024-04-20
6525,2949,14,4,Good prices during promotion,2023-09-15
6526,12146,11,4,Fast checkout and friendly advice,2021-02-25
6527,9174,22,4,Helpful staff and healthy plants,2023-03-15
6528,1967,25,4,Helpful staff and healthy plants,2023-06-10
6529,7924,9,4,Good prices during promotion,2023-07-06
6530,14651,1,4,Fast checkout and friendly advice,2022-08-24
6531,7172,10,5,Fast checkout and friendly advice,2021-10-11
6532,11448,6,3,Store was busy but okay,2021-11-21
6533,4123,18,4,Fast checkout and friendly advice,2021-04-11
6534,347,24,3,Some items were out of stock,2024-09-16
6535,3230,9,3,Decent experience overall,2022-02-14
6536,2462,24,3,Average product selection,2024-07-12
6537,14522,15,4,Fast checkout and friendly advice,2021-04-08
6538,9911,1,4,Loved the indoor plant variety,2022-02-07
6539,4409,10,3,Decent experience overall,2021-09-03
6540,8650,13,4,Fast checkout and friendly advice,2021-01-10
6541,14412,14,3,Decent experience overall,2024-07-01
6542,12822,1,4,Helpful staff and healthy plants,2024-01-26
6543,2822,23,3,Some items were out of stock,2024-09-04
6544,14855,14,4,Good prices during promotion,2022-05-17
6545,4291,18,4,Great selection and clean store,2022-11-25
6546,4307,10,3,Average product selection,2025-01-11
6547,11957,21,5,Great selection and clean store,2025-11-24
6548,9539,24,4,Great selection and clean store,2023-08-08
6549,14048,1,5,Good prices during promotion,2024-04-20
6550,3784,16,4,Loved the indoor plant variety,2023-10-05
6551,5547,19,4,Loved the indoor plant variety,2022-03-16
6552,6451,11,2,Discount was confusing,2024-08-22
6553,4065,7,3,Some items were out of stock,2022-03-23
6554,9486,25,4,Fast checkout and friendly advice,2023-01-26
6555,54,24,3,Decent experience overall,2022-08-22
6556,7104,1,4,Fast checkout and friendly advice,2024-04-19
6557,7291,18,1,Plant quality was disappointing,2021-06-28
6558,11164,14,4,Helpful staff and healthy plants,2022-08-12
6559,11036,10,5,Great selection and clean store,2022-01-18
6560,14135,1,5,Helpful staff and healthy plants,2021-10-14
6561,11071,9,3,Store was busy but okay,2025-12-25
6562,9980,16,4,Good prices during promotion,2022-12-04
6563,14245,2,3,Some items were out of stock,2021-05-22
6564,10242,14,4,Great selection and clean store,2024-09-17
6565,11508,16,5,Loved the indoor plant variety,2024-07-14
6566,1318,12,3,Some items were out of stock,2025-10-12
6567,4057,12,4,Fast checkout and friendly advice,2024-12-13
6568,4682,10,4,Helpful staff and healthy plants,2022-05-03
6569,2089,24,3,Average product selection,2021-04-02
6570,717,6,3,Average product selection,2021-11-14
6571,14300,10,3,Store was busy but okay,2022-01-18
6572,13490,14,3,Average product selection,2022-12-10
6573,2004,3,3,Store was busy but okay,2024-11-07
6574,9640,9,2,Competitor had better price,2025-06-17
6575,14471,21,4,Fast checkout and friendly advice,2024-04-28
6576,5380,23,5,Loved the indoor plant variety,2023-08-07
6577,7392,25,3,Store was busy but okay,2021-11-11
6578,1238,6,4,Good prices during promotion,2023-12-12
6579,10984,14,4,Helpful staff and healthy plants,2022-04-27
6580,6853,5,4,Great selection and clean store,2022-03-06
6581,818,15,4,Helpful staff and healthy plants,2024-12-27
6582,2851,11,4,Good prices during promotion,2022-11-13
6583,12193,17,3,Prices were a bit high,2023-02-24
6584,9682,4,2,Competitor had better price,2021-03-12
6585,3028,9,3,Average product selection,2022-06-10
6586,885,7,5,Loved the indoor plant variety,2022-10-17
6587,2794,4,5,Helpful staff and healthy plants,2021-05-13
6588,2052,14,4,Great selection and clean store,2023-12-16
6589,13240,10,4,Great selection and clean store,2023-04-20
6590,13069,23,5,Fast checkout and friendly advice,2021-10-09
6591,669,14,4,Loved the indoor plant variety,2024-08-14
6592,6704,12,3,Some items were out of stock,2021-05-08
6593,7864,14,4,Helpful staff and healthy plants,2021-06-15
6594,7288,12,4,Good prices during promotion,2024-03-21
6595,9035,22,4,Good prices during promotion,2021-05-02
6596,11686,9,5,Loved the indoor plant variety,2024-11-20
6597,9459,16,3,Store was busy but okay,2024-08-16
6598,2107,24,4,Good prices during promotion,2022-05-11
6599,2533,4,3,Decent experience overall,2024-06-16
6600,1570,7,3,Store was busy but okay,2022-06-02
6601,504,10,4,Loved the indoor plant variety,2021-05-20
6602,575,17,3,Some items were out of stock,2025-09-15
6603,4277,3,5,Good prices during promotion,2024-04-18
6604,14172,15,4,Good prices during promotion,2021-07-04
6605,4581,9,5,Helpful staff and healthy plants,2024-08-25
6606,4340,3,4,Fast checkout and friendly advice,2025-09-12
6607,8,5,4,Helpful staff and healthy plants,2025-01-16
6608,656,16,3,Store was busy but okay,2021-03-10
6609,9154,7,3,Store was busy but okay,2022-02-01
6610,11315,14,4,Helpful staff and healthy plants,2024-05-18
6611,11206,4,3,Some items were out of stock,2025-05-06
6612,2224,9,5,Fast checkout and friendly advice,2021-01-19
6613,11801,12,2,Competitor had better price,2024-04-19
6614,8296,11,4,Loved the indoor plant variety,2025-08-09
6615,10243,22,4,Loved the indoor plant variety,2023-12-07
6616,11161,3,4,Great selection and clean store,2021-03-25
6617,11266,20,3,Some items were out of stock,2022-02-21
6618,4106,3,3,Prices were a bit high,2023-02-12
6619,8720,11,4,Fast checkout and friendly advice,2023-04-14
6620,4691,3,5,Loved the indoor plant variety,2024-01-12
6621,479,5,3,Prices were a bit high,2021-05-18
6622,907,2,4,Fast checkout and friendly advice,2023-10-06
6623,6433,8,3,Decent experience overall,2023-09-12
6624,10311,2,4,Great selection and clean store,2022-05-05
6625,9981,12,3,Some items were out of stock,2021-04-19
6626,9993,15,4,Good prices during promotion,2022-06-10
6627,14343,7,2,Could not find what I needed,2025-05-28
6628,319,3,4,Good prices during promotion,2024-05-19
6629,11258,24,4,Fast checkout and friendly advice,2022-07-02
6630,10639,15,5,Fast checkout and friendly advice,2025-12-03
6631,7223,21,3,Decent experience overall,2023-09-04
6632,6171,16,4,Fast checkout and friendly advice,2024-04-19
6633,7600,21,4,Great selection and clean store,2022-02-20
6634,8400,11,5,Loved the indoor plant variety,2025-03-13
6635,7407,24,4,Fast checkout and friendly advice,2023-03-13
6636,2030,18,4,Good prices during promotion,2021-06-21
6637,10479,25,4,Great selection and clean store,2021-05-27
6638,5171,3,3,Decent experience overall,2025-02-03
6639,12370,9,3,Prices were a bit high,2021-04-13
6640,10649,24,3,Prices were a bit high,2023-02-02
6641,13602,2,4,Loved the indoor plant variety,2024-12-24
6642,7299,12,4,Good prices during promotion,2025-11-01
6643,14723,20,3,Average product selection,2025-04-06
6644,12193,12,4,Good prices during promotion,2022-08-11
6645,12708,14,4,Loved the indoor plant variety,2025-03-27
6646,10835,10,4,Loved the indoor plant variety,2024-02-20
6647,1358,7,2,Discount was confusing,2025-09-18
6648,11624,2,4,Helpful staff and healthy plants,2025-05-15
6649,4947,22,4,Great selection and clean store,2024-12-19
6650,10244,24,4,Helpful staff and healthy plants,2021-04-11
6651,6139,19,5,Good prices during promotion,2025-10-28
6652,14320,10,5,Loved the indoor plant variety,2021-03-24
6653,13891,14,4,Fast checkout and friendly advice,2022-04-14
6654,14129,21,4,Fast checkout and friendly advice,2025-06-27
6655,12509,14,4,Great selection and clean store,2023-12-21
6656,1620,15,3,Decent experience overall,2021-04-03
6657,8923,12,4,Fast checkout and friendly advice,2024-03-18
6658,4370,2,4,Loved the indoor plant variety,2024-08-01
6659,7225,17,3,Average product selection,2023-09-09
6660,12638,19,4,Great selection and clean store,2021-05-02
6661,3326,2,4,Helpful staff and healthy plants,2024-03-03
6662,6412,12,3,Store was busy but okay,2021-02-25
6663,5595,13,3,Average product selection,2023-11-26
6664,9566,3,5,Loved the indoor plant variety,2021-11-16
6665,9163,18,3,Store was busy but okay,2021-11-10
6666,6720,6,3,Average product selection,2022-06-18
6667,12068,25,5,Loved the indoor plant variety,2022-04-20
6668,12522,20,5,Loved the indoor plant variety,2024-04-02
6669,3620,17,4,Fast checkout and friendly advice,2021-11-07
6670,11880,23,3,Prices were a bit high,2024-02-22
6671,6497,25,4,Good prices during promotion,2022-07-02
6672,8591,2,4,Good prices during promotion,2021-07-28
6673,2691,11,3,Some items were out of stock,2024-04-09
6674,1131,1,3,Average product selection,2022-04-28
6675,11095,14,4,Helpful staff and healthy plants,2024-05-02
6676,9124,19,4,Loved the indoor plant variety,2021-12-20
6677,5006,1,5,Helpful staff and healthy plants,2023-10-21
6678,6684,9,3,Store was busy but okay,2025-07-24
6679,5920,22,3,Some items were out of stock,2024-03-03
6680,9420,4,5,Good prices during promotion,2024-02-27
6681,4512,22,4,Helpful staff and healthy plants,2022-06-02
6682,5974,1,4,Good prices during promotion,2025-12-01
6683,9811,1,4,Fast checkout and friendly advice,2022-05-26
6684,12488,22,4,Loved the indoor plant variety,2021-01-22
6685,277,11,3,Average product selection,2021-10-10
6686,4627,6,3,Store was busy but okay,2022-04-09
6687,7578,20,3,Prices were a bit high,2024-02-09
6688,2850,11,2,Competitor had better price,2021-12-19
6689,2660,19,4,Great selection and clean store,2021-12-06
6690,13770,3,2,Could not find what I needed,2023-05-11
6691,8890,19,4,Great selection and clean store,2021-07-09
6692,7908,23,5,Great selection and clean store,2024-12-17
6693,5306,3,4,Good prices during promotion,2021-04-20
6694,14188,25,5,Loved the indoor plant variety,2024-04-19
6695,10158,9,4,Great selection and clean store,2024-10-21
6696,14561,7,4,Great selection and clean store,2021-11-22
6697,4879,17,5,Good prices during promotion,2021-04-18
6698,3669,6,4,Helpful staff and healthy plants,2024-11-04
6699,14307,21,3,Average product selection,2023-11-11
6700,3526,15,3,Store was busy but okay,2023-03-01
6701,957,9,4,Fast checkout and friendly advice,2021-10-21
6702,9877,24,5,Good prices during promotion,2023-03-04
6703,6611,6,4,Fast checkout and friendly advice,2024-12-06
6704,3174,7,2,Plant quality was disappointing,2025-06-07
6705,13744,10,3,Decent experience overall,2024-03-10
6706,4259,13,4,Great selection and clean store,2021-04-08
6707,14131,6,3,Prices were a bit high,2021-08-06
6708,6782,6,5,Loved the indoor plant variety,2025-08-21
6709,6136,13,4,Fast checkout and friendly advice,2025-10-08
6710,4763,8,4,Helpful staff and healthy plants,2024-03-13
6711,7779,22,3,Prices were a bit high,2024-05-04
6712,614,25,3,Average product selection,2025-05-25
6713,8669,1,2,Competitor had better price,2024-11-11
6714,13876,2,4,Helpful staff and healthy plants,2021-05-11
6715,4313,5,5,Helpful staff and healthy plants,2024-10-05
6716,378,23,4,Fast checkout and friendly advice,2022-06-21
6717,9118,20,3,Prices were a bit high,2023-05-08
6718,4012,2,4,Great selection and clean store,2025-05-24
6719,4884,17,4,Good prices during promotion,2022-10-18
6720,9249,1,4,Helpful staff and healthy plants,2025-09-19
6721,909,19,3,Store was busy but okay,2025-05-07
6722,1973,23,1,Competitor had better price,2021-12-27
6723,4486,24,4,Fast checkout and friendly advice,2023-04-27
6724,1220,22,3,Average product selection,2023-09-18
6725,14142,6,4,Good prices during promotion,2022-03-05
6726,4675,16,5,Helpful staff and healthy plants,2021-09-17
6727,9488,8,3,Decent experience overall,2021-12-23
6728,924,1,3,Average product selection,2024-12-25
6729,3601,23,3,Some items were out of stock,2024-05-13
6730,14451,19,5,Good prices during promotion,2021-04-26
6731,13471,6,4,Fast checkout and friendly advice,2024-02-01
6732,8126,7,3,Prices were a bit high,2025-06-25
6733,12674,5,3,Decent experience overall,2025-03-13
6734,12484,12,4,Helpful staff and healthy plants,2023-11-08
6735,14209,1,3,Some items were out of stock,2021-07-09
6736,14473,17,5,Good prices during promotion,2022-10-16
6737,8507,10,5,Good prices during promotion,2023-04-04
6738,14587,23,4,Good prices during promotion,2022-10-19
6739,7707,24,3,Some items were out of stock,2025-10-24
6740,10152,11,4,Loved the indoor plant variety,2021-03-15
6741,1910,10,4,Helpful staff and healthy plants,2021-02-26
6742,13974,25,4,Good prices during promotion,2025-10-14
6743,5234,24,5,Loved the indoor plant variety,2024-04-27
6744,6310,10,4,Loved the indoor plant variety,2021-06-06
6745,12049,17,3,Store was busy but okay,2023-04-23
6746,1899,15,3,Decent experience overall,2025-06-20
6747,840,15,5,Loved the indoor plant variety,2023-05-09
6748,751,21,4,Good prices during promotion,2023-04-20
6749,12356,8,5,Fast checkout and friendly advice,2022-07-11
6750,1271,17,5,Fast checkout and friendly advice,2021-06-03
6751,4709,14,3,Prices were a bit high,2025-06-22
6752,4991,18,3,Average product selection,2021-07-09
6753,13880,21,4,Good prices during promotion,2025-12-03
6754,7486,16,5,Fast checkout and friendly advice,2025-06-04
6755,14657,6,5,Helpful staff and healthy plants,2022-12-25
6756,8169,13,4,Loved the indoor plant variety,2022-10-25
6757,2173,4,5,Fast checkout and friendly advice,2025-10-24
6758,3005,2,5,Loved the indoor plant variety,2025-05-24
6759,12971,1,4,Fast checkout and friendly advice,2021-08-14
6760,14201,6,3,Prices were a bit high,2022-07-01
6761,12975,9,5,Good prices during promotion,2023-06-24
6762,3774,1,4,Fast checkout and friendly advice,2022-05-25
6763,12872,1,4,Loved the indoor plant variety,2021-10-20
6764,13272,18,4,Helpful staff and healthy plants,2023-04-26
6765,1899,17,3,Some items were out of stock,2024-01-12
6766,5708,13,2,Plant quality was disappointing,2023-04-01
6767,8109,12,4,Loved the indoor plant variety,2022-04-05
6768,335,17,4,Fast checkout and friendly advice,2023-05-28
6769,688,15,4,Great selection and clean store,2022-12-18
6770,2868,11,3,Decent experience overall,2024-04-13
6771,266,2,3,Some items were out of stock,2021-05-24
6772,7211,23,5,Loved the indoor plant variety,2022-10-04
6773,6694,16,3,Store was busy but okay,2021-04-26
6774,6621,22,4,Good prices during promotion,2021-08-25
6775,12449,11,3,Average product selection,2025-05-28
6776,1508,13,4,Helpful staff and healthy plants,2024-11-11
6777,13429,18,4,Fast checkout and friendly advice,2021-11-06
6778,12661,2,4,Good prices during promotion,2021-03-18
6779,1256,12,4,Helpful staff and healthy plants,2025-04-01
6780,14007,3,4,Fast checkout and friendly advice,2021-12-21
6781,1004,2,3,Prices were a bit high,2025-03-20
6782,4188,8,3,Average product selection,2024-10-20
6783,11961,12,5,Helpful staff and healthy plants,2023-12-27
6784,4532,23,4,Loved the indoor plant variety,2022-10-08
6785,9853,12,4,Good prices during promotion,2024-03-27
6786,9196,18,4,Great selection and clean store,2022-05-17
6787,12279,15,5,Loved the indoor plant variety,2023-11-10
6788,1276,9,3,Decent experience overall,2021-10-16
6789,4448,7,4,Loved the indoor plant variety,2023-03-04
6790,353,22,4,Good prices during promotion,2023-06-17
6791,13957,6,5,Great selection and clean store,2022-02-27
6792,7261,19,5,Loved the indoor plant variety,2022-12-16
6793,14536,11,4,Helpful staff and healthy plants,2023-04-28
6794,4051,8,3,Some items were out of stock,2022-07-09
6795,13833,21,3,Some items were out of stock,2022-08-24
6796,8129,19,3,Some items were out of stock,2021-05-03
6797,13769,22,4,Helpful staff and healthy plants,2024-05-11
6798,13913,20,5,Loved the indoor plant variety,2023-07-18
6799,11430,9,5,Fast checkout and friendly advice,2023-10-14
6800,3031,12,3,Prices were a bit high,2023-05-21
6801,4343,14,4,Good prices during promotion,2024-05-16
6802,2110,22,3,Average product selection,2025-09-02
6803,3929,9,4,Helpful staff and healthy plants,2025-10-23
6804,6217,15,3,Some items were out of stock,2025-03-05
6805,4353,18,5,Loved the indoor plant variety,2023-03-26
6806,12127,22,4,Helpful staff and healthy plants,2021-06-20
6807,8574,13,4,Helpful staff and healthy plants,2021-03-28
6808,3625,7,4,Great selection and clean store,2022-04-18
6809,7429,21,5,Fast checkout and friendly advice,2024-02-17
6810,1854,7,5,Loved the indoor plant variety,2021-04-23
6811,12416,9,2,Competitor had better price,2025-11-14
6812,4050,6,5,Helpful staff and healthy plants,2022-03-28
6813,13047,18,5,Good prices during promotion,2023-12-07
6814,1401,12,4,Good prices during promotion,2024-04-14
6815,3564,12,5,Fast checkout and friendly advice,2025-06-03
6816,9015,15,3,Store was busy but okay,2022-02-18
6817,2549,9,4,Fast checkout and friendly advice,2022-04-22
6818,13626,22,4,Good prices during promotion,2023-04-06
6819,92,23,4,Loved the indoor plant variety,2024-11-08
6820,12179,24,3,Prices were a bit high,2025-03-07
6821,3009,3,4,Fast checkout and friendly advice,2023-11-28
6822,13543,3,3,Store was busy but okay,2025-05-10
6823,4045,5,4,Good prices during promotion,2024-04-13
6824,9511,6,2,Discount was confusing,2025-03-13
6825,14840,2,2,Competitor had better price,2022-08-26
6826,13642,10,4,Loved the indoor plant variety,2025-06-06
6827,4901,6,3,Average product selection,2025-06-16
6828,6054,16,3,Prices were a bit high,2025-06-27
6829,10473,23,4,Helpful staff and healthy plants,2025-01-19
6830,4173,2,5,Helpful staff and healthy plants,2025-03-02
6831,12644,24,4,Helpful staff and healthy plants,2025-09-16
6832,8207,20,2,Long wait and limited stock,2021-07-09
6833,12011,24,4,Great selection and clean store,2021-01-23
6834,4401,3,4,Loved the indoor plant variety,2025-12-14
6835,5553,13,5,Fast checkout and friendly advice,2025-05-26
6836,10066,15,3,Average product selection,2022-08-09
6837,11601,21,3,Average product selection,2023-09-18
6838,14945,14,3,Some items were out of stock,2021-05-01
6839,5528,8,3,Average product selection,2021-08-11
6840,7985,22,3,Average product selection,2021-05-18
6841,12928,1,4,Fast checkout and friendly advice,2023-07-02
6842,7767,21,3,Store was busy but okay,2024-07-17
6843,8729,15,4,Helpful staff and healthy plants,2021-11-06
6844,5951,9,4,Fast checkout and friendly advice,2021-09-20
6845,10698,15,3,Some items were out of stock,2024-03-06
6846,3430,12,4,Fast checkout and friendly advice,2025-06-25
6847,127,3,5,Helpful staff and healthy plants,2021-01-25
6848,8251,6,4,Loved the indoor plant variety,2021-02-19
6849,8282,23,5,Helpful staff and healthy plants,2022-11-16
6850,14311,20,4,Great selection and clean store,2021-03-02
6851,6925,18,5,Loved the indoor plant variety,2021-05-23
6852,4408,14,4,Helpful staff and healthy plants,2024-03-11
6853,14417,7,4,Great selection and clean store,2023-04-23
6854,7398,14,3,Average product selection,2022-05-10
6855,14828,6,2,Competitor had better price,2024-11-26
6856,7138,13,4,Helpful staff and healthy plants,2022-10-22
6857,200,1,4,Helpful staff and healthy plants,2025-03-12
6858,62,7,3,Average product selection,2024-01-27
6859,4797,10,4,Fast checkout and friendly advice,2022-05-09
6860,3135,13,5,Good prices during promotion,2022-05-23
6861,1325,16,5,Loved the indoor plant variety,2022-03-24
6862,2605,25,5,Fast checkout and friendly advice,2025-11-09
6863,10881,13,4,Helpful staff and healthy plants,2023-01-02
6864,12266,25,5,Fast checkout and friendly advice,2025-12-02
6865,6802,12,4,Good prices during promotion,2022-05-20
6866,3851,20,4,Fast checkout and friendly advice,2023-04-08
6867,5406,13,4,Great selection and clean store,2021-03-24
6868,9304,11,3,Decent experience overall,2024-03-15
6869,11370,2,4,Good prices during promotion,2022-10-04
6870,4647,20,4,Loved the indoor plant variety,2022-09-17
6871,5688,1,4,Great selection and clean store,2024-06-07
6872,10722,16,5,Helpful staff and healthy plants,2025-12-18
6873,14892,21,3,Prices were a bit high,2022-08-21
6874,14363,16,4,Great selection and clean store,2021-01-14
6875,14980,12,4,Loved the indoor plant variety,2022-06-25
6876,7062,24,5,Great selection and clean store,2023-04-11
6877,2035,9,3,Prices were a bit high,2022-07-15
6878,3087,9,4,Loved the indoor plant variety,2022-09-06
6879,9238,24,4,Great selection and clean store,2024-03-11
6880,6790,16,5,Great selection and clean store,2021-09-17
6881,6136,4,1,Could not find what I needed,2025-04-13
6882,6682,18,4,Good prices during promotion,2025-08-23
6883,13549,18,4,Loved the indoor plant variety,2023-12-10
6884,14985,4,4,Fast checkout and friendly advice,2021-11-27
6885,1042,21,4,Loved the indoor plant variety,2023-11-07
6886,3998,3,4,Loved the indoor plant variety,2024-12-03
6887,9842,16,5,Good prices during promotion,2023-04-10
6888,3639,24,3,Some items were out of stock,2024-09-13
6889,1047,1,4,Fast checkout and friendly advice,2025-04-23
6890,14372,8,3,Some items were out of stock,2023-12-05
6891,3274,14,4,Fast checkout and friendly advice,2025-01-25
6892,3861,13,3,Decent experience overall,2025-07-14
6893,14668,5,5,Fast checkout and friendly advice,2022-03-18
6894,10454,10,4,Fast checkout and friendly advice,2025-10-10
6895,1370,14,5,Fast checkout and friendly advice,2023-06-01
6896,7906,7,5,Fast checkout and friendly advice,2023-06-02
6897,129,15,4,Loved the indoor plant variety,2024-03-15
6898,3465,8,4,Loved the indoor plant variety,2023-10-16
6899,9653,9,3,Average product selection,2022-06-05
6900,1193,4,4,Helpful staff and healthy plants,2023-04-18
6901,2002,1,3,Prices were a bit high,2022-11-25
6902,8881,15,3,Store was busy but okay,2024-12-04
6903,12557,16,4,Loved the indoor plant variety,2022-01-16
6904,11940,22,4,Helpful staff and healthy plants,2023-03-25
6905,11571,18,5,Fast checkout and friendly advice,2021-05-18
6906,5702,14,5,Fast checkout and friendly advice,2021-08-07
6907,5831,10,5,Great selection and clean store,2025-09-13
6908,11733,1,4,Helpful staff and healthy plants,2024-12-18
6909,3337,12,4,Fast checkout and friendly advice,2023-05-17
6910,5498,18,5,Helpful staff and healthy plants,2022-09-20
6911,10571,18,4,Fast checkout and friendly advice,2022-09-01
6912,5240,3,4,Great selection and clean store,2021-01-04
6913,1108,3,4,Helpful staff and healthy plants,2025-10-19
6914,2368,14,4,Helpful staff and healthy plants,2022-05-13
6915,13802,12,4,Helpful staff and healthy plants,2024-03-21
6916,1344,24,3,Some items were out of stock,2023-11-22
6917,5364,16,4,Loved the indoor plant variety,2025-12-14
6918,6349,9,4,Great selection and clean store,2022-11-06
6919,1293,11,5,Fast checkout and friendly advice,2024-01-13
6920,13053,17,4,Fast checkout and friendly advice,2025-03-28
6921,8668,9,4,Good prices during promotion,2021-06-01
6922,4425,13,3,Some items were out of stock,2025-10-17
6923,14472,17,5,Good prices during promotion,2023-09-07
6924,8845,17,3,Some items were out of stock,2023-10-13
6925,1582,16,5,Fast checkout and friendly advice,2023-06-10
6926,11696,18,3,Store was busy but okay,2022-03-10
6927,9599,9,3,Decent experience overall,2022-03-09
6928,8435,6,4,Helpful staff and healthy plants,2023-08-18
6929,11922,17,3,Some items were out of stock,2024-03-14
6930,6707,3,4,Loved the indoor plant variety,2024-05-11
6931,7055,22,4,Great selection and clean store,2021-09-17
6932,2027,12,3,Average product selection,2023-09-07
6933,2199,24,5,Fast checkout and friendly advice,2021-05-06
6934,1606,18,4,Great selection and clean store,2022-03-24
6935,7005,5,4,Good prices during promotion,2025-03-03
6936,5384,23,4,Fast checkout and friendly advice,2024-05-11
6937,7625,8,3,Average product selection,2021-11-19
6938,4159,4,4,Great selection and clean store,2025-04-20
6939,7781,7,3,Average product selection,2023-04-05
6940,5076,3,4,Great selection and clean store,2021-12-20
6941,8337,4,3,Average product selection,2024-05-27
6942,3240,13,4,Great selection and clean store,2021-04-07
6943,3055,11,4,Fast checkout and friendly advice,2023-12-03
6944,9758,12,4,Loved the indoor plant variety,2022-04-26
6945,2058,19,3,Average product selection,2023-07-01
6946,113,23,4,Good prices during promotion,2023-10-18
6947,8830,2,5,Loved the indoor plant variety,2025-02-12
6948,6439,19,5,Great selection and clean store,2023-02-19
6949,12634,23,5,Loved the indoor plant variety,2025-01-12
6950,14849,1,5,Good prices during promotion,2023-05-13
6951,3876,25,3,Some items were out of stock,2022-12-01
6952,6035,10,4,Fast checkout and friendly advice,2023-05-12
6953,6637,12,3,Decent experience overall,2023-09-19
6954,1942,4,3,Average product selection,2025-03-25
6955,2513,24,2,Discount was confusing,2025-05-25
6956,13910,22,2,Could not find what I needed,2022-11-20
6957,6885,2,5,Good prices during promotion,2022-10-04
6958,8061,11,3,Store was busy but okay,2022-04-26
6959,8794,10,3,Some items were out of stock,2025-12-23
6960,4807,18,3,Some items were out of stock,2021-11-03
6961,5819,4,4,Helpful staff and healthy plants,2021-05-21
6962,10673,5,5,Loved the indoor plant variety,2023-12-03
6963,6618,13,4,Good prices during promotion,2021-07-25
6964,9783,23,3,Average product selection,2021-04-02
6965,12865,17,5,Good prices during promotion,2022-03-18
6966,3865,3,5,Helpful staff and healthy plants,2021-03-03
6967,3167,7,3,Prices were a bit high,2023-07-16
6968,13808,25,5,Loved the indoor plant variety,2024-05-09
6969,8256,4,3,Decent experience overall,2025-12-09
6970,8838,12,3,Some items were out of stock,2023-01-04
6971,12135,4,3,Some items were out of stock,2022-04-27
6972,7732,15,3,Some items were out of stock,2022-01-23
6973,7607,6,1,Competitor had better price,2021-05-14
6974,9068,3,4,Loved the indoor plant variety,2024-06-24
6975,4931,1,3,Average product selection,2025-09-24
6976,46,17,2,Competitor had better price,2023-04-26
6977,11633,11,4,Great selection and clean store,2025-05-27
6978,10249,17,4,Helpful staff and healthy plants,2021-03-19
6979,11613,22,3,Some items were out of stock,2022-07-23
6980,12856,4,4,Great selection and clean store,2021-02-12
6981,1549,18,4,Fast checkout and friendly advice,2025-06-12
6982,793,5,4,Fast checkout and friendly advice,2025-03-06
6983,14537,13,4,Great selection and clean store,2021-04-23
6984,6974,9,3,Prices were a bit high,2023-12-22
6985,9388,10,3,Decent experience overall,2024-01-26
6986,2277,8,4,Great selection and clean store,2025-04-16
6987,8787,9,3,Store was busy but okay,2022-10-26
6988,3174,13,3,Store was busy but okay,2023-03-14
6989,3430,15,5,Loved the indoor plant variety,2022-04-26
6990,1551,24,4,Helpful staff and healthy plants,2022-05-15
6991,2702,13,4,Good prices during promotion,2025-03-06
6992,12084,20,4,Loved the indoor plant variety,2022-03-01
6993,11589,23,3,Decent experience overall,2023-07-19
6994,5070,14,5,Good prices during promotion,2021-02-13
6995,4943,4,4,Helpful staff and healthy plants,2024-02-06
6996,8521,9,3,Prices were a bit high,2025-08-03
6997,13193,25,2,Long wait and limited stock,2022-01-28
6998,14808,17,4,Great selection and clean store,2025-03-07
6999,3082,19,5,Fast checkout and friendly advice,2022-09-14
7000,9113,1,5,Good prices during promotion,2024-01-08
7001,12439,15,4,Great selection and clean store,2025-07-04
7002,4396,9,4,Helpful staff and healthy plants,2025-05-24
7003,1833,17,3,Prices were a bit high,2022-06-01
7004,9082,22,4,Helpful staff and healthy plants,2022-01-15
7005,1761,2,4,Helpful staff and healthy plants,2024-11-13
7006,14575,25,3,Decent experience overall,2021-02-19
7007,1548,6,5,Great selection and clean store,2025-06-22
7008,606,13,3,Some items were out of stock,2022-10-02
7009,9880,10,4,Great selection and clean store,2025-04-08
7010,5568,19,4,Loved the indoor plant variety,2024-09-12
7011,14130,6,3,Store was busy but okay,2024-04-27
7012,153,9,4,Fast checkout and friendly advice,2024-03-04
7013,138,21,3,Some items were out of stock,2023-04-02
7014,14035,4,3,Some items were out of stock,2022-12-02
7015,12009,9,4,Great selection and clean store,2022-07-15
7016,4310,14,4,Fast checkout and friendly advice,2023-04-26
7017,6860,25,4,Fast checkout and friendly advice,2023-05-24
7018,13132,5,3,Decent experience overall,2022-10-22
7019,4172,6,3,Decent experience overall,2023-03-14
7020,13741,19,3,Decent experience overall,2022-03-08
7021,13076,20,4,Helpful staff and healthy plants,2023-09-14
7022,3629,10,4,Good prices during promotion,2022-11-24
7023,2478,12,4,Good prices during promotion,2023-04-01
7024,9344,21,3,Decent experience overall,2021-05-12
7025,5671,21,4,Good prices during promotion,2021-07-16
7026,1214,25,4,Good prices during promotion,2021-08-14
7027,1835,22,5,Helpful staff and healthy plants,2023-08-27
7028,14279,7,4,Great selection and clean store,2021-03-08
7029,142,2,3,Decent experience overall,2024-11-16
7030,13340,22,4,Helpful staff and healthy plants,2024-01-02
7031,9243,1,3,Store was busy but okay,2022-10-26
7032,14734,20,3,Average product selection,2024-09-09
7033,10030,25,4,Great selection and clean store,2022-08-20
7034,7979,23,3,Average product selection,2021-04-27
7035,7198,1,4,Fast checkout and friendly advice,2024-05-02
7036,6924,10,3,Decent experience overall,2024-06-01
7037,4257,12,3,Decent experience overall,2022-05-11
7038,12874,23,3,Prices were a bit high,2021-09-20
7039,6002,18,3,Average product selection,2021-08-12
7040,1698,25,4,Good prices during promotion,2021-11-27
7041,1453,15,4,Fast checkout and friendly advice,2021-04-16
7042,4351,8,4,Loved the indoor plant variety,2021-05-10
7043,543,2,4,Fast checkout and friendly advice,2021-02-28
7044,11051,6,4,Great selection and clean store,2025-05-09
7045,5629,14,3,Average product selection,2021-12-11
7046,12754,15,5,Great selection and clean store,2025-12-11
7047,11464,15,4,Great selection and clean store,2025-12-23
7048,221,19,4,Loved the indoor plant variety,2023-05-04
7049,3369,22,4,Helpful staff and healthy plants,2023-12-07
7050,5359,2,3,Store was busy but okay,2021-04-23
7051,6504,12,3,Some items were out of stock,2023-01-02
7052,9791,23,4,Good prices during promotion,2023-04-01
7053,4828,21,5,Helpful staff and healthy plants,2021-04-02
7054,6456,3,5,Fast checkout and friendly advice,2021-08-18
7055,6523,23,4,Good prices during promotion,2025-08-10
7056,6776,4,3,Prices were a bit high,2021-06-06
7057,7503,6,3,Decent experience overall,2024-12-16
7058,1988,3,3,Average product selection,2022-05-10
7059,14467,22,4,Great selection and clean store,2024-12-05
7060,9997,6,4,Helpful staff and healthy plants,2021-08-06
7061,2249,21,4,Helpful staff and healthy plants,2022-10-28
7062,2243,2,4,Good prices during promotion,2022-06-21
7063,8733,17,3,Decent experience overall,2024-10-05
7064,10775,12,4,Great selection and clean store,2024-06-14
7065,5566,24,2,Plant quality was disappointing,2022-12-07
7066,1238,2,3,Prices were a bit high,2025-04-01
7067,8626,10,3,Prices were a bit high,2023-04-22
7068,3154,6,4,Loved the indoor plant variety,2022-10-03
7069,14695,19,4,Fast checkout and friendly advice,2022-04-17
7070,12971,3,5,Great selection and clean store,2024-06-18
7071,4172,22,2,Plant quality was disappointing,2022-01-20
7072,12809,17,3,Decent experience overall,2024-12-11
7073,13436,16,3,Some items were out of stock,2024-08-18
7074,4252,15,2,Discount was confusing,2024-05-19
7075,1675,10,4,Helpful staff and healthy plants,2023-05-25
7076,2855,8,4,Great selection and clean store,2025-09-05
7077,12988,10,3,Average product selection,2022-02-26
7078,4830,22,4,Helpful staff and healthy plants,2025-12-25
7079,9287,7,4,Fast checkout and friendly advice,2021-08-16
7080,8147,23,3,Decent experience overall,2022-05-03
7081,13788,20,4,Loved the indoor plant variety,2024-11-24
7082,7483,24,5,Fast checkout and friendly advice,2024-04-07
7083,3959,1,3,Average product selection,2024-03-04
7084,5889,2,4,Great selection and clean store,2023-08-23
7085,7226,10,2,Plant quality was disappointing,2024-03-20
7086,277,21,5,Fast checkout and friendly advice,2022-04-14
7087,112,19,3,Prices were a bit high,2021-07-26
7088,8356,1,5,Great selection and clean store,2023-02-14
7089,3954,3,3,Some items were out of stock,2025-07-23
7090,12310,13,3,Decent experience overall,2023-10-02
7091,1372,20,2,Plant quality was disappointing,2022-04-14
7092,5658,12,5,Good prices during promotion,2022-10-27
7093,14161,23,3,Prices were a bit high,2024-05-18
7094,2077,1,3,Decent experience overall,2022-04-22
7095,458,3,3,Store was busy but okay,2023-12-27
7096,3088,5,4,Good prices during promotion,2021-11-12
7097,10863,10,3,Some items were out of stock,2023-03-23
7098,11265,7,4,Great selection and clean store,2023-06-26
7099,11629,19,5,Loved the indoor plant variety,2023-08-15
7100,10533,19,3,Store was busy but okay,2021-05-12
7101,12322,16,3,Average product selection,2021-09-05
7102,13090,1,4,Good prices during promotion,2021-09-03
7103,9959,23,3,Decent experience overall,2021-09-09
7104,3686,3,3,Store was busy but okay,2022-06-09
7105,11871,6,3,Some items were out of stock,2023-10-23
7106,7486,24,4,Fast checkout and friendly advice,2024-12-28
7107,7859,9,3,Some items were out of stock,2023-06-16
7108,10660,16,5,Great selection and clean store,2023-04-04
7109,4682,21,3,Decent experience overall,2021-03-03
7110,5091,17,5,Great selection and clean store,2025-09-09
7111,13015,12,4,Good prices during promotion,2021-12-24
7112,6129,15,5,Loved the indoor plant variety,2025-11-25
7113,13098,20,2,Plant quality was disappointing,2022-11-04
7114,3692,20,4,Helpful staff and healthy plants,2021-12-22
7115,7770,18,5,Fast checkout and friendly advice,2021-05-01
7116,3647,6,3,Average product selection,2021-08-15
7117,431,12,4,Great selection and clean store,2021-11-24
7118,6750,24,3,Store was busy but okay,2025-01-20
7119,6652,8,4,Helpful staff and healthy plants,2021-06-06
7120,13038,9,5,Good prices during promotion,2022-10-26
7121,13293,20,4,Good prices during promotion,2025-05-03
7122,7419,7,5,Good prices during promotion,2021-01-13
7123,11620,10,5,Helpful staff and healthy plants,2021-07-08
7124,4204,1,4,Loved the indoor plant variety,2024-07-06
7125,9069,3,3,Store was busy but okay,2025-01-18
7126,9705,22,4,Great selection and clean store,2021-06-08
7127,4072,23,4,Fast checkout and friendly advice,2022-08-08
7128,10064,23,4,Loved the indoor plant variety,2021-07-23
7129,4925,16,4,Helpful staff and healthy plants,2022-03-26
7130,12276,25,4,Loved the indoor plant variety,2025-06-25
7131,900,18,4,Loved the indoor plant variety,2025-11-03
7132,928,10,4,Fast checkout and friendly advice,2024-09-28
7133,7419,8,4,Loved the indoor plant variety,2025-12-20
7134,8255,19,5,Great selection and clean store,2023-06-17
7135,1371,21,4,Helpful staff and healthy plants,2023-01-21
7136,6335,11,4,Great selection and clean store,2024-10-28
7137,9982,13,3,Average product selection,2022-12-02
7138,11205,8,4,Good prices during promotion,2024-03-18
7139,14987,15,4,Loved the indoor plant variety,2025-03-14
7140,14079,12,4,Loved the indoor plant variety,2022-08-05
7141,10038,3,5,Loved the indoor plant variety,2023-09-27
7142,7371,21,4,Good prices during promotion,2021-05-01
7143,8637,4,4,Helpful staff and healthy plants,2022-05-20
7144,3764,22,3,Decent experience overall,2022-07-06
7145,11175,20,4,Great selection and clean store,2021-04-14
7146,9805,11,4,Fast checkout and friendly advice,2023-06-15
7147,6545,16,4,Great selection and clean store,2025-10-25
7148,12256,17,3,Decent experience overall,2025-11-07
7149,3638,22,5,Helpful staff and healthy plants,2025-08-21
7150,7621,13,4,Fast checkout and friendly advice,2023-12-07
7151,3030,17,3,Average product selection,2022-11-11
7152,6195,4,4,Loved the indoor plant variety,2024-03-06
7153,5965,4,3,Decent experience overall,2025-04-26
7154,13331,21,4,Helpful staff and healthy plants,2024-08-14
7155,13725,23,3,Prices were a bit high,2022-06-20
7156,1977,3,3,Some items were out of stock,2021-11-26
7157,12837,9,4,Great selection and clean store,2021-10-09
7158,8630,22,4,Loved the indoor plant variety,2023-11-19
7159,6366,23,4,Loved the indoor plant variety,2023-07-24
7160,8629,2,5,Loved the indoor plant variety,2024-03-22
7161,2080,14,4,Great selection and clean store,2022-11-18
7162,14900,22,4,Great selection and clean store,2025-02-16
7163,8561,1,4,Loved the indoor plant variety,2022-04-15
7164,13205,24,4,Fast checkout and friendly advice,2023-12-28
7165,14814,1,3,Decent experience overall,2024-05-08
7166,2575,21,4,Great selection and clean store,2025-05-26
7167,1800,2,5,Great selection and clean store,2025-03-11
7168,5379,11,5,Good prices during promotion,2022-11-12
7169,8607,22,3,Some items were out of stock,2021-05-28
7170,1602,11,4,Helpful staff and healthy plants,2021-08-04
7171,9941,19,5,Loved the indoor plant variety,2022-05-21
7172,12522,5,3,Some items were out of stock,2021-12-16
7173,892,16,4,Loved the indoor plant variety,2021-10-12
7174,10632,5,4,Great selection and clean store,2024-07-15
7175,6516,23,3,Some items were out of stock,2021-04-09
7176,4050,17,3,Average product selection,2022-04-13
7177,10787,3,3,Some items were out of stock,2023-03-27
7178,13671,3,4,Fast checkout and friendly advice,2025-05-12
7179,358,22,5,Helpful staff and healthy plants,2024-11-17
7180,12456,7,5,Good prices during promotion,2021-10-01
7181,3719,9,5,Great selection and clean store,2022-03-24
7182,14038,3,4,Fast checkout and friendly advice,2022-10-27
7183,6040,8,3,Prices were a bit high,2023-09-20
7184,6281,14,5,Helpful staff and healthy plants,2022-06-13
7185,2317,5,4,Good prices during promotion,2025-06-28
7186,9106,3,3,Store was busy but okay,2022-04-26
7187,13624,15,4,Loved the indoor plant variety,2025-09-12
7188,4303,1,4,Great selection and clean store,2021-03-03
7189,12409,1,4,Fast checkout and friendly advice,2021-03-26
7190,237,16,2,Plant quality was disappointing,2023-12-15
7191,12012,21,4,Great selection and clean store,2025-07-28
7192,2180,8,5,Fast checkout and friendly advice,2025-08-13
7193,2698,21,5,Good prices during promotion,2022-07-18
7194,4473,3,4,Good prices during promotion,2021-06-19
7195,12354,14,4,Loved the indoor plant variety,2021-03-13
7196,3026,10,3,Decent experience overall,2021-07-17
7197,482,24,4,Loved the indoor plant variety,2021-04-04
7198,9165,18,4,Good prices during promotion,2022-12-02
7199,3693,20,5,Fast checkout and friendly advice,2021-12-03
7200,10386,11,5,Fast checkout and friendly advice,2021-04-25
7201,7825,8,4,Great selection and clean store,2021-04-03
7202,2453,24,5,Loved the indoor plant variety,2025-12-21
7203,1845,15,5,Fast checkout and friendly advice,2021-04-26
7204,2720,16,4,Fast checkout and friendly advice,2024-09-11
7205,3600,4,5,Fast checkout and friendly advice,2025-09-24
7206,5115,25,4,Helpful staff and healthy plants,2024-05-09
7207,1790,13,3,Store was busy but okay,2024-08-20
7208,710,9,4,Good prices during promotion,2024-11-22
7209,14066,2,4,Loved the indoor plant variety,2022-11-03
7210,6114,21,3,Prices were a bit high,2021-12-22
7211,8875,12,3,Average product selection,2022-05-08
7212,8956,17,5,Great selection and clean store,2021-12-10
7213,3528,10,3,Decent experience overall,2025-04-27
7214,7346,4,3,Store was busy but okay,2022-09-06
7215,7561,13,5,Good prices during promotion,2022-10-21
7216,368,11,3,Some items were out of stock,2022-05-26
7217,13037,2,3,Average product selection,2023-09-25
7218,5821,17,4,Loved the indoor plant variety,2022-08-26
7219,13172,18,4,Great selection and clean store,2021-01-06
7220,8792,7,4,Good prices during promotion,2022-05-02
7221,4516,9,3,Average product selection,2021-04-26
7222,1930,9,4,Great selection and clean store,2023-11-15
7223,4323,10,4,Great selection and clean store,2025-02-18
7224,9332,5,4,Great selection and clean store,2022-11-23
7225,8043,4,5,Helpful staff and healthy plants,2023-11-01
7226,14743,14,4,Loved the indoor plant variety,2025-04-05
7227,8250,20,4,Great selection and clean store,2025-11-12
7228,11568,19,5,Good prices during promotion,2021-03-07
7229,3898,9,4,Good prices during promotion,2023-02-09
7230,259,3,4,Good prices during promotion,2021-08-04
7231,13996,8,2,Discount was confusing,2021-06-27
7232,965,24,4,Great selection and clean store,2024-04-14
7233,7923,19,4,Helpful staff and healthy plants,2021-06-03
7234,1643,19,5,Fast checkout and friendly advice,2024-06-17
7235,4540,22,3,Some items were out of stock,2022-12-27
7236,11064,20,4,Great selection and clean store,2025-05-25
7237,11857,5,4,Helpful staff and healthy plants,2023-12-12
7238,8533,14,3,Store was busy but okay,2024-07-19
7239,12569,15,4,Good prices during promotion,2025-02-12
7240,12376,7,5,Loved the indoor plant variety,2024-01-22
7241,6295,6,4,Good prices during promotion,2024-06-14
7242,3936,22,2,Competitor had better price,2023-04-17
7243,13939,7,3,Some items were out of stock,2022-11-24
7244,8902,14,4,Helpful staff and healthy plants,2023-03-14
7245,9705,13,4,Fast checkout and friendly advice,2024-03-04
7246,8275,2,4,Loved the indoor plant variety,2025-05-08
7247,1528,9,5,Loved the indoor plant variety,2025-10-17
7248,1058,13,4,Fast checkout and friendly advice,2024-05-14
7249,2234,25,3,Prices were a bit high,2024-03-26
7250,8318,22,4,Fast checkout and friendly advice,2021-05-08
7251,3116,16,3,Store was busy but okay,2022-10-21
7252,5681,4,4,Loved the indoor plant variety,2025-07-04
7253,10178,20,5,Good prices during promotion,2023-06-02
7254,1067,16,3,Average product selection,2023-07-11
7255,7021,6,3,Prices were a bit high,2022-04-19
7256,14675,21,4,Loved the indoor plant variety,2023-04-22
7257,1566,16,4,Great selection and clean store,2025-05-04
7258,7966,4,4,Fast checkout and friendly advice,2023-07-10
7259,13350,13,4,Great selection and clean store,2023-05-14
7260,9059,10,3,Some items were out of stock,2022-02-28
7261,13214,24,4,Good prices during promotion,2022-05-28
7262,2681,5,4,Helpful staff and healthy plants,2021-02-28
7263,10783,5,4,Helpful staff and healthy plants,2021-10-20
7264,580,2,3,Prices were a bit high,2025-10-27
7265,4913,9,4,Fast checkout and friendly advice,2025-09-01
7266,12727,7,4,Loved the indoor plant variety,2025-09-23
7267,12483,9,5,Fast checkout and friendly advice,2023-08-13
7268,8399,4,3,Decent experience overall,2022-10-04
7269,9892,5,4,Fast checkout and friendly advice,2022-12-07
7270,13053,24,2,Long wait and limited stock,2025-11-02
7271,5453,21,5,Helpful staff and healthy plants,2021-08-10
7272,4814,1,4,Helpful staff and healthy plants,2024-05-06
7273,13026,22,4,Good prices during promotion,2023-05-21
7274,7540,14,5,Fast checkout and friendly advice,2024-04-24
7275,834,10,3,Decent experience overall,2024-05-08
7276,9749,25,4,Good prices during promotion,2024-11-12
7277,5309,13,3,Average product selection,2021-10-02
7278,8499,23,4,Fast checkout and friendly advice,2022-12-04
7279,6779,21,4,Loved the indoor plant variety,2025-12-27
7280,1738,21,3,Decent experience overall,2021-03-25
7281,11791,7,4,Good prices during promotion,2021-09-27
7282,6337,15,4,Great selection and clean store,2021-08-24
7283,7133,8,3,Some items were out of stock,2023-05-11
7284,7350,19,5,Great selection and clean store,2024-03-04
7285,11701,21,4,Helpful staff and healthy plants,2025-11-18
7286,7009,2,4,Helpful staff and healthy plants,2024-08-26
7287,9335,5,3,Store was busy but okay,2025-03-05
7288,690,14,3,Decent experience overall,2021-06-08
7289,9561,3,4,Fast checkout and friendly advice,2025-04-12
7290,10191,9,3,Average product selection,2025-12-03
7291,11126,6,4,Loved the indoor plant variety,2022-07-01
7292,2811,9,3,Prices were a bit high,2024-01-24
7293,12306,13,3,Store was busy but okay,2024-10-28
7294,1887,3,4,Helpful staff and healthy plants,2021-02-23
7295,10959,5,4,Helpful staff and healthy plants,2024-12-18
7296,6058,12,5,Great selection and clean store,2024-03-25
7297,3410,24,4,Great selection and clean store,2023-12-22
7298,292,23,4,Fast checkout and friendly advice,2022-09-22
7299,9271,14,3,Decent experience overall,2022-07-19
7300,13816,16,5,Fast checkout and friendly advice,2024-12-13
7301,6945,16,3,Average product selection,2023-05-17
7302,12657,8,4,Great selection and clean store,2022-12-09
7303,1541,10,3,Prices were a bit high,2021-11-04
7304,5169,6,4,Fast checkout and friendly advice,2023-09-24
7305,8402,15,4,Loved the indoor plant variety,2023-12-06
7306,10070,8,4,Helpful staff and healthy plants,2023-06-01
7307,14329,6,4,Fast checkout and friendly advice,2022-01-26
7308,9654,7,4,Good prices during promotion,2021-12-13
7309,1620,21,4,Good prices during promotion,2024-05-19
7310,437,14,4,Loved the indoor plant variety,2023-07-12
7311,2134,17,3,Store was busy but okay,2024-04-06
7312,10642,1,4,Fast checkout and friendly advice,2023-09-07
7313,1676,21,1,Could not find what I needed,2023-05-05
7314,13860,24,4,Helpful staff and healthy plants,2023-05-19
7315,2810,16,4,Helpful staff and healthy plants,2025-09-08
7316,12209,7,4,Loved the indoor plant variety,2023-11-09
7317,5669,11,4,Fast checkout and friendly advice,2025-04-25
7318,8674,6,5,Helpful staff and healthy plants,2021-10-14
7319,12624,23,4,Fast checkout and friendly advice,2024-05-08
7320,14657,12,3,Decent experience overall,2023-04-06
7321,10171,1,4,Good prices during promotion,2023-04-03
7322,239,13,5,Great selection and clean store,2022-12-09
7323,8612,5,3,Decent experience overall,2022-02-02
7324,12889,2,5,Helpful staff and healthy plants,2021-10-10
7325,13451,19,4,Great selection and clean store,2022-12-16
7326,8869,15,4,Helpful staff and healthy plants,2023-03-15
7327,11848,24,4,Good prices during promotion,2021-03-21
7328,5400,8,5,Fast checkout and friendly advice,2022-05-14
7329,1364,2,4,Great selection and clean store,2022-01-08
7330,1227,16,4,Helpful staff and healthy plants,2023-04-23
7331,1963,20,4,Great selection and clean store,2021-12-28
7332,3596,14,4,Fast checkout and friendly advice,2021-05-09
7333,6248,7,5,Fast checkout and friendly advice,2022-11-07
7334,5582,15,5,Loved the indoor plant variety,2024-05-08
7335,3028,4,3,Store was busy but okay,2021-04-17
7336,6338,22,2,Could not find what I needed,2024-11-09
7337,4435,13,4,Helpful staff and healthy plants,2025-03-26
7338,12359,14,5,Good prices during promotion,2025-09-16
7339,11683,5,4,Great selection and clean store,2021-06-02
7340,1485,15,5,Loved the indoor plant variety,2025-05-26
7341,6506,3,3,Decent experience overall,2021-03-26
7342,3549,15,4,Good prices during promotion,2025-11-10
7343,4788,2,4,Loved the indoor plant variety,2025-11-19
7344,2401,24,5,Great selection and clean store,2021-06-06
7345,5206,4,5,Fast checkout and friendly advice,2021-08-23
7346,12262,15,2,Long wait and limited stock,2025-04-16
7347,1260,1,4,Good prices during promotion,2021-12-03
7348,9221,19,3,Prices were a bit high,2021-09-12
7349,11618,14,4,Fast checkout and friendly advice,2024-09-17
7350,6640,3,4,Helpful staff and healthy plants,2022-04-03
7351,7980,3,3,Prices were a bit high,2024-05-02
7352,8228,12,4,Loved the indoor plant variety,2022-05-19
7353,7128,10,5,Fast checkout and friendly advice,2025-06-02
7354,1368,17,3,Store was busy but okay,2021-07-28
7355,7517,23,4,Fast checkout and friendly advice,2022-12-12
7356,6110,23,4,Great selection and clean store,2025-12-26
7357,9575,22,3,Some items were out of stock,2024-07-10
7358,11415,21,4,Good prices during promotion,2021-04-10
7359,2267,23,5,Great selection and clean store,2025-06-14
7360,4903,12,4,Helpful staff and healthy plants,2024-01-20
7361,12157,4,2,Discount was confusing,2021-08-28
7362,2778,23,3,Prices were a bit high,2022-04-24
7363,12447,13,5,Fast checkout and friendly advice,2023-02-23
7364,11358,24,2,Competitor had better price,2021-12-17
7365,9565,6,5,Great selection and clean store,2023-01-15
7366,13729,10,5,Good prices during promotion,2024-05-05
7367,12932,25,4,Great selection and clean store,2023-04-26
7368,2152,17,3,Some items were out of stock,2025-05-20
7369,4682,16,4,Loved the indoor plant variety,2022-04-26
7370,1803,6,3,Some items were out of stock,2024-10-16
7371,1434,1,5,Good prices during promotion,2025-12-10
7372,4709,9,5,Loved the indoor plant variety,2024-09-01
7373,203,20,3,Prices were a bit high,2025-06-28
7374,8031,2,3,Average product selection,2023-06-07
7375,7222,10,4,Loved the indoor plant variety,2024-10-13
7376,4052,2,2,Long wait and limited stock,2025-04-14
7377,7856,2,4,Helpful staff and healthy plants,2022-09-25
7378,3149,8,4,Great selection and clean store,2021-12-23
7379,14700,1,5,Great selection and clean store,2024-01-15
7380,2251,14,5,Loved the indoor plant variety,2025-05-23
7381,3828,6,3,Average product selection,2023-01-26
7382,10700,22,4,Helpful staff and healthy plants,2022-02-18
7383,12514,6,4,Loved the indoor plant variety,2021-07-20
7384,726,3,4,Helpful staff and healthy plants,2023-05-17
7385,14363,17,4,Helpful staff and healthy plants,2025-05-11
7386,9657,18,4,Great selection and clean store,2023-07-11
7387,10798,20,3,Store was busy but okay,2021-03-16
7388,9519,24,4,Helpful staff and healthy plants,2025-01-19
7389,1540,15,5,Good prices during promotion,2022-06-01
7390,11129,7,4,Great selection and clean store,2021-03-07
7391,11583,13,4,Good prices during promotion,2024-05-13
7392,7129,21,3,Store was busy but okay,2021-03-18
7393,1898,13,3,Decent experience overall,2024-12-05
7394,13046,10,4,Good prices during promotion,2023-10-01
7395,244,19,3,Average product selection,2024-09-08
7396,9713,16,5,Great selection and clean store,2024-03-05
7397,5273,1,4,Loved the indoor plant variety,2025-07-26
7398,11226,14,4,Loved the indoor plant variety,2023-10-15
7399,2951,18,3,Store was busy but okay,2022-08-03
7400,3473,14,4,Loved the indoor plant variety,2025-11-21
7401,10965,25,4,Great selection and clean store,2025-05-08
7402,13714,8,3,Store was busy but okay,2025-07-20
7403,11562,15,4,Loved the indoor plant variety,2023-04-04
7404,8465,15,3,Prices were a bit high,2024-11-27
7405,2214,9,4,Helpful staff and healthy plants,2023-04-08
7406,14583,9,3,Decent experience overall,2021-11-22
7407,670,25,4,Helpful staff and healthy plants,2022-12-05
7408,13422,22,4,Great selection and clean store,2025-11-08
7409,3683,22,5,Good prices during promotion,2022-06-21
7410,9185,16,3,Decent experience overall,2023-05-28
7411,9800,2,5,Loved the indoor plant variety,2023-04-09
7412,10334,1,3,Store was busy but okay,2021-05-27
7413,1697,3,3,Prices were a bit high,2025-06-06
7414,11002,5,2,Discount was confusing,2023-08-11
7415,11982,4,4,Great selection and clean store,2023-12-17
7416,14594,5,5,Good prices during promotion,2022-12-19
7417,4594,25,3,Decent experience overall,2024-08-24
7418,9949,5,5,Loved the indoor plant variety,2022-05-22
7419,6152,23,3,Some items were out of stock,2023-04-18
7420,1201,6,3,Some items were out of stock,2021-04-28
7421,1232,7,3,Decent experience overall,2022-02-26
7422,10780,3,5,Loved the indoor plant variety,2021-12-12
7423,7553,12,4,Helpful staff and healthy plants,2024-09-09
7424,6736,13,5,Fast checkout and friendly advice,2022-08-02
7425,10516,6,4,Helpful staff and healthy plants,2025-03-22
7426,44,1,5,Good prices during promotion,2024-09-08
7427,9301,7,4,Great selection and clean store,2024-04-01
7428,8822,2,3,Prices were a bit high,2024-07-06
7429,2984,24,4,Good prices during promotion,2025-11-28
7430,126,3,3,Average product selection,2022-07-10
7431,9611,12,5,Loved the indoor plant variety,2021-04-03
7432,2384,1,4,Great selection and clean store,2024-11-19
7433,9818,9,4,Helpful staff and healthy plants,2023-06-20
7434,11739,7,4,Good prices during promotion,2022-12-08
7435,8296,18,4,Loved the indoor plant variety,2022-11-11
7436,10338,20,4,Loved the indoor plant variety,2025-01-12
7437,7803,13,4,Loved the indoor plant variety,2024-10-06
7438,13956,14,4,Good prices during promotion,2024-08-06
7439,190,4,4,Good prices during promotion,2024-05-26
7440,2507,17,5,Good prices during promotion,2021-02-27
7441,13537,13,4,Great selection and clean store,2023-06-13
7442,4833,14,3,Prices were a bit high,2024-12-20
7443,14298,21,5,Great selection and clean store,2024-03-26
7444,3305,1,4,Great selection and clean store,2022-03-09
7445,3683,14,3,Prices were a bit high,2021-12-18
7446,10557,20,5,Good prices during promotion,2025-05-04
7447,14572,7,4,Great selection and clean store,2023-03-18
7448,7993,10,4,Loved the indoor plant variety,2022-05-13
7449,7827,18,4,Fast checkout and friendly advice,2021-12-02
7450,13442,10,4,Good prices during promotion,2021-03-19
7451,14265,19,5,Good prices during promotion,2023-06-16
7452,4315,20,4,Fast checkout and friendly advice,2025-12-27
7453,5355,20,4,Fast checkout and friendly advice,2022-04-28
7454,9060,8,3,Some items were out of stock,2023-07-09
7455,7362,6,3,Average product selection,2023-05-18
7456,13665,8,4,Fast checkout and friendly advice,2025-02-07
7457,2252,4,3,Prices were a bit high,2025-11-03
7458,5403,8,4,Good prices during promotion,2022-08-07
7459,7192,16,3,Some items were out of stock,2023-05-14
7460,12162,3,4,Loved the indoor plant variety,2024-03-09
7461,2023,24,3,Prices were a bit high,2022-07-24
7462,4683,17,4,Fast checkout and friendly advice,2022-03-07
7463,3251,1,4,Good prices during promotion,2022-12-19
7464,8547,10,4,Great selection and clean store,2024-02-25
7465,4278,23,2,Could not find what I needed,2023-12-24
7466,10277,15,4,Great selection and clean store,2021-04-04
7467,4540,7,3,Decent experience overall,2025-09-14
7468,10845,13,3,Store was busy but okay,2022-12-13
7469,14344,21,3,Decent experience overall,2021-11-23
7470,13695,8,4,Great selection and clean store,2023-08-14
7471,4863,23,2,Competitor had better price,2022-01-19
7472,5241,4,4,Loved the indoor plant variety,2024-08-02
7473,13070,9,4,Helpful staff and healthy plants,2021-12-12
7474,9253,5,4,Loved the indoor plant variety,2024-05-08
7475,9220,10,5,Great selection and clean store,2025-12-20
7476,6461,1,3,Store was busy but okay,2021-01-09
7477,14604,15,3,Decent experience overall,2024-04-13
7478,8866,24,3,Store was busy but okay,2023-09-21
7479,4227,14,4,Great selection and clean store,2022-09-25
7480,11175,3,4,Fast checkout and friendly advice,2024-04-09
7481,8849,17,3,Some items were out of stock,2022-03-08
7482,6458,16,4,Great selection and clean store,2024-05-08
7483,3073,4,4,Great selection and clean store,2023-05-12
7484,5001,15,4,Good prices during promotion,2024-05-19
7485,7430,22,4,Helpful staff and healthy plants,2022-09-21
7486,7135,13,3,Prices were a bit high,2021-03-20
7487,3320,11,4,Helpful staff and healthy plants,2024-04-14
7488,7674,19,4,Fast checkout and friendly advice,2025-05-18
7489,10053,2,3,Store was busy but okay,2021-07-10
7490,9485,12,3,Some items were out of stock,2022-03-07
7491,11914,18,4,Good prices during promotion,2025-07-07
7492,13495,12,3,Prices were a bit high,2025-05-10
7493,1994,25,2,Could not find what I needed,2022-03-16
7494,6388,13,5,Good prices during promotion,2022-04-02
7495,11919,1,4,Fast checkout and friendly advice,2025-04-21
7496,629,8,3,Decent experience overall,2024-08-28
7497,125,17,4,Great selection and clean store,2025-01-07
7498,6864,13,5,Helpful staff and healthy plants,2021-06-23
7499,11056,14,5,Fast checkout and friendly advice,2023-12-06
7500,10644,8,5,Helpful staff and healthy plants,2022-09-28
7501,4551,20,4,Fast checkout and friendly advice,2021-09-18
7502,13661,7,3,Prices were a bit high,2022-06-20
7503,5696,6,3,Store was busy but okay,2022-08-14
7504,9853,20,4,Great selection and clean store,2023-03-16
7505,12887,20,4,Great selection and clean store,2023-08-25
7506,7519,5,5,Loved the indoor plant variety,2025-03-17
7507,9031,3,3,Store was busy but okay,2024-05-17
7508,7942,21,4,Great selection and clean store,2024-01-11
7509,14754,17,5,Loved the indoor plant variety,2022-07-03
7510,14312,15,3,Prices were a bit high,2023-07-19
7511,1735,15,4,Great selection and clean store,2023-01-02
7512,8638,23,5,Good prices during promotion,2025-03-10
7513,12718,24,4,Fast checkout and friendly advice,2025-05-07
7514,8701,25,3,Store was busy but okay,2024-05-15
7515,11655,18,3,Decent experience overall,2021-02-21
7516,8796,16,5,Great selection and clean store,2024-02-27
7517,9348,24,3,Decent experience overall,2022-12-18
7518,1719,5,4,Helpful staff and healthy plants,2021-12-18
7519,13043,23,4,Great selection and clean store,2025-03-16
7520,12560,5,3,Store was busy but okay,2022-06-05
7521,7393,18,4,Helpful staff and healthy plants,2022-03-20
7522,7996,16,3,Decent experience overall,2022-07-16
7523,1599,13,3,Store was busy but okay,2025-01-26
7524,534,11,4,Good prices during promotion,2023-11-20
7525,10488,25,1,Competitor had better price,2021-08-22
7526,5907,24,3,Store was busy but okay,2025-11-05
7527,13483,13,4,Great selection and clean store,2021-12-06
7528,1457,2,5,Helpful staff and healthy plants,2022-12-02
7529,9393,20,3,Decent experience overall,2025-07-20
7530,7342,20,4,Helpful staff and healthy plants,2023-04-28
7531,7386,19,4,Great selection and clean store,2022-10-02
7532,14220,19,3,Store was busy but okay,2023-10-09
7533,13492,14,4,Helpful staff and healthy plants,2021-09-01
7534,14858,25,5,Loved the indoor plant variety,2021-05-12
7535,8785,3,5,Good prices during promotion,2025-06-26
7536,14013,14,4,Great selection and clean store,2023-06-23
7537,3414,4,5,Great selection and clean store,2024-09-01
7538,2061,8,4,Good prices during promotion,2024-06-26
7539,5809,18,4,Helpful staff and healthy plants,2024-08-27
7540,2491,22,4,Good prices during promotion,2021-04-23
7541,14077,22,4,Good prices during promotion,2024-08-17
7542,11243,16,4,Great selection and clean store,2021-10-18
7543,6128,9,3,Prices were a bit high,2025-10-11
7544,9934,9,3,Prices were a bit high,2022-03-09
7545,13531,7,3,Store was busy but okay,2024-05-16
7546,717,14,5,Loved the indoor plant variety,2022-11-17
7547,5259,10,4,Good prices during promotion,2024-09-10
7548,8414,12,4,Good prices during promotion,2022-11-28
7549,5670,6,3,Some items were out of stock,2021-05-07
7550,7616,25,3,Store was busy but okay,2025-04-12
7551,1163,13,4,Good prices during promotion,2025-06-25
7552,6111,7,5,Loved the indoor plant variety,2025-06-18
7553,1707,4,4,Loved the indoor plant variety,2025-04-21
7554,33,3,4,Fast checkout and friendly advice,2024-09-15
7555,7285,22,3,Prices were a bit high,2025-04-21
7556,3411,1,4,Fast checkout and friendly advice,2022-03-28
7557,4033,12,5,Great selection and clean store,2021-03-18
7558,5410,16,4,Helpful staff and healthy plants,2022-06-10
7559,5756,23,4,Fast checkout and friendly advice,2024-03-25
7560,13059,12,4,Loved the indoor plant variety,2022-05-21
7561,9779,15,4,Loved the indoor plant variety,2022-08-18
7562,2324,6,4,Fast checkout and friendly advice,2024-06-25
7563,3261,2,4,Fast checkout and friendly advice,2022-08-05
7564,10596,10,3,Some items were out of stock,2025-11-04
7565,12711,17,4,Fast checkout and friendly advice,2021-04-22
7566,8119,9,3,Decent experience overall,2024-06-09
7567,2449,2,2,Could not find what I needed,2025-03-10
7568,3854,20,4,Great selection and clean store,2024-09-12
7569,2360,3,3,Decent experience overall,2024-11-24
7570,3693,15,4,Good prices during promotion,2025-12-25
7571,2096,6,3,Decent experience overall,2025-10-28
7572,13623,24,5,Loved the indoor plant variety,2023-04-17
7573,1510,15,3,Average product selection,2023-06-13
7574,81,21,5,Loved the indoor plant variety,2023-05-12
7575,8247,19,5,Good prices during promotion,2023-11-14
7576,12735,15,4,Helpful staff and healthy plants,2025-04-09
7577,4197,17,4,Good prices during promotion,2024-04-28
7578,2314,10,5,Good prices during promotion,2025-02-10
7579,11504,7,4,Helpful staff and healthy plants,2025-09-16
7580,10030,5,5,Helpful staff and healthy plants,2021-07-15
7581,9236,1,4,Fast checkout and friendly advice,2025-11-10
7582,13362,3,5,Great selection and clean store,2021-06-26
7583,9103,2,4,Loved the indoor plant variety,2021-10-28
7584,662,8,4,Loved the indoor plant variety,2023-05-02
7585,5010,19,3,Store was busy but okay,2025-06-05
7586,6769,18,3,Prices were a bit high,2025-05-05
7587,10887,20,4,Helpful staff and healthy plants,2021-01-08
7588,2759,18,5,Great selection and clean store,2025-03-24
7589,13241,8,3,Average product selection,2025-11-14
7590,13667,8,4,Loved the indoor plant variety,2022-03-28
7591,5848,7,4,Great selection and clean store,2022-02-26
7592,3617,25,4,Fast checkout and friendly advice,2025-03-22
7593,10090,10,3,Prices were a bit high,2022-10-21
7594,340,21,3,Decent experience overall,2021-03-09
7595,6420,24,3,Prices were a bit high,2023-05-17
7596,11831,23,4,Helpful staff and healthy plants,2024-12-20
7597,760,23,4,Good prices during promotion,2021-03-09
7598,2414,25,2,Could not find what I needed,2023-08-19
7599,14298,3,5,Loved the indoor plant variety,2024-05-12
7600,13857,17,5,Fast checkout and friendly advice,2022-11-26
7601,7680,9,4,Great selection and clean store,2025-06-18
7602,6750,23,4,Good prices during promotion,2022-05-24
7603,5854,21,5,Great selection and clean store,2025-02-17
7604,8294,12,3,Decent experience overall,2021-10-16
7605,11034,6,4,Great selection and clean store,2023-03-13
7606,14543,12,4,Helpful staff and healthy plants,2022-11-28
7607,5205,10,4,Helpful staff and healthy plants,2022-07-06
7608,941,22,5,Helpful staff and healthy plants,2022-04-04
7609,11853,25,5,Helpful staff and healthy plants,2021-09-28
7610,5235,6,4,Great selection and clean store,2023-07-12
7611,10411,7,5,Good prices during promotion,2024-03-08
7612,3503,20,3,Prices were a bit high,2021-07-05
7613,7955,11,3,Average product selection,2024-02-26
7614,12651,5,4,Helpful staff and healthy plants,2023-10-23
7615,9355,1,4,Fast checkout and friendly advice,2025-04-25
7616,906,6,5,Good prices during promotion,2021-06-19
7617,198,25,3,Store was busy but okay,2024-04-24
7618,12295,12,4,Helpful staff and healthy plants,2022-12-21
7619,14605,11,4,Fast checkout and friendly advice,2024-11-23
7620,103,24,5,Good prices during promotion,2025-03-21
7621,515,4,4,Loved the indoor plant variety,2023-01-01
7622,3241,9,4,Helpful staff and healthy plants,2022-07-13
7623,6756,13,3,Some items were out of stock,2023-10-08
7624,2568,20,4,Great selection and clean store,2025-09-25
7625,12916,16,4,Loved the indoor plant variety,2021-07-18
7626,12966,13,3,Prices were a bit high,2025-12-28
7627,5319,11,4,Fast checkout and friendly advice,2025-06-02
7628,8648,14,3,Average product selection,2024-09-06
7629,14538,9,4,Helpful staff and healthy plants,2024-04-02
7630,11397,17,4,Good prices during promotion,2025-04-22
7631,3386,3,4,Helpful staff and healthy plants,2024-02-01
7632,10703,25,3,Prices were a bit high,2024-09-19
7633,8900,11,3,Decent experience overall,2022-08-24
7634,10519,6,3,Decent experience overall,2021-11-24
7635,14848,20,3,Average product selection,2023-05-17
7636,4122,3,3,Decent experience overall,2025-07-26
7637,12636,23,4,Fast checkout and friendly advice,2024-06-03
7638,4198,8,4,Helpful staff and healthy plants,2022-02-22
7639,14691,16,4,Good prices during promotion,2024-03-01
7640,106,17,3,Store was busy but okay,2024-12-01
7641,14480,17,4,Good prices during promotion,2024-11-03
7642,8218,23,3,Store was busy but okay,2024-08-18
7643,12622,15,4,Loved the indoor plant variety,2023-05-19
7644,4820,16,3,Average product selection,2024-11-05
7645,3467,11,4,Helpful staff and healthy plants,2024-04-14
7646,7263,17,5,Good prices during promotion,2021-06-24
7647,10789,25,3,Average product selection,2022-03-25
7648,8858,3,4,Loved the indoor plant variety,2025-11-09
7649,3995,7,4,Helpful staff and healthy plants,2023-09-04
7650,2262,22,3,Store was busy but okay,2022-12-11
7651,11596,2,3,Decent experience overall,2021-08-27
7652,638,13,3,Store was busy but okay,2022-03-02
7653,13243,21,4,Good prices during promotion,2025-03-02
7654,4895,19,3,Store was busy but okay,2025-04-06
7655,4136,21,4,Loved the indoor plant variety,2025-07-23
7656,12355,20,3,Average product selection,2021-03-24
7657,6143,24,4,Loved the indoor plant variety,2023-05-20
7658,9304,6,4,Fast checkout and friendly advice,2025-06-19
7659,367,8,4,Good prices during promotion,2021-09-28
7660,1223,4,2,Long wait and limited stock,2022-10-18
7661,7673,12,4,Helpful staff and healthy plants,2022-03-22
7662,13716,8,5,Fast checkout and friendly advice,2023-07-09
7663,5752,1,4,Helpful staff and healthy plants,2024-12-21
7664,5840,10,4,Great selection and clean store,2022-11-24
7665,10837,22,2,Could not find what I needed,2021-04-16
7666,9564,16,3,Average product selection,2021-04-21
7667,12271,8,5,Great selection and clean store,2021-06-09
7668,10099,13,3,Store was busy but okay,2023-09-22
7669,6827,9,3,Average product selection,2025-05-15
7670,8391,4,4,Great selection and clean store,2023-05-21
7671,7648,7,4,Fast checkout and friendly advice,2023-03-05
7672,634,24,4,Helpful staff and healthy plants,2023-12-14
7673,14385,24,4,Great selection and clean store,2025-03-20
7674,8396,18,3,Prices were a bit high,2022-11-05
7675,13031,15,4,Great selection and clean store,2022-11-04
7676,7928,18,4,Helpful staff and healthy plants,2025-10-14
7677,1732,6,3,Some items were out of stock,2023-02-23
7678,10416,24,3,Prices were a bit high,2025-04-25
7679,12419,2,3,Some items were out of stock,2025-04-23
7680,9693,8,5,Fast checkout and friendly advice,2025-08-28
7681,7738,15,5,Great selection and clean store,2022-09-14
7682,3966,8,4,Fast checkout and friendly advice,2022-03-09
7683,14207,24,5,Loved the indoor plant variety,2025-08-02
7684,957,3,3,Store was busy but okay,2023-12-10
7685,6397,11,4,Loved the indoor plant variety,2025-05-23
7686,2887,17,3,Some items were out of stock,2021-05-26
7687,3491,5,4,Helpful staff and healthy plants,2023-08-23
7688,4867,15,4,Great selection and clean store,2023-05-23
7689,5200,17,4,Great selection and clean store,2022-04-08
7690,2050,10,4,Good prices during promotion,2024-06-17
7691,2918,1,4,Fast checkout and friendly advice,2025-08-24
7692,239,17,5,Fast checkout and friendly advice,2021-05-26
7693,12161,22,4,Helpful staff and healthy plants,2025-12-17
7694,14628,5,5,Fast checkout and friendly advice,2025-06-05
7695,6381,4,4,Good prices during promotion,2023-08-16
7696,9975,4,4,Great selection and clean store,2024-03-27
7697,75,19,5,Loved the indoor plant variety,2021-07-11
7698,12300,20,4,Helpful staff and healthy plants,2024-04-27
7699,162,22,3,Store was busy but okay,2023-08-04
7700,4289,19,4,Good prices during promotion,2023-11-24
7701,520,21,3,Prices were a bit high,2024-11-20
7702,5707,22,3,Store was busy but okay,2023-11-17
7703,13107,9,4,Helpful staff and healthy plants,2025-07-26
7704,6644,13,3,Prices were a bit high,2021-02-10
7705,8989,24,5,Loved the indoor plant variety,2021-05-11
7706,12691,3,4,Great selection and clean store,2023-07-07
7707,12335,22,5,Good prices during promotion,2022-03-27
7708,9480,25,4,Helpful staff and healthy plants,2025-12-17
7709,7009,10,4,Fast checkout and friendly advice,2021-04-08
7710,14022,24,3,Some items were out of stock,2021-07-01
7711,1357,7,5,Loved the indoor plant variety,2025-07-11
7712,9175,2,3,Prices were a bit high,2024-08-25
7713,9661,14,4,Helpful staff and healthy plants,2023-09-11
7714,7764,10,3,Some items were out of stock,2022-05-06
7715,3308,24,5,Fast checkout and friendly advice,2021-04-15
7716,8634,8,4,Loved the indoor plant variety,2022-06-14
7717,13369,16,4,Great selection and clean store,2022-03-11
7718,13574,16,4,Fast checkout and friendly advice,2023-10-19
7719,8826,19,5,Loved the indoor plant variety,2025-08-13
7720,6976,24,4,Good prices during promotion,2023-06-25
7721,2308,9,4,Helpful staff and healthy plants,2025-02-06
7722,11663,23,4,Great selection and clean store,2021-07-26
7723,8694,14,3,Store was busy but okay,2024-09-03
7724,2320,13,4,Fast checkout and friendly advice,2023-02-01
7725,9788,2,4,Good prices during promotion,2021-05-24
7726,2441,10,3,Store was busy but okay,2023-11-03
7727,12255,15,4,Good prices during promotion,2025-04-06
7728,10085,10,3,Some items were out of stock,2024-06-23
7729,8668,8,3,Prices were a bit high,2025-04-10
7730,2008,22,5,Helpful staff and healthy plants,2022-09-25
7731,6905,8,5,Great selection and clean store,2021-06-15
7732,9275,19,3,Decent experience overall,2023-02-12
7733,7630,16,5,Loved the indoor plant variety,2024-06-24
7734,475,1,5,Great selection and clean store,2023-04-18
7735,321,3,2,Long wait and limited stock,2023-05-24
7736,3120,24,4,Good prices during promotion,2023-03-15
7737,226,5,4,Good prices during promotion,2024-06-23
7738,1397,4,3,Decent experience overall,2025-03-20
7739,1796,14,3,Prices were a bit high,2022-02-16
7740,4718,16,5,Helpful staff and healthy plants,2024-03-06
7741,8200,15,4,Great selection and clean store,2024-11-11
7742,410,20,4,Helpful staff and healthy plants,2024-10-10
7743,7986,9,4,Great selection and clean store,2023-10-18
7744,7141,12,4,Good prices during promotion,2025-07-17
7745,4015,18,4,Fast checkout and friendly advice,2024-11-09
7746,14139,10,4,Helpful staff and healthy plants,2023-05-01
7747,1137,6,4,Great selection and clean store,2023-10-20
7748,6696,3,3,Decent experience overall,2024-09-23
7749,13663,1,3,Store was busy but okay,2021-12-11
7750,4051,19,4,Great selection and clean store,2025-05-12
7751,13509,15,4,Great selection and clean store,2025-10-11
7752,3046,4,4,Helpful staff and healthy plants,2023-03-19
7753,10995,4,5,Great selection and clean store,2023-02-16
7754,3664,1,3,Average product selection,2023-10-13
7755,13608,24,3,Decent experience overall,2021-04-06
7756,5553,18,4,Good prices during promotion,2024-09-14
7757,520,15,3,Decent experience overall,2025-04-22
7758,8690,23,5,Fast checkout and friendly advice,2025-12-22
7759,11535,15,3,Prices were a bit high,2022-07-07
7760,6200,11,2,Long wait and limited stock,2021-05-19
7761,8360,15,5,Helpful staff and healthy plants,2025-03-09
7762,1745,9,4,Helpful staff and healthy plants,2021-12-24
7763,14887,14,4,Fast checkout and friendly advice,2022-06-28
7764,10519,2,3,Some items were out of stock,2023-03-09
7765,5547,24,5,Good prices during promotion,2023-07-06
7766,7497,25,4,Fast checkout and friendly advice,2023-05-04
7767,8141,5,4,Fast checkout and friendly advice,2024-09-12
7768,10335,18,4,Good prices during promotion,2022-03-15
7769,10054,23,5,Fast checkout and friendly advice,2023-10-27
7770,6614,14,5,Good prices during promotion,2024-03-17
7771,7803,17,4,Good prices during promotion,2024-11-23
7772,9124,12,5,Good prices during promotion,2022-03-26
7773,11075,2,4,Great selection and clean store,2025-11-14
7774,720,15,4,Great selection and clean store,2021-04-07
7775,6002,18,3,Prices were a bit high,2023-10-05
7776,3315,6,3,Some items were out of stock,2021-11-11
7777,5469,15,5,Fast checkout and friendly advice,2025-06-12
7778,8692,16,4,Good prices during promotion,2023-05-23
7779,9244,5,3,Decent experience overall,2021-04-10
7780,11130,4,5,Good prices during promotion,2021-11-23
7781,11547,24,4,Fast checkout and friendly advice,2021-04-01
7782,7900,23,4,Good prices during promotion,2023-08-23
7783,14695,15,3,Decent experience overall,2025-03-15
7784,317,18,4,Fast checkout and friendly advice,2022-04-05
7785,6646,7,4,Loved the indoor plant variety,2023-10-13
7786,7858,13,4,Loved the indoor plant variety,2022-07-16
7787,5075,2,4,Great selection and clean store,2025-07-06
7788,6350,8,3,Store was busy but okay,2023-12-07
7789,3081,4,3,Decent experience overall,2025-12-08
7790,13508,21,5,Fast checkout and friendly advice,2025-04-05
7791,1551,13,5,Helpful staff and healthy plants,2021-10-17
7792,12756,16,3,Decent experience overall,2024-03-20
7793,4262,17,3,Prices were a bit high,2025-10-28
7794,1815,2,3,Average product selection,2022-08-14
7795,2752,1,4,Good prices during promotion,2022-08-10
7796,12763,25,5,Fast checkout and friendly advice,2024-05-11
7797,11421,23,4,Great selection and clean store,2023-12-07
7798,2276,13,4,Fast checkout and friendly advice,2022-07-06
7799,976,10,5,Good prices during promotion,2021-06-22
7800,4006,9,5,Loved the indoor plant variety,2022-07-20
7801,5032,8,5,Helpful staff and healthy plants,2025-10-26
7802,8600,18,3,Prices were a bit high,2021-01-15
7803,4662,20,3,Store was busy but okay,2025-08-10
7804,5338,19,4,Great selection and clean store,2025-04-10
7805,8233,16,2,Long wait and limited stock,2024-03-01
7806,14119,20,4,Loved the indoor plant variety,2023-08-10
7807,4628,25,4,Great selection and clean store,2023-06-24
7808,3965,16,4,Good prices during promotion,2022-03-25
7809,11196,20,3,Prices were a bit high,2022-12-20
7810,9358,9,3,Prices were a bit high,2023-12-01
7811,9860,11,4,Loved the indoor plant variety,2025-11-19
7812,7828,20,5,Loved the indoor plant variety,2024-07-13
7813,2024,6,3,Prices were a bit high,2023-09-28
7814,7285,19,3,Some items were out of stock,2024-03-16
7815,10322,19,3,Decent experience overall,2024-08-14
7816,1508,17,4,Fast checkout and friendly advice,2024-05-01
7817,10139,11,3,Prices were a bit high,2023-12-22
7818,10547,15,3,Store was busy but okay,2024-10-02
7819,2034,24,3,Average product selection,2021-05-10
7820,3822,5,3,Average product selection,2021-12-07
7821,2746,19,5,Helpful staff and healthy plants,2021-12-22
7822,2242,3,5,Helpful staff and healthy plants,2025-08-21
7823,6763,17,3,Some items were out of stock,2021-06-07
7824,13883,18,5,Loved the indoor plant variety,2021-02-01
7825,6881,23,5,Helpful staff and healthy plants,2022-07-28
7826,12506,20,3,Store was busy but okay,2025-11-15
7827,10656,1,5,Great selection and clean store,2021-12-16
7828,10741,2,3,Prices were a bit high,2021-09-19
7829,5847,12,4,Great selection and clean store,2024-11-15
7830,10656,25,3,Store was busy but okay,2021-06-10
7831,14429,9,4,Loved the indoor plant variety,2023-07-23
7832,5365,2,4,Helpful staff and healthy plants,2023-05-05
7833,6633,16,4,Loved the indoor plant variety,2023-04-26
7834,14069,13,4,Loved the indoor plant variety,2024-03-23
7835,899,17,4,Fast checkout and friendly advice,2021-11-25
7836,9328,8,3,Store was busy but okay,2025-05-07
7837,8585,6,4,Helpful staff and healthy plants,2024-01-11
7838,1910,12,4,Fast checkout and friendly advice,2025-04-26
7839,1940,23,3,Average product selection,2022-11-14
7840,594,3,3,Store was busy but okay,2024-07-13
7841,4021,11,4,Fast checkout and friendly advice,2021-02-07
7842,8097,13,4,Helpful staff and healthy plants,2025-04-03
7843,13204,1,4,Helpful staff and healthy plants,2022-05-02
7844,13218,13,5,Great selection and clean store,2025-03-20
7845,13664,18,5,Good prices during promotion,2021-06-07
7846,7542,21,3,Prices were a bit high,2025-02-08
7847,8005,24,3,Decent experience overall,2025-02-11
7848,990,3,4,Fast checkout and friendly advice,2021-10-13
7849,9418,24,3,Prices were a bit high,2025-04-10
7850,14482,13,4,Fast checkout and friendly advice,2021-05-18
7851,5252,21,3,Decent experience overall,2022-06-19
7852,7957,22,5,Fast checkout and friendly advice,2022-06-24
7853,4149,9,3,Prices were a bit high,2023-07-14
7854,10995,3,4,Fast checkout and friendly advice,2021-11-05
7855,943,6,4,Fast checkout and friendly advice,2024-10-22
7856,1581,17,3,Average product selection,2022-04-12
7857,6680,8,3,Decent experience overall,2025-12-19
7858,6489,15,4,Helpful staff and healthy plants,2021-11-20
7859,4758,14,2,Could not find what I needed,2023-10-02
7860,9590,13,3,Some items were out of stock,2025-08-06
7861,12129,21,5,Fast checkout and friendly advice,2021-02-13
7862,8982,5,4,Great selection and clean store,2025-12-14
7863,14834,8,5,Great selection and clean store,2023-11-10
7864,359,24,4,Fast checkout and friendly advice,2025-03-07
7865,9927,19,3,Some items were out of stock,2024-08-11
7866,876,13,3,Some items were out of stock,2024-03-01
7867,2358,10,5,Great selection and clean store,2021-10-04
7868,9094,5,3,Some items were out of stock,2024-10-01
7869,6154,14,3,Prices were a bit high,2022-10-22
7870,3670,6,3,Some items were out of stock,2023-05-11
7871,8838,12,3,Average product selection,2025-10-11
7872,5231,17,3,Prices were a bit high,2022-11-07
7873,4078,13,5,Fast checkout and friendly advice,2022-12-24
7874,10188,5,4,Fast checkout and friendly advice,2022-11-07
7875,4429,14,5,Great selection and clean store,2024-06-22
7876,1995,13,4,Good prices during promotion,2021-02-28
7877,10053,25,5,Loved the indoor plant variety,2025-04-05
7878,11533,4,3,Decent experience overall,2023-02-10
7879,7223,20,3,Decent experience overall,2022-04-22
7880,8601,1,5,Helpful staff and healthy plants,2021-07-23
7881,9359,21,4,Great selection and clean store,2021-09-22
7882,4728,3,4,Good prices during promotion,2025-05-21
7883,5,24,4,Great selection and clean store,2025-12-28
7884,509,7,4,Fast checkout and friendly advice,2025-08-21
7885,5595,10,3,Average product selection,2025-02-14
7886,14326,4,3,Store was busy but okay,2024-08-26
7887,10681,10,4,Fast checkout and friendly advice,2024-12-26
7888,11174,24,5,Loved the indoor plant variety,2023-02-02
7889,11521,20,3,Average product selection,2024-08-19
7890,6194,15,4,Great selection and clean store,2023-12-09
7891,419,18,4,Loved the indoor plant variety,2024-04-20
7892,7720,1,2,Plant quality was disappointing,2022-03-20
7893,5967,1,4,Great selection and clean store,2025-05-24
7894,1190,6,3,Prices were a bit high,2022-06-04
7895,11440,1,3,Average product selection,2024-03-26
7896,13535,18,3,Store was busy but okay,2025-02-04
7897,3542,1,3,Decent experience overall,2022-03-26
7898,1794,13,5,Great selection and clean store,2022-04-03
7899,1468,19,3,Some items were out of stock,2022-07-05
7900,12079,12,4,Helpful staff and healthy plants,2022-02-27
7901,9105,22,4,Loved the indoor plant variety,2023-12-21
7902,8389,17,4,Good prices during promotion,2021-02-14
7903,14577,14,4,Good prices during promotion,2025-07-02
7904,6212,12,4,Helpful staff and healthy plants,2022-08-10
7905,10302,12,5,Helpful staff and healthy plants,2024-06-03
7906,7905,6,4,Good prices during promotion,2022-02-23
7907,13065,23,4,Good prices during promotion,2024-08-23
7908,554,16,5,Helpful staff and healthy plants,2021-12-20
7909,10258,6,5,Fast checkout and friendly advice,2024-12-11
7910,224,10,4,Great selection and clean store,2023-04-03
7911,702,19,4,Fast checkout and friendly advice,2024-08-07
7912,11568,3,4,Great selection and clean store,2023-03-10
7913,3105,22,4,Loved the indoor plant variety,2021-06-13
7914,8236,13,4,Helpful staff and healthy plants,2022-08-11
7915,4871,1,4,Fast checkout and friendly advice,2025-07-07
7916,8930,3,5,Loved the indoor plant variety,2021-01-18
7917,4037,22,4,Fast checkout and friendly advice,2025-10-02
7918,11233,1,4,Good prices during promotion,2021-01-08
7919,13795,11,4,Good prices during promotion,2023-08-23
7920,8615,3,4,Loved the indoor plant variety,2021-12-16
7921,2874,13,4,Fast checkout and friendly advice,2023-02-28
7922,14195,23,4,Good prices during promotion,2021-08-23
7923,9579,24,3,Prices were a bit high,2023-04-05
7924,1641,2,4,Great selection and clean store,2022-07-20
7925,5286,2,4,Great selection and clean store,2021-12-04
7926,4972,2,4,Fast checkout and friendly advice,2024-09-14
7927,475,17,5,Good prices during promotion,2023-05-05
7928,6052,6,5,Great selection and clean store,2023-03-06
7929,10313,18,4,Great selection and clean store,2021-10-16
7930,11266,8,4,Good prices during promotion,2024-05-09
7931,566,7,5,Great selection and clean store,2022-02-01
7932,7563,10,5,Fast checkout and friendly advice,2022-08-19
7933,9193,11,2,Could not find what I needed,2022-02-17
7934,2742,8,4,Helpful staff and healthy plants,2024-12-26
7935,3035,4,2,Could not find what I needed,2025-01-05
7936,3765,17,4,Good prices during promotion,2022-10-07
7937,8767,22,3,Average product selection,2024-11-27
7938,13857,6,5,Loved the indoor plant variety,2024-05-26
7939,2405,12,4,Fast checkout and friendly advice,2022-06-21
7940,5584,8,2,Long wait and limited stock,2025-04-15
7941,1545,7,5,Loved the indoor plant variety,2024-12-20
7942,12680,4,2,Could not find what I needed,2023-10-22
7943,13615,22,4,Good prices during promotion,2022-07-19
7944,2268,5,3,Decent experience overall,2025-04-11
7945,39,25,4,Great selection and clean store,2024-12-17
7946,5243,10,2,Competitor had better price,2021-08-05
7947,14418,11,4,Good prices during promotion,2024-10-24
7948,7983,9,4,Fast checkout and friendly advice,2022-05-21
7949,14036,12,2,Long wait and limited stock,2024-02-24
7950,12261,2,5,Loved the indoor plant variety,2024-03-03
7951,2462,9,3,Store was busy but okay,2023-12-06
7952,7409,1,4,Good prices during promotion,2023-06-16
7953,11211,5,3,Prices were a bit high,2023-12-06
7954,12281,12,3,Some items were out of stock,2021-04-02
7955,7219,18,4,Fast checkout and friendly advice,2021-03-12
7956,3734,6,3,Store was busy but okay,2023-06-07
7957,199,8,5,Helpful staff and healthy plants,2021-10-10
7958,864,9,3,Prices were a bit high,2024-05-05
7959,8752,10,5,Fast checkout and friendly advice,2022-01-28
7960,10968,14,4,Fast checkout and friendly advice,2023-10-01
7961,10846,3,3,Some items were out of stock,2025-12-23
7962,3297,5,4,Loved the indoor plant variety,2024-02-19
7963,7566,23,4,Good prices during promotion,2021-11-16
7964,13138,25,2,Discount was confusing,2023-02-06
7965,10886,12,4,Good prices during promotion,2023-12-16
7966,524,15,4,Great selection and clean store,2021-04-08
7967,12596,17,3,Some items were out of stock,2024-08-13
7968,717,6,4,Fast checkout and friendly advice,2021-01-24
7969,8430,14,4,Fast checkout and friendly advice,2023-07-28
7970,12484,8,3,Store was busy but okay,2025-04-07
7971,409,2,3,Some items were out of stock,2025-05-07
7972,3804,10,4,Great selection and clean store,2024-02-25
7973,5340,12,3,Some items were out of stock,2023-08-11
7974,5785,17,4,Good prices during promotion,2021-03-04
7975,11527,4,3,Decent experience overall,2023-05-08
7976,1889,6,2,Discount was confusing,2023-12-04
7977,11410,12,5,Fast checkout and friendly advice,2025-10-18
7978,10026,23,4,Helpful staff and healthy plants,2021-10-26
7979,4771,24,4,Good prices during promotion,2025-08-12
7980,2551,19,4,Fast checkout and friendly advice,2025-10-25
7981,14445,11,3,Store was busy but okay,2021-12-14
7982,11068,22,4,Fast checkout and friendly advice,2023-04-01
7983,7362,17,4,Great selection and clean store,2025-10-24
7984,9131,12,3,Average product selection,2025-11-13
7985,2797,15,5,Great selection and clean store,2024-09-06
7986,9811,3,5,Great selection and clean store,2021-12-27
7987,11381,7,5,Great selection and clean store,2022-06-12
7988,14996,15,3,Some items were out of stock,2022-11-13
7989,9024,4,3,Average product selection,2022-04-07
7990,13913,22,4,Helpful staff and healthy plants,2022-08-01
7991,6282,22,5,Fast checkout and friendly advice,2021-03-06
7992,3824,4,4,Loved the indoor plant variety,2023-07-12
7993,12569,1,4,Good prices during promotion,2023-09-06
7994,9264,13,3,Average product selection,2024-12-11
7995,3616,14,3,Some items were out of stock,2022-06-01
7996,4702,6,4,Loved the indoor plant variety,2022-05-13
7997,12678,22,4,Loved the indoor plant variety,2023-05-19
7998,6639,21,3,Some items were out of stock,2025-11-19
7999,9941,9,4,Loved the indoor plant variety,2023-10-08
8000,11135,5,3,Prices were a bit high,2022-07-26
8001,477,14,4,Good prices during promotion,2024-05-10
8002,4371,12,3,Store was busy but okay,2024-10-08
8003,3796,25,4,Loved the indoor plant variety,2022-08-02
8004,12855,22,4,Great selection and clean store,2024-05-15
8005,6817,19,4,Loved the indoor plant variety,2023-10-05
8006,6908,6,5,Loved the indoor plant variety,2024-09-14
8007,1124,15,4,Good prices during promotion,2024-07-05
8008,14584,15,3,Prices were a bit high,2023-02-16
8009,14915,23,5,Great selection and clean store,2025-02-22
8010,14330,25,4,Great selection and clean store,2025-04-02
8011,5642,22,4,Fast checkout and friendly advice,2021-04-01
8012,921,10,4,Great selection and clean store,2021-05-17
8013,2781,1,3,Decent experience overall,2022-09-05
8014,13339,13,3,Store was busy but okay,2024-09-20
8015,5841,5,4,Fast checkout and friendly advice,2023-02-05
8016,2120,24,4,Great selection and clean store,2023-12-20
8017,12035,11,4,Loved the indoor plant variety,2024-05-01
8018,4668,15,4,Loved the indoor plant variety,2022-10-16
8019,10588,2,3,Decent experience overall,2021-06-08
8020,9575,15,3,Store was busy but okay,2022-04-09
8021,12271,13,4,Helpful staff and healthy plants,2025-12-19
8022,11774,23,5,Helpful staff and healthy plants,2022-05-12
8023,3303,20,5,Good prices during promotion,2022-08-20
8024,1633,24,2,Plant quality was disappointing,2022-05-16
8025,12379,6,5,Helpful staff and healthy plants,2024-04-06
8026,14126,25,4,Loved the indoor plant variety,2022-05-05
8027,4815,15,4,Helpful staff and healthy plants,2021-12-28
8028,10827,16,5,Fast checkout and friendly advice,2023-05-05
8029,14509,19,4,Great selection and clean store,2024-04-14
8030,6171,17,4,Fast checkout and friendly advice,2023-10-05
8031,5059,19,3,Prices were a bit high,2021-10-10
8032,5136,11,5,Helpful staff and healthy plants,2025-06-24
8033,9376,16,4,Fast checkout and friendly advice,2025-03-09
8034,7679,8,4,Loved the indoor plant variety,2022-07-04
8035,11154,8,3,Average product selection,2021-05-15
8036,4013,18,3,Some items were out of stock,2022-04-03
8037,10049,12,3,Average product selection,2022-05-12
8038,10805,3,4,Helpful staff and healthy plants,2021-01-25
8039,14542,19,5,Great selection and clean store,2022-08-08
8040,11218,13,3,Some items were out of stock,2022-08-01
8041,13072,9,3,Decent experience overall,2024-01-13
8042,9711,22,5,Helpful staff and healthy plants,2024-05-13
8043,14129,17,4,Loved the indoor plant variety,2022-03-11
8044,8223,18,5,Fast checkout and friendly advice,2025-03-07
8045,5346,24,3,Decent experience overall,2025-12-23
8046,14300,24,4,Fast checkout and friendly advice,2023-08-10
8047,12986,13,4,Good prices during promotion,2023-05-17
8048,14127,6,3,Prices were a bit high,2022-03-01
8049,10852,6,4,Fast checkout and friendly advice,2021-04-10
8050,14259,25,3,Some items were out of stock,2021-08-04
8051,9878,6,4,Helpful staff and healthy plants,2022-04-22
8052,1306,1,4,Fast checkout and friendly advice,2025-05-12
8053,7519,13,4,Loved the indoor plant variety,2025-04-28
8054,10173,19,4,Great selection and clean store,2025-10-01
8055,7398,13,4,Great selection and clean store,2021-02-14
8056,987,15,3,Some items were out of stock,2022-04-28
8057,6588,12,4,Fast checkout and friendly advice,2023-07-04
8058,5837,4,3,Some items were out of stock,2021-03-23
8059,1476,12,5,Fast checkout and friendly advice,2021-03-15
8060,2748,24,4,Great selection and clean store,2022-02-07
8061,9967,18,4,Loved the indoor plant variety,2022-06-06
8062,6076,11,4,Good prices during promotion,2025-05-06
8063,11591,21,5,Loved the indoor plant variety,2022-05-24
8064,1643,4,4,Great selection and clean store,2024-08-03
8065,835,20,3,Average product selection,2024-11-22
8066,14827,22,2,Plant quality was disappointing,2022-04-27
8067,10227,11,4,Great selection and clean store,2021-02-17
8068,8512,2,4,Loved the indoor plant variety,2025-11-06
8069,14181,10,5,Great selection and clean store,2021-05-04
8070,2998,12,4,Helpful staff and healthy plants,2023-06-18
8071,9182,20,4,Fast checkout and friendly advice,2021-12-15
8072,395,14,3,Some items were out of stock,2023-11-05
8073,8651,6,3,Prices were a bit high,2021-01-18
8074,12693,12,3,Decent experience overall,2023-08-16
8075,9300,22,5,Loved the indoor plant variety,2023-12-04
8076,633,25,5,Loved the indoor plant variety,2022-10-10
8077,1880,16,5,Great selection and clean store,2021-12-02
8078,12472,12,3,Some items were out of stock,2021-07-21
8079,8904,23,4,Great selection and clean store,2024-12-11
8080,8861,23,3,Store was busy but okay,2025-11-05
8081,605,15,4,Great selection and clean store,2024-03-21
8082,9940,7,5,Great selection and clean store,2022-04-22
8083,11604,7,3,Store was busy but okay,2023-11-23
8084,11844,17,4,Fast checkout and friendly advice,2023-04-13
8085,6411,8,4,Helpful staff and healthy plants,2022-10-10
8086,7290,5,4,Fast checkout and friendly advice,2025-03-15
8087,14306,10,3,Store was busy but okay,2023-11-10
8088,7729,22,3,Prices were a bit high,2023-08-02
8089,12220,9,5,Loved the indoor plant variety,2021-04-04
8090,13858,1,5,Great selection and clean store,2024-11-10
8091,9466,8,5,Helpful staff and healthy plants,2024-05-18
8092,1052,11,2,Could not find what I needed,2021-05-26
8093,8299,14,4,Helpful staff and healthy plants,2024-12-11
8094,2775,1,5,Loved the indoor plant variety,2024-01-10
8095,5083,15,5,Loved the indoor plant variety,2022-01-25
8096,4740,4,5,Helpful staff and healthy plants,2025-06-15
8097,7316,1,3,Prices were a bit high,2023-11-22
8098,11844,14,4,Fast checkout and friendly advice,2021-05-10
8099,5687,8,3,Average product selection,2025-03-26
8100,218,4,3,Prices were a bit high,2024-08-01
8101,13330,22,2,Discount was confusing,2022-07-28
8102,4477,21,4,Loved the indoor plant variety,2021-03-06
8103,10993,2,5,Great selection and clean store,2025-11-07
8104,4715,5,4,Loved the indoor plant variety,2022-05-20
8105,2473,23,4,Fast checkout and friendly advice,2021-02-28
8106,13749,11,3,Decent experience overall,2023-11-07
8107,14715,6,3,Decent experience overall,2023-10-26
8108,4227,20,4,Helpful staff and healthy plants,2024-12-25
8109,12293,4,3,Average product selection,2023-03-24
8110,6103,2,4,Helpful staff and healthy plants,2023-12-11
8111,8493,9,3,Decent experience overall,2024-12-06
8112,293,2,4,Loved the indoor plant variety,2021-08-18
8113,12205,1,3,Average product selection,2024-12-04
8114,11348,3,3,Prices were a bit high,2023-02-15
8115,13388,16,3,Some items were out of stock,2021-04-23
8116,11818,24,3,Prices were a bit high,2023-04-09
8117,10937,18,4,Great selection and clean store,2025-10-10
8118,8382,10,5,Loved the indoor plant variety,2021-04-20
8119,9044,10,3,Prices were a bit high,2022-04-13
8120,546,4,3,Store was busy but okay,2024-07-10
8121,13969,3,3,Store was busy but okay,2024-02-15
8122,5941,10,5,Loved the indoor plant variety,2024-09-05
8123,4941,9,4,Loved the indoor plant variety,2021-04-08
8124,11552,4,3,Prices were a bit high,2024-12-12
8125,351,6,5,Good prices during promotion,2021-03-25
8126,5180,18,3,Decent experience overall,2025-03-10
8127,3899,25,2,Competitor had better price,2022-10-21
8128,5008,14,4,Loved the indoor plant variety,2024-03-11
8129,14167,5,5,Loved the indoor plant variety,2024-03-11
8130,9263,22,5,Great selection and clean store,2024-05-28
8131,4273,5,5,Good prices during promotion,2022-10-04
8132,9323,10,4,Fast checkout and friendly advice,2021-08-05
8133,11760,2,3,Decent experience overall,2022-07-27
8134,9940,21,5,Helpful staff and healthy plants,2025-04-12
8135,12298,11,5,Great selection and clean store,2022-11-11
8136,6729,6,3,Some items were out of stock,2025-12-13
8137,12095,1,4,Good prices during promotion,2022-04-17
8138,6119,17,4,Fast checkout and friendly advice,2022-05-22
8139,9347,6,5,Helpful staff and healthy plants,2021-06-08
8140,13118,13,4,Helpful staff and healthy plants,2024-05-11
8141,4955,10,4,Good prices during promotion,2023-08-24
8142,14727,15,3,Prices were a bit high,2025-06-18
8143,12664,18,5,Loved the indoor plant variety,2024-04-01
8144,2039,23,5,Good prices during promotion,2021-11-10
8145,2749,15,4,Good prices during promotion,2021-12-03
8146,14102,9,4,Loved the indoor plant variety,2023-05-03
8147,2119,9,3,Average product selection,2022-01-02
8148,1702,10,4,Loved the indoor plant variety,2025-05-14
8149,2170,4,4,Great selection and clean store,2023-02-25
8150,6445,3,3,Some items were out of stock,2023-12-08
8151,8887,5,5,Good prices during promotion,2024-06-16
8152,8329,7,4,Good prices during promotion,2024-04-11
8153,4767,2,5,Loved the indoor plant variety,2025-12-19
8154,14591,11,4,Helpful staff and healthy plants,2024-12-09
8155,11489,16,4,Good prices during promotion,2021-10-05
8156,13591,7,4,Helpful staff and healthy plants,2023-11-25
8157,13050,14,4,Loved the indoor plant variety,2023-10-03
8158,720,2,4,Loved the indoor plant variety,2025-12-27
8159,8948,19,5,Good prices during promotion,2021-09-13
8160,11565,5,4,Good prices during promotion,2024-10-28
8161,8635,2,3,Some items were out of stock,2021-10-25
8162,11246,2,3,Store was busy but okay,2021-07-09
8163,1314,15,3,Decent experience overall,2022-05-11
8164,13466,7,3,Store was busy but okay,2021-11-15
8165,4137,3,4,Great selection and clean store,2025-12-11
8166,10969,17,3,Prices were a bit high,2023-04-06
8167,10991,3,4,Great selection and clean store,2023-04-19
8168,12556,1,3,Prices were a bit high,2023-05-06
8169,3963,23,5,Fast checkout and friendly advice,2024-08-13
8170,2888,1,4,Loved the indoor plant variety,2022-09-27
8171,3605,17,4,Fast checkout and friendly advice,2025-09-24
8172,9851,2,3,Some items were out of stock,2021-03-10
8173,14636,8,3,Some items were out of stock,2023-10-14
8174,6978,19,3,Some items were out of stock,2023-11-21
8175,7083,24,3,Average product selection,2023-12-07
8176,7264,9,3,Prices were a bit high,2022-10-13
8177,4627,18,4,Loved the indoor plant variety,2021-10-21
8178,6793,18,5,Helpful staff and healthy plants,2023-04-03
8179,8657,11,5,Fast checkout and friendly advice,2025-11-27
8180,1171,8,5,Fast checkout and friendly advice,2022-01-03
8181,5988,14,2,Discount was confusing,2025-01-14
8182,6838,17,4,Good prices during promotion,2024-03-16
8183,11327,17,5,Good prices during promotion,2023-03-12
8184,178,24,4,Loved the indoor plant variety,2024-03-01
8185,12639,8,4,Fast checkout and friendly advice,2025-12-09
8186,9633,22,4,Good prices during promotion,2021-02-22
8187,9144,10,3,Store was busy but okay,2024-12-18
8188,3629,24,5,Loved the indoor plant variety,2024-10-27
8189,10817,10,4,Fast checkout and friendly advice,2021-12-25
8190,14887,4,3,Some items were out of stock,2025-04-17
8191,753,20,3,Some items were out of stock,2025-07-12
8192,12266,14,3,Some items were out of stock,2024-10-12
8193,1111,18,5,Helpful staff and healthy plants,2024-12-14
8194,2153,7,3,Prices were a bit high,2023-06-05
8195,12951,9,5,Fast checkout and friendly advice,2022-04-21
8196,926,15,4,Good prices during promotion,2025-03-21
8197,13785,6,4,Loved the indoor plant variety,2022-04-06
8198,11915,17,4,Good prices during promotion,2023-01-18
8199,5725,5,4,Loved the indoor plant variety,2023-03-16
8200,9630,20,5,Fast checkout and friendly advice,2023-03-09
8201,5193,8,3,Store was busy but okay,2022-03-05
8202,4602,14,4,Good prices during promotion,2021-12-26
8203,9130,20,3,Some items were out of stock,2022-08-24
8204,6326,9,4,Good prices during promotion,2022-04-09
8205,8858,25,4,Great selection and clean store,2024-03-20
8206,4943,9,4,Fast checkout and friendly advice,2021-05-17
8207,7195,9,3,Average product selection,2022-03-15
8208,3383,10,4,Fast checkout and friendly advice,2025-02-17
8209,4966,7,4,Helpful staff and healthy plants,2022-04-17
8210,14185,24,5,Helpful staff and healthy plants,2024-12-07
8211,8627,10,5,Good prices during promotion,2025-12-02
8212,2947,17,4,Great selection and clean store,2022-03-06
8213,10809,15,4,Great selection and clean store,2023-08-15
8214,2022,1,3,Store was busy but okay,2025-09-03
8215,3580,15,4,Helpful staff and healthy plants,2025-03-02
8216,13982,10,3,Decent experience overall,2022-08-22
8217,13564,3,5,Good prices during promotion,2021-11-24
8218,11021,10,4,Helpful staff and healthy plants,2023-10-04
8219,4937,25,4,Good prices during promotion,2024-04-02
8220,8871,20,4,Fast checkout and friendly advice,2021-01-11
8221,2814,19,5,Great selection and clean store,2025-11-27
8222,2854,15,5,Great selection and clean store,2023-11-18
8223,8025,25,3,Decent experience overall,2021-04-05
8224,10965,5,5,Great selection and clean store,2024-10-28
8225,14146,3,3,Some items were out of stock,2023-09-01
8226,5962,3,4,Good prices during promotion,2021-03-21
8227,9452,13,4,Great selection and clean store,2025-10-18
8228,13135,17,3,Store was busy but okay,2025-10-23
8229,3788,13,3,Average product selection,2024-04-28
8230,5412,11,4,Helpful staff and healthy plants,2021-05-14
8231,1651,18,2,Long wait and limited stock,2024-04-28
8232,13049,9,4,Great selection and clean store,2022-04-21
8233,6552,13,4,Good prices during promotion,2021-04-07
8234,6192,23,3,Store was busy but okay,2023-08-20
8235,5968,2,3,Prices were a bit high,2022-02-23
8236,2177,5,3,Decent experience overall,2025-07-08
8237,13696,16,4,Great selection and clean store,2023-02-24
8238,11648,14,4,Helpful staff and healthy plants,2021-05-19
8239,4847,7,4,Helpful staff and healthy plants,2024-08-13
8240,1122,22,4,Good prices during promotion,2022-02-14
8241,5984,14,4,Loved the indoor plant variety,2022-01-14
8242,5234,13,3,Store was busy but okay,2023-09-09
8243,1722,2,4,Loved the indoor plant variety,2021-05-11
8244,811,23,4,Fast checkout and friendly advice,2021-12-23
8245,8979,14,3,Decent experience overall,2023-09-08
8246,8635,23,4,Loved the indoor plant variety,2021-04-08
8247,3575,20,4,Loved the indoor plant variety,2021-12-16
8248,9658,23,3,Decent experience overall,2023-04-02
8249,12035,12,4,Helpful staff and healthy plants,2021-02-07
8250,9669,1,4,Great selection and clean store,2024-02-08
8251,14038,23,3,Prices were a bit high,2021-07-03
8252,10316,24,4,Great selection and clean store,2022-12-11
8253,3998,5,3,Some items were out of stock,2025-05-12
8254,11350,16,1,Discount was confusing,2022-02-15
8255,12805,14,3,Average product selection,2023-07-14
8256,10451,19,4,Helpful staff and healthy plants,2024-08-12
8257,3618,13,4,Good prices during promotion,2022-06-19
8258,11704,19,4,Fast checkout and friendly advice,2021-10-13
8259,4976,16,3,Average product selection,2021-06-24
8260,6534,15,4,Loved the indoor plant variety,2021-04-07
8261,10180,2,5,Loved the indoor plant variety,2022-06-07
8262,12706,22,4,Helpful staff and healthy plants,2024-11-09
8263,9703,14,5,Helpful staff and healthy plants,2025-06-08
8264,419,7,5,Great selection and clean store,2025-08-03
8265,14065,8,3,Decent experience overall,2021-01-03
8266,12484,16,4,Good prices during promotion,2023-09-17
8267,12190,19,3,Store was busy but okay,2024-01-26
8268,13105,23,3,Decent experience overall,2024-03-28
8269,14538,4,3,Prices were a bit high,2022-09-25
8270,10482,3,4,Helpful staff and healthy plants,2024-05-08
8271,12219,11,3,Some items were out of stock,2022-08-18
8272,11929,16,4,Helpful staff and healthy plants,2022-11-21
8273,11679,1,5,Great selection and clean store,2025-04-02
8274,3971,5,5,Loved the indoor plant variety,2022-12-24
8275,4713,20,3,Average product selection,2023-11-03
8276,490,16,5,Helpful staff and healthy plants,2021-11-26
8277,12028,5,5,Great selection and clean store,2021-09-07
8278,2728,22,4,Helpful staff and healthy plants,2022-09-04
8279,7517,14,4,Fast checkout and friendly advice,2024-12-23
8280,10952,1,4,Loved the indoor plant variety,2023-03-13
8281,12089,9,4,Good prices during promotion,2022-12-05
8282,12201,18,2,Competitor had better price,2022-12-04
8283,2116,11,4,Fast checkout and friendly advice,2025-08-19
8284,5663,25,4,Loved the indoor plant variety,2022-04-02
8285,6743,25,3,Store was busy but okay,2021-09-22
8286,9716,10,4,Helpful staff and healthy plants,2023-08-15
8287,13577,2,3,Some items were out of stock,2023-07-20
8288,9898,13,5,Great selection and clean store,2021-04-07
8289,5206,19,3,Some items were out of stock,2025-07-13
8290,14418,1,5,Good prices during promotion,2023-08-07
8291,6863,10,4,Fast checkout and friendly advice,2025-03-12
8292,9503,6,5,Fast checkout and friendly advice,2022-11-06
8293,2183,24,3,Store was busy but okay,2022-06-21
8294,10415,22,5,Great selection and clean store,2021-12-18
8295,10094,2,3,Average product selection,2024-06-21
8296,8189,20,4,Great selection and clean store,2021-04-13
8297,14959,15,4,Fast checkout and friendly advice,2021-10-14
8298,403,16,5,Great selection and clean store,2024-06-13
8299,5041,13,5,Great selection and clean store,2023-07-23
8300,14619,10,3,Store was busy but okay,2022-04-02
8301,11531,10,5,Helpful staff and healthy plants,2025-10-09
8302,3929,22,3,Decent experience overall,2025-03-27
8303,642,6,3,Average product selection,2025-06-20
8304,966,3,5,Fast checkout and friendly advice,2022-04-25
8305,2264,12,4,Loved the indoor plant variety,2023-05-09
8306,14740,5,4,Fast checkout and friendly advice,2021-02-14
8307,7749,21,3,Prices were a bit high,2025-12-25
8308,9039,6,3,Store was busy but okay,2021-03-12
8309,10141,18,3,Decent experience overall,2025-11-03
8310,169,9,3,Some items were out of stock,2024-11-11
8311,14637,16,3,Average product selection,2022-07-01
8312,2166,18,3,Store was busy but okay,2021-08-12
8313,5277,19,3,Some items were out of stock,2021-01-21
8314,8655,18,4,Fast checkout and friendly advice,2025-11-04
8315,5012,15,3,Decent experience overall,2025-05-16
8316,3881,2,5,Loved the indoor plant variety,2022-03-06
8317,8987,1,3,Prices were a bit high,2022-02-02
8318,12518,15,5,Good prices during promotion,2025-12-23
8319,1249,10,3,Prices were a bit high,2023-12-18
8320,10064,5,4,Good prices during promotion,2021-04-27
8321,3563,8,4,Good prices during promotion,2024-04-05
8322,252,9,4,Fast checkout and friendly advice,2023-05-24
8323,7877,22,5,Helpful staff and healthy plants,2024-10-04
8324,7740,1,4,Great selection and clean store,2023-07-14
8325,8414,12,5,Great selection and clean store,2023-03-10
8326,10736,21,3,Decent experience overall,2024-02-17
8327,11769,25,4,Good prices during promotion,2023-09-06
8328,6807,16,4,Good prices during promotion,2025-04-09
8329,2180,25,4,Helpful staff and healthy plants,2024-02-26
8330,6467,1,5,Great selection and clean store,2022-06-01
8331,5156,4,2,Could not find what I needed,2023-04-06
8332,2113,4,3,Average product selection,2021-06-01
8333,6431,12,4,Loved the indoor plant variety,2023-09-15
8334,1381,15,5,Helpful staff and healthy plants,2021-09-10
8335,14193,6,3,Average product selection,2025-11-28
8336,6833,2,3,Prices were a bit high,2021-01-28
8337,8362,14,4,Helpful staff and healthy plants,2025-05-14
8338,4053,12,4,Good prices during promotion,2023-09-07
8339,9436,14,4,Fast checkout and friendly advice,2024-12-11
8340,10184,16,4,Great selection and clean store,2023-04-16
8341,6145,15,5,Great selection and clean store,2023-04-10
8342,12617,6,5,Loved the indoor plant variety,2021-06-03
8343,4837,9,4,Helpful staff and healthy plants,2022-12-13
8344,7722,19,2,Plant quality was disappointing,2021-03-24
8345,5885,11,4,Great selection and clean store,2022-01-12
8346,9890,13,4,Good prices during promotion,2023-03-17
8347,12993,21,3,Prices were a bit high,2022-09-12
8348,13919,13,4,Helpful staff and healthy plants,2022-09-18
8349,8013,24,4,Helpful staff and healthy plants,2022-06-17
8350,13541,16,4,Helpful staff and healthy plants,2025-01-02
8351,13115,22,5,Helpful staff and healthy plants,2021-03-20
8352,8072,15,2,Competitor had better price,2025-07-17
8353,6916,6,4,Fast checkout and friendly advice,2021-05-01
8354,10420,3,5,Fast checkout and friendly advice,2025-12-27
8355,2637,23,3,Prices were a bit high,2023-06-27
8356,4272,17,5,Great selection and clean store,2022-12-15
8357,865,2,3,Prices were a bit high,2022-05-08
8358,2248,1,5,Helpful staff and healthy plants,2022-04-16
8359,10297,16,4,Fast checkout and friendly advice,2025-04-19
8360,14612,24,4,Helpful staff and healthy plants,2025-04-01
8361,8022,24,4,Good prices during promotion,2023-12-24
8362,74,1,4,Good prices during promotion,2025-02-11
8363,12592,11,3,Average product selection,2025-04-06
8364,8826,1,4,Fast checkout and friendly advice,2022-04-21
8365,2000,2,5,Loved the indoor plant variety,2025-02-03
8366,7738,7,4,Helpful staff and healthy plants,2022-09-06
8367,7424,9,4,Good prices during promotion,2024-03-01
8368,5001,13,4,Great selection and clean store,2025-05-03
8369,6365,17,3,Store was busy but okay,2023-11-01
8370,9580,14,3,Some items were out of stock,2023-10-17
8371,4775,10,4,Good prices during promotion,2023-05-10
8372,9944,18,3,Average product selection,2023-01-06
8373,8308,1,3,Decent experience overall,2024-03-28
8374,3207,13,3,Prices were a bit high,2022-06-22
8375,2808,25,4,Loved the indoor plant variety,2021-12-26
8376,6270,6,5,Great selection and clean store,2025-06-09
8377,9675,2,4,Helpful staff and healthy plants,2023-03-03
8378,8565,2,4,Helpful staff and healthy plants,2023-07-03
8379,14868,24,4,Fast checkout and friendly advice,2021-03-02
8380,13392,12,3,Decent experience overall,2023-04-08
8381,8406,21,4,Good prices during promotion,2025-03-26
8382,6817,6,5,Helpful staff and healthy plants,2023-06-10
8383,11337,15,3,Prices were a bit high,2025-11-18
8384,8226,20,3,Decent experience overall,2024-09-25
8385,4932,11,4,Loved the indoor plant variety,2022-04-09
8386,10879,9,5,Helpful staff and healthy plants,2022-02-28
8387,9130,2,4,Fast checkout and friendly advice,2021-07-20
8388,6035,11,3,Average product selection,2022-08-13
8389,6239,14,4,Good prices during promotion,2023-02-01
8390,14817,6,4,Fast checkout and friendly advice,2025-12-09
8391,11781,25,4,Loved the indoor plant variety,2025-03-27
8392,5710,22,3,Store was busy but okay,2021-12-12
8393,6448,21,4,Loved the indoor plant variety,2024-10-02
8394,14511,23,3,Prices were a bit high,2024-05-04
8395,7661,2,4,Fast checkout and friendly advice,2023-12-20
8396,5122,19,4,Good prices during promotion,2021-08-07
8397,10700,15,4,Great selection and clean store,2021-05-23
8398,13541,16,4,Great selection and clean store,2025-07-11
8399,29,5,4,Good prices during promotion,2023-01-05
8400,10742,16,4,Helpful staff and healthy plants,2025-08-09
8401,3567,14,4,Great selection and clean store,2022-04-15
8402,13338,19,4,Good prices during promotion,2023-05-09
8403,1991,3,4,Helpful staff and healthy plants,2021-10-10
8404,10523,1,4,Loved the indoor plant variety,2023-09-16
8405,9644,11,3,Prices were a bit high,2022-09-27
8406,8248,22,4,Good prices during promotion,2022-10-27
8407,7357,12,4,Fast checkout and friendly advice,2024-04-23
8408,4796,22,4,Fast checkout and friendly advice,2024-10-03
8409,7959,11,3,Average product selection,2022-03-02
8410,1371,8,4,Loved the indoor plant variety,2023-05-23
8411,13095,15,5,Great selection and clean store,2024-09-06
8412,6291,8,5,Great selection and clean store,2023-12-08
8413,11573,20,4,Fast checkout and friendly advice,2025-04-20
8414,9237,11,3,Decent experience overall,2021-02-14
8415,1127,3,3,Store was busy but okay,2024-07-26
8416,12960,11,4,Good prices during promotion,2021-03-11
8417,14017,16,3,Store was busy but okay,2023-02-28
8418,10909,12,4,Good prices during promotion,2022-03-05
8419,2749,25,3,Decent experience overall,2023-05-17
8420,12667,24,4,Loved the indoor plant variety,2022-05-15
8421,3847,5,3,Some items were out of stock,2023-08-21
8422,6949,7,4,Fast checkout and friendly advice,2022-01-10
8423,8058,6,5,Good prices during promotion,2025-05-05
8424,10617,12,4,Helpful staff and healthy plants,2022-10-18
8425,2411,4,5,Fast checkout and friendly advice,2025-10-23
8426,7908,13,5,Helpful staff and healthy plants,2022-12-22
8427,14841,5,4,Good prices during promotion,2024-05-10
8428,2360,21,5,Good prices during promotion,2021-12-22
8429,12913,18,4,Fast checkout and friendly advice,2023-06-16
8430,7957,24,3,Prices were a bit high,2023-08-09
8431,7074,19,4,Good prices during promotion,2024-09-27
8432,151,11,5,Fast checkout and friendly advice,2022-01-01
8433,9223,8,4,Loved the indoor plant variety,2025-03-14
8434,11966,5,4,Helpful staff and healthy plants,2021-08-21
8435,9982,21,4,Helpful staff and healthy plants,2025-08-14
8436,11073,17,3,Some items were out of stock,2023-10-02
8437,2018,23,4,Good prices during promotion,2021-01-25
8438,9673,16,3,Prices were a bit high,2025-05-13
8439,4719,5,3,Prices were a bit high,2021-11-01
8440,13877,25,4,Great selection and clean store,2024-04-06
8441,394,12,3,Prices were a bit high,2023-05-03
8442,7083,8,3,Store was busy but okay,2025-03-08
8443,4854,21,4,Fast checkout and friendly advice,2023-11-08
8444,8311,18,4,Helpful staff and healthy plants,2023-09-18
8445,589,11,4,Great selection and clean store,2024-04-11
8446,5447,10,3,Some items were out of stock,2024-03-14
8447,6937,17,4,Helpful staff and healthy plants,2024-05-21
8448,7488,20,5,Fast checkout and friendly advice,2025-10-02
8449,13327,15,3,Some items were out of stock,2022-12-17
8450,6290,16,3,Some items were out of stock,2021-06-06
8451,5427,22,3,Decent experience overall,2024-04-09
8452,369,22,4,Loved the indoor plant variety,2021-07-22
8453,7989,14,5,Loved the indoor plant variety,2024-09-20
8454,2089,14,4,Helpful staff and healthy plants,2022-05-19
8455,9708,6,3,Store was busy but okay,2025-02-10
8456,14318,18,5,Helpful staff and healthy plants,2023-10-10
8457,12282,1,3,Decent experience overall,2024-12-03
8458,440,16,4,Helpful staff and healthy plants,2023-07-21
8459,11196,19,5,Helpful staff and healthy plants,2022-03-06
8460,5180,18,4,Loved the indoor plant variety,2025-12-04
8461,4321,9,3,Average product selection,2024-05-28
8462,11382,4,4,Helpful staff and healthy plants,2023-03-26
8463,14795,24,4,Helpful staff and healthy plants,2021-09-21
8464,426,10,2,Could not find what I needed,2024-03-18
8465,5950,6,4,Fast checkout and friendly advice,2023-04-23
8466,10677,25,5,Good prices during promotion,2025-05-21
8467,6733,21,4,Helpful staff and healthy plants,2024-02-10
8468,13847,25,3,Average product selection,2025-05-25
8469,10479,3,3,Some items were out of stock,2024-06-17
8470,14250,3,4,Good prices during promotion,2021-12-14
8471,212,24,3,Average product selection,2025-05-28
8472,8540,11,3,Decent experience overall,2021-04-28
8473,1267,10,4,Great selection and clean store,2021-08-23
8474,5395,6,5,Good prices during promotion,2023-10-17
8475,4085,1,3,Average product selection,2025-11-21
8476,7907,17,4,Loved the indoor plant variety,2024-09-24
8477,4819,19,4,Helpful staff and healthy plants,2025-01-19
8478,8530,15,5,Good prices during promotion,2021-08-20
8479,1637,16,5,Loved the indoor plant variety,2022-01-20
8480,819,6,3,Some items were out of stock,2021-05-16
8481,12858,20,5,Good prices during promotion,2022-11-06
8482,1289,5,2,Could not find what I needed,2024-02-11
8483,6807,10,5,Good prices during promotion,2021-06-16
8484,10752,6,4,Good prices during promotion,2022-07-24
8485,3777,21,4,Fast checkout and friendly advice,2024-08-17
8486,7566,21,4,Helpful staff and healthy plants,2022-01-20
8487,2307,23,3,Some items were out of stock,2024-07-25
8488,5786,6,3,Prices were a bit high,2025-02-24
8489,7526,19,4,Fast checkout and friendly advice,2023-10-03
8490,886,25,3,Average product selection,2021-07-02
8491,13541,7,4,Fast checkout and friendly advice,2024-05-16
8492,11563,8,4,Loved the indoor plant variety,2024-05-01
8493,13403,16,3,Prices were a bit high,2021-02-14
8494,11511,16,4,Fast checkout and friendly advice,2021-04-03
8495,10801,18,4,Great selection and clean store,2025-04-04
8496,5994,16,2,Discount was confusing,2024-11-12
8497,13395,9,4,Loved the indoor plant variety,2025-04-11
8498,12621,4,3,Prices were a bit high,2025-03-22
8499,6896,24,4,Fast checkout and friendly advice,2025-02-05
8500,3014,5,3,Average product selection,2024-03-21
8501,6573,8,5,Fast checkout and friendly advice,2023-12-28
8502,4071,13,4,Good prices during promotion,2024-07-19
8503,12218,15,4,Fast checkout and friendly advice,2024-03-05
8504,2633,9,3,Average product selection,2023-06-10
8505,5611,19,3,Prices were a bit high,2024-09-15
8506,10068,3,3,Store was busy but okay,2023-07-11
8507,10759,22,3,Decent experience overall,2024-08-19
8508,10714,21,5,Loved the indoor plant variety,2023-04-06
8509,13037,21,5,Good prices during promotion,2025-09-06
8510,8138,18,4,Helpful staff and healthy plants,2023-08-04
8511,9559,12,5,Great selection and clean store,2022-03-14
8512,9305,23,4,Good prices during promotion,2021-06-01
8513,12255,21,2,Plant quality was disappointing,2024-05-24
8514,10479,6,5,Loved the indoor plant variety,2024-03-09
8515,1305,24,3,Store was busy but okay,2021-03-03
8516,14971,12,2,Could not find what I needed,2023-12-24
8517,28,14,4,Loved the indoor plant variety,2023-06-16
8518,966,6,5,Good prices during promotion,2022-05-17
8519,3443,6,3,Store was busy but okay,2024-05-02
8520,8345,14,5,Loved the indoor plant variety,2025-11-03
8521,10279,13,3,Store was busy but okay,2024-03-26
8522,11009,21,2,Plant quality was disappointing,2022-12-08
8523,14522,17,3,Decent experience overall,2025-03-16
8524,12472,19,4,Helpful staff and healthy plants,2022-08-20
8525,4519,19,3,Store was busy but okay,2024-12-01
8526,7658,15,2,Long wait and limited stock,2021-10-10
8527,11316,6,5,Great selection and clean store,2023-07-25
8528,14226,12,4,Good prices during promotion,2023-05-28
8529,9629,11,4,Loved the indoor plant variety,2024-05-08
8530,11758,10,3,Decent experience overall,2023-05-27
8531,8604,25,3,Prices were a bit high,2021-09-02
8532,744,18,3,Average product selection,2024-12-17
8533,13501,11,5,Helpful staff and healthy plants,2023-09-03
8534,12153,3,3,Decent experience overall,2025-05-25
8535,9853,7,4,Good prices during promotion,2023-12-24
8536,11305,14,2,Plant quality was disappointing,2022-08-01
8537,1562,12,3,Decent experience overall,2025-10-26
8538,10655,7,4,Helpful staff and healthy plants,2025-10-18
8539,13531,16,4,Fast checkout and friendly advice,2021-10-01
8540,1620,12,3,Average product selection,2025-10-25
8541,4455,18,3,Prices were a bit high,2024-01-28
8542,2299,20,4,Fast checkout and friendly advice,2025-05-11
8543,3101,18,3,Some items were out of stock,2022-10-26
8544,150,6,4,Great selection and clean store,2023-11-18
8545,3604,6,5,Great selection and clean store,2022-11-24
8546,8386,10,4,Good prices during promotion,2023-06-19
8547,11426,24,4,Good prices during promotion,2023-03-01
8548,4493,8,5,Great selection and clean store,2022-06-26
8549,9361,16,4,Helpful staff and healthy plants,2022-12-26
8550,8748,24,4,Good prices during promotion,2025-02-16
8551,451,22,3,Prices were a bit high,2021-10-15
8552,860,24,4,Great selection and clean store,2021-08-26
8553,2126,24,3,Decent experience overall,2022-11-24
8554,7853,25,3,Store was busy but okay,2021-09-03
8555,2167,15,5,Great selection and clean store,2025-09-18
8556,2614,21,4,Fast checkout and friendly advice,2022-05-23
8557,3426,25,5,Helpful staff and healthy plants,2024-04-20
8558,5259,2,5,Helpful staff and healthy plants,2023-07-23
8559,14231,10,4,Helpful staff and healthy plants,2025-09-24
8560,865,7,3,Decent experience overall,2023-03-26
8561,2069,23,4,Helpful staff and healthy plants,2024-04-08
8562,4944,25,4,Helpful staff and healthy plants,2023-06-18
8563,4722,6,3,Prices were a bit high,2023-08-06
8564,7823,9,3,Some items were out of stock,2023-05-20
8565,10252,14,4,Great selection and clean store,2023-03-19
8566,3411,15,5,Helpful staff and healthy plants,2025-04-14
8567,9811,10,4,Loved the indoor plant variety,2022-06-20
8568,13834,14,4,Great selection and clean store,2021-04-04
8569,5944,6,4,Fast checkout and friendly advice,2023-12-26
8570,641,22,4,Great selection and clean store,2024-01-19
8571,1831,25,3,Store was busy but okay,2025-02-14
8572,4495,14,3,Prices were a bit high,2021-05-25
8573,14917,12,3,Prices were a bit high,2021-08-02
8574,8478,14,4,Helpful staff and healthy plants,2021-07-21
8575,1440,21,3,Store was busy but okay,2023-05-05
8576,9917,10,3,Some items were out of stock,2023-09-03
8577,5908,1,4,Good prices during promotion,2023-03-18
8578,132,3,4,Good prices during promotion,2022-10-22
8579,10489,12,5,Helpful staff and healthy plants,2024-03-07
8580,5601,17,4,Good prices during promotion,2025-08-03
8581,5650,19,4,Helpful staff and healthy plants,2021-01-11
8582,912,4,4,Loved the indoor plant variety,2021-05-12
8583,6036,13,4,Good prices during promotion,2025-03-09
8584,8958,16,4,Fast checkout and friendly advice,2024-03-14
8585,9832,7,4,Loved the indoor plant variety,2024-04-27
8586,10322,13,3,Prices were a bit high,2023-11-17
8587,3574,16,5,Good prices during promotion,2024-04-21
8588,14300,21,3,Decent experience overall,2023-05-18
8589,14882,24,3,Decent experience overall,2023-11-08
8590,4193,1,4,Great selection and clean store,2022-01-14
8591,9950,23,4,Fast checkout and friendly advice,2023-07-23
8592,10244,2,2,Competitor had better price,2021-05-04
8593,352,4,5,Great selection and clean store,2022-01-01
8594,4478,10,2,Plant quality was disappointing,2022-11-19
8595,12629,14,5,Great selection and clean store,2023-01-18
8596,8742,12,3,Average product selection,2022-10-11
8597,9857,18,4,Great selection and clean store,2024-10-22
8598,11261,1,4,Loved the indoor plant variety,2021-12-13
8599,2440,1,3,Store was busy but okay,2023-03-16
8600,13655,25,4,Helpful staff and healthy plants,2024-06-08
8601,11733,3,4,Good prices during promotion,2021-12-06
8602,7106,14,4,Good prices during promotion,2024-07-01
8603,14358,25,3,Store was busy but okay,2023-04-10
8604,1622,1,4,Great selection and clean store,2021-11-28
8605,8948,12,3,Store was busy but okay,2021-04-05
8606,3149,24,3,Average product selection,2022-12-11
8607,1402,7,4,Good prices during promotion,2024-05-16
8608,1574,9,5,Fast checkout and friendly advice,2025-03-18
8609,5956,9,3,Average product selection,2024-09-18
8610,11155,20,3,Decent experience overall,2023-03-03
8611,6638,13,4,Helpful staff and healthy plants,2025-08-24
8612,8606,16,3,Store was busy but okay,2023-09-11
8613,1391,13,4,Fast checkout and friendly advice,2022-08-27
8614,14877,19,4,Helpful staff and healthy plants,2022-11-25
8615,8206,8,4,Great selection and clean store,2024-12-08
8616,10020,21,3,Some items were out of stock,2022-11-10
8617,6918,14,3,Store was busy but okay,2022-04-21
8618,359,19,4,Great selection and clean store,2022-04-07
8619,8881,21,3,Store was busy but okay,2022-07-14
8620,944,16,4,Great selection and clean store,2025-05-17
8621,10096,10,4,Fast checkout and friendly advice,2021-12-23
8622,12777,2,3,Decent experience overall,2021-02-09
8623,6780,16,5,Good prices during promotion,2022-06-22
8624,13471,14,4,Good prices during promotion,2022-03-15
8625,12274,20,3,Prices were a bit high,2023-03-11
8626,12927,16,4,Fast checkout and friendly advice,2024-08-17
8627,2545,1,4,Good prices during promotion,2022-12-19
8628,6642,10,5,Great selection and clean store,2024-12-28
8629,4988,23,3,Prices were a bit high,2024-06-01
8630,9947,8,2,Could not find what I needed,2021-05-25
8631,1396,13,3,Prices were a bit high,2024-06-08
8632,6007,17,4,Helpful staff and healthy plants,2023-06-13
8633,4278,9,4,Great selection and clean store,2023-11-24
8634,5866,9,3,Decent experience overall,2021-10-04
8635,5742,16,4,Fast checkout and friendly advice,2022-02-20
8636,4703,20,4,Good prices during promotion,2024-03-05
8637,9009,5,4,Helpful staff and healthy plants,2025-09-10
8638,7550,4,3,Store was busy but okay,2024-09-15
8639,10819,15,4,Great selection and clean store,2023-10-15
8640,1206,23,4,Helpful staff and healthy plants,2025-04-14
8641,973,4,4,Loved the indoor plant variety,2023-01-14
8642,2587,20,4,Good prices during promotion,2025-05-11
8643,5390,5,4,Great selection and clean store,2025-05-01
8644,11362,9,3,Average product selection,2024-06-18
8645,13241,25,4,Good prices during promotion,2024-11-24
8646,12847,14,5,Great selection and clean store,2023-04-13
8647,2971,6,4,Helpful staff and healthy plants,2024-05-21
8648,7446,24,4,Great selection and clean store,2025-04-25
8649,9606,5,4,Fast checkout and friendly advice,2025-05-16
8650,7849,22,3,Store was busy but okay,2022-03-26
8651,7946,9,4,Fast checkout and friendly advice,2024-06-02
8652,4654,9,3,Average product selection,2021-05-16
8653,6812,1,4,Loved the indoor plant variety,2023-06-02
8654,4564,17,3,Decent experience overall,2021-11-03
8655,12111,1,5,Loved the indoor plant variety,2022-08-14
8656,4018,6,4,Fast checkout and friendly advice,2025-08-23
8657,9804,11,4,Great selection and clean store,2023-07-05
8658,3636,16,5,Helpful staff and healthy plants,2023-05-28
8659,7133,12,5,Loved the indoor plant variety,2024-12-17
8660,10322,3,3,Store was busy but okay,2021-02-22
8661,5178,5,4,Fast checkout and friendly advice,2023-09-27
8662,10273,2,4,Good prices during promotion,2021-02-25
8663,11402,17,4,Loved the indoor plant variety,2024-06-14
8664,8680,9,4,Helpful staff and healthy plants,2025-05-26
8665,7815,16,3,Prices were a bit high,2021-04-21
8666,7556,17,3,Store was busy but okay,2021-03-14
8667,8012,15,5,Helpful staff and healthy plants,2021-05-03
8668,13126,15,4,Great selection and clean store,2025-11-24
8669,10457,24,4,Helpful staff and healthy plants,2024-09-22
8670,12155,19,4,Fast checkout and friendly advice,2024-05-15
8671,9828,8,4,Helpful staff and healthy plants,2022-11-03
8672,2632,22,4,Helpful staff and healthy plants,2024-05-16
8673,8925,19,5,Great selection and clean store,2024-07-20
8674,789,3,4,Good prices during promotion,2025-03-21
8675,3710,19,4,Helpful staff and healthy plants,2022-10-16
8676,6904,22,2,Competitor had better price,2025-03-05
8677,11894,16,4,Good prices during promotion,2024-12-27
8678,123,5,3,Store was busy but okay,2024-07-19
8679,3193,12,3,Store was busy but okay,2023-07-27
8680,14230,14,4,Great selection and clean store,2024-10-10
8681,2696,11,4,Good prices during promotion,2023-10-19
8682,428,23,4,Good prices during promotion,2023-06-09
8683,2281,5,4,Fast checkout and friendly advice,2022-04-22
8684,10737,10,5,Good prices during promotion,2021-05-25
8685,11878,13,4,Great selection and clean store,2024-04-26
8686,886,19,5,Loved the indoor plant variety,2025-08-14
8687,7545,2,4,Great selection and clean store,2024-04-07
8688,5514,6,3,Some items were out of stock,2022-07-06
8689,9423,11,5,Great selection and clean store,2024-05-24
8690,12818,21,4,Great selection and clean store,2025-05-23
8691,7442,11,4,Helpful staff and healthy plants,2022-04-14
8692,1287,16,4,Helpful staff and healthy plants,2021-08-19
8693,11860,18,3,Prices were a bit high,2021-05-05
8694,10518,10,4,Loved the indoor plant variety,2021-12-10
8695,6252,8,4,Loved the indoor plant variety,2025-11-25
8696,10447,19,4,Loved the indoor plant variety,2025-05-09
8697,1299,11,4,Fast checkout and friendly advice,2025-06-12
8698,4172,2,4,Helpful staff and healthy plants,2024-04-23
8699,6024,5,5,Good prices during promotion,2021-12-13
8700,2317,19,4,Fast checkout and friendly advice,2023-03-16
8701,6774,9,4,Helpful staff and healthy plants,2025-03-25
8702,11899,15,5,Loved the indoor plant variety,2024-06-15
8703,275,14,3,Store was busy but okay,2024-04-21
8704,7528,24,3,Prices were a bit high,2024-10-23
8705,5789,20,3,Prices were a bit high,2024-11-22
8706,13644,15,4,Loved the indoor plant variety,2022-08-24
8707,3937,11,3,Some items were out of stock,2021-08-02
8708,6705,13,5,Helpful staff and healthy plants,2021-05-22
8709,3596,8,4,Great selection and clean store,2025-08-26
8710,12325,25,2,Long wait and limited stock,2022-04-18
8711,10268,21,5,Good prices during promotion,2023-11-24
8712,14976,15,4,Great selection and clean store,2021-07-22
8713,14974,1,4,Loved the indoor plant variety,2025-07-17
8714,13435,13,4,Fast checkout and friendly advice,2024-11-28
8715,14683,14,3,Some items were out of stock,2024-10-05
8716,13803,23,4,Great selection and clean store,2023-10-12
8717,7376,13,4,Helpful staff and healthy plants,2024-05-17
8718,8141,10,5,Good prices during promotion,2024-12-28
8719,3306,2,3,Some items were out of stock,2021-12-16
8720,13017,14,5,Great selection and clean store,2023-01-18
8721,2985,8,3,Prices were a bit high,2023-07-06
8722,13879,21,5,Fast checkout and friendly advice,2022-08-07
8723,11356,7,3,Store was busy but okay,2022-08-12
8724,9426,5,3,Prices were a bit high,2023-07-13
8725,9095,15,3,Store was busy but okay,2022-03-23
8726,2599,2,4,Good prices during promotion,2025-08-28
8727,7268,15,3,Prices were a bit high,2022-06-14
8728,166,3,4,Great selection and clean store,2025-08-05
8729,10734,23,3,Prices were a bit high,2022-05-01
8730,717,21,4,Helpful staff and healthy plants,2022-10-24
8731,6929,13,4,Loved the indoor plant variety,2024-03-26
8732,5683,22,5,Fast checkout and friendly advice,2021-05-26
8733,12830,3,5,Fast checkout and friendly advice,2025-04-11
8734,13461,16,5,Great selection and clean store,2024-05-11
8735,12968,21,4,Loved the indoor plant variety,2025-04-25
8736,5400,20,4,Helpful staff and healthy plants,2024-05-24
8737,10338,10,3,Decent experience overall,2021-12-20
8738,3614,17,4,Loved the indoor plant variety,2022-03-03
8739,3078,3,4,Great selection and clean store,2024-04-03
8740,2791,9,2,Long wait and limited stock,2022-07-11
8741,3194,13,5,Great selection and clean store,2025-08-18
8742,2177,25,3,Some items were out of stock,2023-12-11
8743,14794,13,5,Helpful staff and healthy plants,2024-07-05
8744,7391,25,4,Fast checkout and friendly advice,2023-07-10
8745,4817,21,4,Loved the indoor plant variety,2023-12-17
8746,5261,19,4,Helpful staff and healthy plants,2022-07-17
8747,1298,19,5,Great selection and clean store,2025-02-26
8748,13785,4,4,Great selection and clean store,2025-05-27
8749,9598,22,3,Average product selection,2021-07-03
8750,2317,3,4,Great selection and clean store,2022-03-14
8751,3388,15,3,Prices were a bit high,2024-09-20
8752,13791,12,5,Fast checkout and friendly advice,2022-04-06
8753,383,24,5,Good prices during promotion,2023-12-02
8754,3400,8,4,Helpful staff and healthy plants,2023-06-21
8755,12206,15,5,Loved the indoor plant variety,2024-11-23
8756,5487,10,4,Fast checkout and friendly advice,2021-10-06
8757,13362,23,3,Average product selection,2021-07-04
8758,13267,20,2,Discount was confusing,2024-12-22
8759,4882,21,3,Some items were out of stock,2023-07-14
8760,14485,23,3,Store was busy but okay,2021-04-26
8761,11091,17,5,Great selection and clean store,2024-04-03
8762,6525,12,4,Helpful staff and healthy plants,2024-05-13
8763,5747,7,4,Good prices during promotion,2022-11-06
8764,13448,1,4,Great selection and clean store,2022-06-23
8765,5069,13,4,Fast checkout and friendly advice,2022-12-03
8766,9545,3,4,Fast checkout and friendly advice,2021-04-15
8767,2032,13,4,Helpful staff and healthy plants,2024-03-12
8768,9481,21,3,Store was busy but okay,2024-09-15
8769,10336,10,5,Good prices during promotion,2023-12-04
8770,21,5,3,Prices were a bit high,2023-07-25
8771,3876,18,4,Great selection and clean store,2022-01-27
8772,5596,25,3,Prices were a bit high,2024-10-15
8773,10676,5,4,Great selection and clean store,2021-08-13
8774,9230,16,5,Fast checkout and friendly advice,2024-03-13
8775,5630,22,4,Helpful staff and healthy plants,2021-05-20
8776,4414,10,3,Prices were a bit high,2021-08-25
8777,1263,7,3,Decent experience overall,2024-09-14
8778,10685,11,4,Helpful staff and healthy plants,2021-12-08
8779,555,21,4,Great selection and clean store,2022-09-07
8780,8195,2,3,Prices were a bit high,2022-08-08
8781,13566,16,4,Great selection and clean store,2022-04-13
8782,8968,24,5,Loved the indoor plant variety,2023-04-07
8783,13281,19,3,Prices were a bit high,2023-06-15
8784,1183,15,3,Store was busy but okay,2022-06-24
8785,2427,19,4,Great selection and clean store,2024-03-10
8786,5423,9,3,Some items were out of stock,2021-04-11
8787,7031,13,4,Great selection and clean store,2021-03-19
8788,4277,14,3,Prices were a bit high,2022-01-17
8789,2600,9,2,Could not find what I needed,2021-09-28
8790,8048,21,4,Fast checkout and friendly advice,2022-05-01
8791,4254,12,3,Average product selection,2022-05-17
8792,4070,14,3,Store was busy but okay,2024-10-03
8793,6370,23,3,Store was busy but okay,2022-06-04
8794,2540,24,3,Store was busy but okay,2021-07-27
8795,2813,8,5,Great selection and clean store,2022-04-16
8796,12961,13,4,Loved the indoor plant variety,2021-01-05
8797,3857,21,4,Loved the indoor plant variety,2024-06-16
8798,1348,2,4,Helpful staff and healthy plants,2023-03-23
8799,1145,18,3,Store was busy but okay,2021-01-20
8800,14512,24,4,Good prices during promotion,2025-03-11
8801,6589,17,4,Fast checkout and friendly advice,2023-05-10
8802,3484,25,5,Good prices during promotion,2022-10-15
8803,94,11,2,Discount was confusing,2024-08-02
8804,2076,20,3,Average product selection,2025-06-08
8805,1960,13,4,Fast checkout and friendly advice,2023-09-14
8806,13895,4,4,Loved the indoor plant variety,2023-12-04
8807,983,25,3,Some items were out of stock,2024-07-02
8808,5674,25,3,Prices were a bit high,2025-06-20
8809,13891,21,3,Average product selection,2022-05-07
8810,1207,4,3,Store was busy but okay,2021-12-22
8811,2478,20,4,Great selection and clean store,2022-04-13
8812,7518,23,4,Fast checkout and friendly advice,2021-06-07
8813,11331,19,3,Prices were a bit high,2021-10-12
8814,1370,21,2,Long wait and limited stock,2025-04-12
8815,1665,23,3,Prices were a bit high,2021-01-09
8816,10966,8,3,Store was busy but okay,2024-04-20
8817,9733,21,2,Competitor had better price,2023-12-12
8818,3329,22,3,Average product selection,2025-04-12
8819,3455,3,3,Average product selection,2021-04-23
8820,5728,4,3,Decent experience overall,2024-05-13
8821,3654,12,4,Helpful staff and healthy plants,2025-04-20
8822,14907,8,5,Loved the indoor plant variety,2023-03-26
8823,14621,3,5,Great selection and clean store,2022-12-24
8824,10909,7,4,Great selection and clean store,2024-10-10
8825,14208,23,3,Some items were out of stock,2021-12-08
8826,1507,19,5,Helpful staff and healthy plants,2021-07-04
8827,6657,19,4,Helpful staff and healthy plants,2021-07-25
8828,4109,22,5,Good prices during promotion,2025-12-04
8829,9500,21,4,Loved the indoor plant variety,2022-03-16
8830,11140,4,3,Some items were out of stock,2023-11-09
8831,12533,7,5,Good prices during promotion,2023-07-25
8832,7475,5,5,Good prices during promotion,2025-10-19
8833,11575,21,3,Some items were out of stock,2024-02-25
8834,13310,25,4,Good prices during promotion,2021-06-15
8835,8861,19,4,Fast checkout and friendly advice,2021-02-18
8836,11093,2,4,Loved the indoor plant variety,2022-04-26
8837,9722,25,5,Loved the indoor plant variety,2024-05-21
8838,5347,24,4,Great selection and clean store,2022-03-01
8839,10165,10,4,Great selection and clean store,2022-07-10
8840,2047,11,3,Decent experience overall,2024-11-10
8841,1324,7,4,Helpful staff and healthy plants,2021-05-15
8842,2133,6,3,Prices were a bit high,2022-08-25
8843,14667,20,4,Good prices during promotion,2021-12-27
8844,9088,15,5,Helpful staff and healthy plants,2022-07-17
8845,11458,12,5,Helpful staff and healthy plants,2023-04-16
8846,13221,17,4,Helpful staff and healthy plants,2022-06-08
8847,13539,7,4,Great selection and clean store,2024-05-27
8848,2322,21,3,Prices were a bit high,2022-08-25
8849,8565,9,4,Good prices during promotion,2024-10-13
8850,9319,10,3,Some items were out of stock,2025-11-16
8851,4498,22,3,Some items were out of stock,2024-04-14
8852,12233,17,4,Fast checkout and friendly advice,2023-10-28
8853,373,22,5,Helpful staff and healthy plants,2025-11-02
8854,10755,23,4,Helpful staff and healthy plants,2025-07-27
8855,4018,21,3,Average product selection,2021-08-03
8856,9892,3,3,Some items were out of stock,2025-02-19
8857,1636,22,3,Average product selection,2022-12-27
8858,2988,14,4,Great selection and clean store,2023-09-23
8859,230,19,3,Store was busy but okay,2023-06-07
8860,2360,20,3,Store was busy but okay,2024-02-02
8861,3112,4,4,Loved the indoor plant variety,2022-08-12
8862,3152,12,4,Loved the indoor plant variety,2024-04-02
8863,10777,3,2,Could not find what I needed,2023-05-28
8864,9941,18,4,Helpful staff and healthy plants,2022-04-10
8865,10633,5,4,Fast checkout and friendly advice,2021-04-18
8866,7453,1,4,Helpful staff and healthy plants,2021-11-05
8867,1615,14,3,Average product selection,2025-03-26
8868,1153,25,4,Loved the indoor plant variety,2024-11-07
8869,4391,8,3,Prices were a bit high,2024-06-18
8870,9208,6,4,Loved the indoor plant variety,2021-10-22
8871,4270,13,5,Good prices during promotion,2024-09-21
8872,14724,10,4,Fast checkout and friendly advice,2023-06-10
8873,1000,12,4,Great selection and clean store,2024-05-27
8874,14692,20,4,Helpful staff and healthy plants,2024-04-13
8875,4565,24,4,Helpful staff and healthy plants,2025-09-19
8876,12497,10,4,Great selection and clean store,2025-07-13
8877,5129,7,4,Fast checkout and friendly advice,2025-04-28
8878,4855,14,3,Prices were a bit high,2025-09-18
8879,7428,18,4,Loved the indoor plant variety,2022-01-02
8880,653,2,4,Helpful staff and healthy plants,2024-07-01
8881,5712,6,3,Decent experience overall,2021-04-27
8882,10291,17,4,Fast checkout and friendly advice,2024-06-08
8883,8147,14,4,Loved the indoor plant variety,2021-09-23
8884,13759,24,3,Prices were a bit high,2025-04-18
8885,7697,5,5,Good prices during promotion,2021-08-28
8886,4571,15,3,Average product selection,2021-07-02
8887,14862,10,4,Fast checkout and friendly advice,2024-07-08
8888,5751,8,4,Helpful staff and healthy plants,2025-03-10
8889,7565,23,2,Plant quality was disappointing,2024-12-25
8890,14806,23,3,Decent experience overall,2023-10-17
8891,4087,5,4,Great selection and clean store,2021-06-09
8892,9417,8,2,Could not find what I needed,2023-10-23
8893,7607,19,4,Loved the indoor plant variety,2024-10-22
8894,14764,13,4,Fast checkout and friendly advice,2021-11-25
8895,3910,8,4,Good prices during promotion,2023-04-04
8896,12691,12,5,Helpful staff and healthy plants,2021-03-05
8897,2670,5,4,Good prices during promotion,2024-05-01
8898,1159,19,3,Decent experience overall,2025-03-16
8899,2912,6,4,Fast checkout and friendly advice,2021-04-23
8900,4280,6,4,Fast checkout and friendly advice,2024-04-27
8901,2277,17,3,Some items were out of stock,2022-12-28
8902,1656,2,3,Some items were out of stock,2022-08-12
8903,5528,1,5,Great selection and clean store,2025-07-10
8904,8248,4,4,Helpful staff and healthy plants,2024-10-15
8905,9048,5,5,Great selection and clean store,2023-07-06
8906,10681,20,2,Discount was confusing,2024-03-27
8907,4936,3,4,Fast checkout and friendly advice,2024-03-10
8908,8469,7,3,Decent experience overall,2022-11-14
8909,3200,7,4,Loved the indoor plant variety,2025-03-24
8910,13083,21,3,Some items were out of stock,2021-09-13
8911,11202,12,4,Good prices during promotion,2021-01-03
8912,8119,17,5,Loved the indoor plant variety,2021-06-14
8913,1627,6,3,Prices were a bit high,2022-09-02
8914,12255,11,3,Average product selection,2024-07-18
8915,3993,18,3,Some items were out of stock,2025-01-18
8916,2777,24,4,Helpful staff and healthy plants,2022-05-08
8917,4542,25,4,Helpful staff and healthy plants,2022-03-07
8918,8642,7,3,Decent experience overall,2025-11-02
8919,2726,6,5,Good prices during promotion,2025-03-23
8920,8067,13,4,Great selection and clean store,2025-07-05
8921,4562,17,4,Good prices during promotion,2022-03-18
8922,2993,10,3,Some items were out of stock,2025-03-08
8923,12143,10,4,Loved the indoor plant variety,2021-11-26
8924,693,9,3,Store was busy but okay,2025-11-05
8925,13572,6,5,Great selection and clean store,2025-06-25
8926,3553,11,3,Store was busy but okay,2022-11-05
8927,4421,4,5,Fast checkout and friendly advice,2023-05-19
8928,13150,1,3,Some items were out of stock,2021-04-11
8929,1360,14,3,Store was busy but okay,2023-12-08
8930,1154,16,4,Good prices during promotion,2023-11-24
8931,9454,25,5,Great selection and clean store,2022-07-28
8932,9225,6,4,Fast checkout and friendly advice,2024-03-11
8933,4380,1,3,Prices were a bit high,2023-04-10
8934,9138,22,3,Store was busy but okay,2025-12-04
8935,9917,11,5,Great selection and clean store,2022-02-15
8936,2574,12,3,Prices were a bit high,2022-08-19
8937,8067,5,3,Some items were out of stock,2022-10-13
8938,5337,12,4,Loved the indoor plant variety,2025-09-09
8939,1089,4,3,Decent experience overall,2025-12-25
8940,14405,1,3,Some items were out of stock,2025-05-15
8941,7178,21,5,Good prices during promotion,2023-05-13
8942,8165,5,3,Average product selection,2021-09-17
8943,2074,6,3,Some items were out of stock,2023-12-15
8944,7794,24,3,Some items were out of stock,2022-12-09
8945,7818,23,3,Prices were a bit high,2021-05-28
8946,616,18,4,Helpful staff and healthy plants,2021-04-01
8947,1469,4,4,Fast checkout and friendly advice,2024-10-05
8948,12726,4,4,Loved the indoor plant variety,2022-08-25
8949,13791,10,3,Some items were out of stock,2021-06-25
8950,14374,23,5,Helpful staff and healthy plants,2024-03-03
8951,11748,4,5,Great selection and clean store,2025-05-06
8952,710,9,3,Decent experience overall,2025-01-26
8953,8358,24,3,Some items were out of stock,2022-09-27
8954,1538,20,4,Helpful staff and healthy plants,2021-05-10
8955,4962,15,4,Helpful staff and healthy plants,2024-03-27
8956,4787,15,4,Fast checkout and friendly advice,2024-05-07
8957,6898,12,3,Average product selection,2025-12-02
8958,13741,13,2,Discount was confusing,2021-04-16
8959,9890,4,4,Loved the indoor plant variety,2024-04-08
8960,13147,11,5,Helpful staff and healthy plants,2025-01-13
8961,7844,24,4,Great selection and clean store,2021-12-19
8962,9859,24,5,Helpful staff and healthy plants,2021-05-27
8963,6402,14,4,Great selection and clean store,2021-04-06
8964,8408,6,5,Good prices during promotion,2025-08-20
8965,2256,17,4,Good prices during promotion,2025-03-21
8966,11001,5,5,Good prices during promotion,2021-12-04
8967,13569,14,4,Helpful staff and healthy plants,2022-11-06
8968,12993,25,5,Helpful staff and healthy plants,2022-08-04
8969,9947,8,4,Good prices during promotion,2022-04-21
8970,5262,14,3,Average product selection,2021-05-05
8971,5363,3,4,Loved the indoor plant variety,2024-05-12
8972,11043,6,4,Good prices during promotion,2022-08-25
8973,10092,4,3,Average product selection,2024-11-14
8974,12912,25,4,Loved the indoor plant variety,2025-11-08
8975,3429,25,5,Helpful staff and healthy plants,2023-06-11
8976,7650,3,3,Prices were a bit high,2022-11-13
8977,11905,12,3,Some items were out of stock,2023-12-06
8978,13169,17,4,Helpful staff and healthy plants,2021-12-02
8979,3528,6,4,Fast checkout and friendly advice,2025-10-15
8980,12726,10,5,Fast checkout and friendly advice,2021-06-23
8981,11837,3,5,Good prices during promotion,2022-05-19
8982,2704,21,4,Fast checkout and friendly advice,2024-06-09
8983,700,12,5,Loved the indoor plant variety,2023-10-20
8984,4510,19,4,Loved the indoor plant variety,2022-02-08
8985,2310,17,3,Some items were out of stock,2023-01-01
8986,13777,22,5,Good prices during promotion,2023-05-10
8987,2430,4,3,Some items were out of stock,2024-03-24
8988,8778,5,3,Some items were out of stock,2023-09-26
8989,2700,5,3,Some items were out of stock,2023-09-07
8990,4415,6,4,Fast checkout and friendly advice,2021-12-10
8991,4731,7,3,Decent experience overall,2023-02-17
8992,14033,20,3,Average product selection,2023-10-08
8993,6271,9,4,Great selection and clean store,2021-09-01
8994,451,17,4,Loved the indoor plant variety,2023-09-06
8995,2193,7,5,Helpful staff and healthy plants,2024-12-20
8996,7935,22,3,Prices were a bit high,2023-05-18
8997,7943,2,4,Good prices during promotion,2023-08-22
8998,14948,17,3,Decent experience overall,2023-12-23
8999,8983,17,3,Decent experience overall,2022-02-17
9000,13263,12,4,Great selection and clean store,2025-08-04
9001,6059,5,4,Loved the indoor plant variety,2022-03-11
9002,12588,4,4,Fast checkout and friendly advice,2024-12-09
9003,11583,22,5,Helpful staff and healthy plants,2021-03-06
9004,5763,12,3,Average product selection,2024-04-26
9005,13400,12,5,Fast checkout and friendly advice,2021-07-11
9006,7230,11,4,Good prices during promotion,2021-05-09
9007,7045,21,5,Loved the indoor plant variety,2021-04-26
9008,13657,11,5,Loved the indoor plant variety,2022-05-07
9009,620,9,5,Loved the indoor plant variety,2023-09-24
9010,2917,15,4,Helpful staff and healthy plants,2024-07-03
9011,14967,11,5,Loved the indoor plant variety,2021-06-13
9012,2420,4,4,Loved the indoor plant variety,2025-07-19
9013,13001,25,4,Good prices during promotion,2023-04-03
9014,221,1,4,Helpful staff and healthy plants,2021-08-01
9015,7222,11,3,Decent experience overall,2023-02-22
9016,10234,9,2,Long wait and limited stock,2021-07-16
9017,11153,15,3,Average product selection,2024-04-08
9018,2940,19,5,Good prices during promotion,2021-01-05
9019,5662,16,4,Good prices during promotion,2023-11-10
9020,6110,6,4,Good prices during promotion,2024-11-08
9021,10761,16,3,Decent experience overall,2023-10-10
9022,12947,23,4,Great selection and clean store,2023-01-24
9023,7728,15,3,Average product selection,2022-02-05
9024,3107,7,4,Great selection and clean store,2022-08-21
9025,14336,8,4,Helpful staff and healthy plants,2021-10-22
9026,9771,2,4,Great selection and clean store,2025-11-14
9027,12971,25,4,Helpful staff and healthy plants,2021-02-28
9028,8806,6,4,Helpful staff and healthy plants,2024-04-08
9029,8485,15,3,Decent experience overall,2025-02-12
9030,7861,9,4,Fast checkout and friendly advice,2024-11-12
9031,2155,20,3,Prices were a bit high,2024-11-20
9032,7879,18,4,Great selection and clean store,2021-08-21
9033,14168,21,3,Some items were out of stock,2025-03-13
9034,10131,4,4,Good prices during promotion,2022-11-02
9035,6813,21,4,Great selection and clean store,2021-05-27
9036,12500,6,5,Good prices during promotion,2022-02-12
9037,13187,4,4,Loved the indoor plant variety,2025-03-23
9038,6596,21,4,Great selection and clean store,2025-05-16
9039,1669,9,5,Helpful staff and healthy plants,2025-03-28
9040,645,1,3,Decent experience overall,2022-06-26
9041,11839,2,3,Store was busy but okay,2023-05-10
9042,3757,2,4,Loved the indoor plant variety,2025-05-10
9043,9210,14,5,Good prices during promotion,2022-04-18
9044,823,18,4,Loved the indoor plant variety,2024-04-05
9045,7863,2,5,Great selection and clean store,2022-02-02
9046,5185,23,5,Loved the indoor plant variety,2025-08-23
9047,7449,14,4,Helpful staff and healthy plants,2025-04-25
9048,4275,24,5,Loved the indoor plant variety,2025-05-20
9049,2526,13,4,Helpful staff and healthy plants,2024-08-08
9050,9335,3,3,Store was busy but okay,2021-05-09
9051,845,16,4,Loved the indoor plant variety,2025-10-22
9052,5291,9,4,Loved the indoor plant variety,2024-03-14
9053,12355,18,4,Great selection and clean store,2022-09-20
9054,11992,18,4,Helpful staff and healthy plants,2025-06-16
9055,2188,6,4,Helpful staff and healthy plants,2024-03-14
9056,2227,17,5,Loved the indoor plant variety,2021-11-03
9057,3563,15,5,Loved the indoor plant variety,2022-09-09
9058,14988,14,3,Prices were a bit high,2021-04-09
9059,6829,11,4,Great selection and clean store,2024-08-03
9060,1063,7,3,Prices were a bit high,2022-04-24
9061,2577,20,5,Loved the indoor plant variety,2024-04-16
9062,8888,7,4,Fast checkout and friendly advice,2025-12-16
9063,2810,1,2,Discount was confusing,2024-02-14
9064,3175,10,4,Fast checkout and friendly advice,2022-06-22
9065,10501,16,3,Average product selection,2022-06-03
9066,10788,25,4,Loved the indoor plant variety,2021-07-26
9067,14554,23,5,Fast checkout and friendly advice,2021-08-19
9068,12982,23,3,Prices were a bit high,2024-09-23
9069,5650,2,5,Helpful staff and healthy plants,2022-05-11
9070,10887,4,5,Great selection and clean store,2025-11-06
9071,14526,15,4,Loved the indoor plant variety,2021-07-22
9072,3356,14,4,Great selection and clean store,2024-04-14
9073,8811,14,4,Loved the indoor plant variety,2024-06-20
9074,13036,19,2,Long wait and limited stock,2021-05-16
9075,14244,5,4,Good prices during promotion,2023-10-04
9076,7405,6,4,Fast checkout and friendly advice,2021-11-28
9077,3252,4,5,Great selection and clean store,2024-03-14
9078,8415,25,5,Great selection and clean store,2021-07-19
9079,6939,25,4,Great selection and clean store,2021-06-17
9080,9757,23,3,Average product selection,2021-06-02
9081,5802,16,5,Loved the indoor plant variety,2025-11-20
9082,9969,6,4,Loved the indoor plant variety,2022-08-07
9083,5444,10,5,Great selection and clean store,2022-02-06
9084,6443,4,4,Good prices during promotion,2024-06-08
9085,7805,21,5,Fast checkout and friendly advice,2025-02-16
9086,9915,23,4,Great selection and clean store,2025-02-05
9087,1607,18,5,Loved the indoor plant variety,2024-10-25
9088,6667,9,5,Fast checkout and friendly advice,2022-11-03
9089,2831,16,5,Good prices during promotion,2021-03-27
9090,13496,6,4,Loved the indoor plant variety,2022-05-04
9091,12349,18,4,Helpful staff and healthy plants,2022-12-22
9092,13197,8,5,Helpful staff and healthy plants,2022-11-02
9093,2416,14,4,Great selection and clean store,2024-10-01
9094,10982,4,4,Loved the indoor plant variety,2022-04-15
9095,14202,25,4,Fast checkout and friendly advice,2024-08-15
9096,4243,13,2,Competitor had better price,2023-08-19
9097,11150,14,3,Some items were out of stock,2023-02-16
9098,4887,2,4,Fast checkout and friendly advice,2021-02-05
9099,8999,11,3,Store was busy but okay,2022-11-07
9100,7822,24,2,Long wait and limited stock,2021-05-16
9101,7950,1,4,Good prices during promotion,2022-09-08
9102,12122,10,4,Helpful staff and healthy plants,2022-06-06
9103,5778,6,3,Decent experience overall,2024-01-19
9104,4616,11,5,Loved the indoor plant variety,2021-12-06
9105,1790,13,4,Helpful staff and healthy plants,2024-05-19
9106,10572,20,3,Decent experience overall,2023-09-02
9107,3443,13,4,Loved the indoor plant variety,2023-06-06
9108,4040,19,4,Good prices during promotion,2021-08-25
9109,12938,23,1,Discount was confusing,2025-12-05
9110,13662,10,3,Some items were out of stock,2024-04-26
9111,1168,18,5,Great selection and clean store,2023-06-03
9112,2271,14,4,Fast checkout and friendly advice,2024-10-02
9113,10197,13,4,Helpful staff and healthy plants,2022-04-19
9114,9323,15,4,Fast checkout and friendly advice,2023-12-26
9115,6151,11,4,Good prices during promotion,2023-05-27
9116,2968,7,3,Decent experience overall,2022-10-18
9117,14367,8,4,Great selection and clean store,2022-03-06
9118,1567,14,3,Average product selection,2024-10-28
9119,3414,8,3,Prices were a bit high,2022-08-14
9120,5045,10,2,Competitor had better price,2022-09-05
9121,918,5,5,Helpful staff and healthy plants,2025-07-03
9122,3227,12,4,Great selection and clean store,2022-08-13
9123,2575,17,2,Could not find what I needed,2024-09-27
9124,8621,20,5,Helpful staff and healthy plants,2022-03-06
9125,10931,4,4,Helpful staff and healthy plants,2025-09-05
9126,8275,13,4,Good prices during promotion,2022-06-15
9127,5114,10,5,Helpful staff and healthy plants,2021-05-24
9128,1155,16,3,Some items were out of stock,2022-01-27
9129,12964,19,4,Fast checkout and friendly advice,2025-10-21
9130,14555,10,4,Good prices during promotion,2025-12-25
9131,6601,16,4,Loved the indoor plant variety,2022-11-19
9132,9358,16,4,Fast checkout and friendly advice,2023-05-04
9133,13182,24,3,Decent experience overall,2022-12-28
9134,11512,8,3,Average product selection,2021-09-22
9135,6134,22,5,Loved the indoor plant variety,2022-09-09
9136,7619,18,4,Helpful staff and healthy plants,2025-04-12
9137,6758,16,3,Some items were out of stock,2025-04-08
9138,12255,20,4,Great selection and clean store,2024-06-16
9139,424,5,3,Average product selection,2021-03-02
9140,4691,9,4,Great selection and clean store,2023-09-18
9141,8641,7,5,Loved the indoor plant variety,2021-11-17
9142,14426,12,4,Great selection and clean store,2022-04-24
9143,8387,10,4,Great selection and clean store,2023-01-10
9144,14322,22,5,Helpful staff and healthy plants,2025-07-12
9145,7881,5,3,Average product selection,2022-06-10
9146,12457,10,4,Helpful staff and healthy plants,2021-11-02
9147,14715,2,3,Decent experience overall,2025-06-20
9148,10066,20,2,Competitor had better price,2024-12-28
9149,6999,5,4,Fast checkout and friendly advice,2022-06-04
9150,3041,21,4,Loved the indoor plant variety,2021-08-16
9151,12038,13,5,Fast checkout and friendly advice,2021-12-20
9152,3036,17,5,Great selection and clean store,2025-07-02
9153,8739,25,4,Helpful staff and healthy plants,2023-10-27
9154,14341,18,3,Average product selection,2024-11-13
9155,9054,24,4,Helpful staff and healthy plants,2024-11-21
9156,10431,20,5,Helpful staff and healthy plants,2021-12-13
9157,483,6,3,Decent experience overall,2021-03-19
9158,3798,13,4,Loved the indoor plant variety,2021-01-11
9159,6295,1,4,Great selection and clean store,2021-04-19
9160,10621,2,4,Good prices during promotion,2024-10-28
9161,4654,24,4,Loved the indoor plant variety,2025-04-18
9162,8707,14,4,Great selection and clean store,2021-08-27
9163,4747,10,4,Great selection and clean store,2022-03-18
9164,12972,22,5,Helpful staff and healthy plants,2023-09-23
9165,5836,12,4,Fast checkout and friendly advice,2025-05-19
9166,14880,7,3,Average product selection,2024-03-09
9167,12530,24,5,Fast checkout and friendly advice,2023-10-04
9168,10100,22,4,Fast checkout and friendly advice,2023-05-17
9169,14309,5,5,Helpful staff and healthy plants,2025-03-22
9170,884,14,4,Good prices during promotion,2025-03-09
9171,12497,12,4,Helpful staff and healthy plants,2021-04-21
9172,8601,5,4,Fast checkout and friendly advice,2023-08-23
9173,7454,20,3,Prices were a bit high,2022-03-07
9174,2236,17,3,Average product selection,2025-08-19
9175,8164,24,3,Average product selection,2023-10-23
9176,5256,13,5,Great selection and clean store,2023-06-04
9177,12338,16,4,Good prices during promotion,2021-03-15
9178,1378,9,5,Loved the indoor plant variety,2025-07-05
9179,2073,10,4,Helpful staff and healthy plants,2021-12-13
9180,13524,6,2,Could not find what I needed,2024-04-04
9181,12190,8,4,Loved the indoor plant variety,2024-03-18
9182,1120,10,5,Loved the indoor plant variety,2025-01-18
9183,11281,18,4,Loved the indoor plant variety,2021-12-01
9184,11362,6,3,Decent experience overall,2023-07-11
9185,1674,13,4,Loved the indoor plant variety,2025-11-13
9186,4328,14,4,Helpful staff and healthy plants,2022-09-14
9187,12781,12,4,Fast checkout and friendly advice,2024-09-18
9188,5517,6,4,Loved the indoor plant variety,2024-08-02
9189,1675,18,5,Great selection and clean store,2024-02-11
9190,9787,2,5,Good prices during promotion,2021-11-15
9191,1999,5,4,Good prices during promotion,2024-05-20
9192,810,12,4,Fast checkout and friendly advice,2025-12-19
9193,7674,20,4,Great selection and clean store,2024-11-05
9194,5086,8,3,Prices were a bit high,2022-07-05
9195,3024,1,4,Fast checkout and friendly advice,2023-05-20
9196,11705,18,4,Loved the indoor plant variety,2021-04-14
9197,2091,8,3,Store was busy but okay,2021-04-15
9198,3080,20,5,Loved the indoor plant variety,2022-08-02
9199,726,5,5,Fast checkout and friendly advice,2021-11-12
9200,9866,15,4,Loved the indoor plant variety,2022-08-21
9201,9530,24,3,Average product selection,2021-04-25
9202,10682,16,4,Loved the indoor plant variety,2025-12-24
9203,12888,3,3,Some items were out of stock,2021-03-17
9204,5679,9,4,Good prices during promotion,2025-12-02
9205,717,9,4,Helpful staff and healthy plants,2022-04-11
9206,6732,6,3,Average product selection,2023-05-18
9207,9543,24,4,Helpful staff and healthy plants,2021-12-11
9208,14385,14,5,Great selection and clean store,2022-11-19
9209,13449,20,5,Great selection and clean store,2023-06-15
9210,11677,25,3,Average product selection,2023-06-15
9211,3287,14,3,Average product selection,2023-08-07
9212,11642,18,5,Good prices during promotion,2021-08-26
9213,12221,14,4,Great selection and clean store,2024-04-24
9214,7548,9,3,Average product selection,2023-02-03
9215,7135,13,4,Helpful staff and healthy plants,2024-10-03
9216,11519,9,5,Good prices during promotion,2025-09-01
9217,1892,13,3,Some items were out of stock,2024-12-05
9218,14401,3,4,Good prices during promotion,2023-04-02
9219,4728,12,3,Some items were out of stock,2021-04-16
9220,5540,15,4,Great selection and clean store,2021-06-03
9221,1635,10,4,Fast checkout and friendly advice,2023-11-04
9222,10498,8,4,Helpful staff and healthy plants,2022-12-01
9223,12002,12,5,Loved the indoor plant variety,2024-06-02
9224,10540,9,4,Helpful staff and healthy plants,2022-07-07
9225,6445,21,3,Decent experience overall,2024-08-22
9226,2086,25,5,Good prices during promotion,2024-11-08
9227,11318,15,4,Good prices during promotion,2023-10-09
9228,185,18,5,Great selection and clean store,2025-12-01
9229,5132,6,3,Average product selection,2023-05-25
9230,1136,15,5,Great selection and clean store,2022-03-22
9231,7728,3,3,Store was busy but okay,2021-08-02
9232,5046,22,4,Loved the indoor plant variety,2021-04-01
9233,9025,13,5,Loved the indoor plant variety,2024-02-18
9234,235,11,5,Helpful staff and healthy plants,2023-07-25
9235,3350,4,5,Great selection and clean store,2024-07-21
9236,9241,7,5,Fast checkout and friendly advice,2022-05-06
9237,14713,18,3,Average product selection,2021-01-09
9238,4177,11,4,Helpful staff and healthy plants,2021-09-15
9239,8732,3,1,Competitor had better price,2025-10-01
9240,9866,23,4,Fast checkout and friendly advice,2021-12-21
9241,11314,13,4,Fast checkout and friendly advice,2021-03-22
9242,9344,20,3,Prices were a bit high,2024-11-05
9243,10334,15,5,Helpful staff and healthy plants,2023-12-03
9244,9389,18,3,Average product selection,2022-04-28
9245,1721,22,4,Loved the indoor plant variety,2024-11-25
9246,4940,8,3,Average product selection,2022-08-05
9247,1985,7,2,Discount was confusing,2023-06-22
9248,2248,2,5,Loved the indoor plant variety,2021-11-27
9249,14150,24,3,Average product selection,2022-09-21
9250,7597,14,3,Some items were out of stock,2025-09-27
9251,5030,19,4,Good prices during promotion,2022-09-16
9252,722,5,3,Decent experience overall,2022-04-24
9253,13370,4,4,Loved the indoor plant variety,2024-05-07
9254,3425,10,4,Loved the indoor plant variety,2021-12-20
9255,6643,1,4,Helpful staff and healthy plants,2021-12-28
9256,5016,17,4,Good prices during promotion,2023-06-25
9257,7603,6,3,Prices were a bit high,2021-10-13
9258,13586,22,3,Average product selection,2024-12-17
9259,12063,22,5,Good prices during promotion,2023-09-28
9260,3947,6,3,Some items were out of stock,2024-03-03
9261,713,19,3,Prices were a bit high,2023-11-25
9262,13424,13,4,Loved the indoor plant variety,2024-11-15
9263,6723,10,3,Prices were a bit high,2021-07-01
9264,8642,25,3,Store was busy but okay,2022-02-06
9265,14471,4,3,Store was busy but okay,2023-06-23
9266,4167,3,3,Prices were a bit high,2022-08-02
9267,10229,14,4,Fast checkout and friendly advice,2022-12-24
9268,10209,24,3,Decent experience overall,2021-12-05
9269,7593,8,3,Prices were a bit high,2022-03-04
9270,2906,15,3,Some items were out of stock,2024-09-27
9271,6549,23,4,Great selection and clean store,2021-08-26
9272,6481,7,4,Helpful staff and healthy plants,2023-03-04
9273,9985,22,4,Loved the indoor plant variety,2025-05-07
9274,1106,11,2,Long wait and limited stock,2021-04-25
9275,890,22,3,Prices were a bit high,2023-04-13
9276,13600,15,4,Fast checkout and friendly advice,2021-09-19
9277,5107,3,3,Some items were out of stock,2025-04-26
9278,3912,1,5,Helpful staff and healthy plants,2024-08-27
9279,11769,14,5,Great selection and clean store,2023-05-16
9280,4444,8,3,Decent experience overall,2022-09-01
9281,3526,11,3,Prices were a bit high,2024-04-17
9282,13414,1,3,Some items were out of stock,2021-09-27
9283,1019,9,5,Loved the indoor plant variety,2021-06-27
9284,9756,8,3,Decent experience overall,2025-06-22
9285,13575,14,3,Some items were out of stock,2021-05-20
9286,563,18,4,Loved the indoor plant variety,2021-06-28
9287,7066,17,4,Great selection and clean store,2022-01-09
9288,748,3,4,Helpful staff and healthy plants,2024-03-27
9289,8646,25,4,Great selection and clean store,2025-08-20
9290,9975,7,2,Discount was confusing,2023-01-15
9291,7080,11,4,Great selection and clean store,2025-01-09
9292,2720,14,3,Decent experience overall,2021-12-21
9293,3583,13,4,Fast checkout and friendly advice,2025-06-17
9294,1456,5,4,Helpful staff and healthy plants,2025-04-17
9295,12674,6,3,Average product selection,2023-10-03
9296,550,14,4,Loved the indoor plant variety,2024-03-23
9297,7861,1,4,Fast checkout and friendly advice,2024-02-13
9298,4562,8,5,Helpful staff and healthy plants,2022-03-20
9299,11079,21,3,Store was busy but okay,2022-04-04
9300,13708,14,4,Helpful staff and healthy plants,2025-02-22
9301,11493,15,4,Great selection and clean store,2024-07-26
9302,14328,14,5,Fast checkout and friendly advice,2023-12-11
9303,9801,7,4,Great selection and clean store,2024-04-19
9304,9978,5,5,Helpful staff and healthy plants,2025-02-20
9305,896,2,3,Average product selection,2021-05-22
9306,12306,13,4,Good prices during promotion,2024-08-11
9307,12744,2,4,Great selection and clean store,2023-05-10
9308,11292,16,4,Helpful staff and healthy plants,2025-07-04
9309,4299,8,4,Loved the indoor plant variety,2021-03-15
9310,5892,10,4,Good prices during promotion,2024-08-17
9311,5377,4,4,Fast checkout and friendly advice,2021-07-10
9312,14942,20,3,Prices were a bit high,2021-04-18
9313,14186,18,4,Helpful staff and healthy plants,2023-03-05
9314,11708,16,4,Good prices during promotion,2023-06-19
9315,14120,10,4,Helpful staff and healthy plants,2022-09-12
9316,12458,13,5,Good prices during promotion,2025-03-01
9317,6113,4,4,Great selection and clean store,2025-11-23
9318,11749,18,5,Great selection and clean store,2022-11-22
9319,3688,16,3,Decent experience overall,2023-12-09
9320,9573,20,4,Loved the indoor plant variety,2022-11-14
9321,68,18,5,Fast checkout and friendly advice,2025-05-12
9322,1229,13,4,Fast checkout and friendly advice,2022-07-22
9323,5686,6,2,Competitor had better price,2025-07-04
9324,6444,7,3,Average product selection,2024-03-09
9325,12348,5,5,Loved the indoor plant variety,2021-05-27
9326,13076,16,3,Decent experience overall,2024-08-24
9327,11786,3,5,Loved the indoor plant variety,2021-04-20
9328,633,9,4,Fast checkout and friendly advice,2024-06-03
9329,9135,1,3,Average product selection,2025-08-17
9330,11856,22,4,Helpful staff and healthy plants,2022-04-28
9331,1114,13,4,Loved the indoor plant variety,2024-06-24
9332,12159,15,2,Long wait and limited stock,2022-11-04
9333,5578,1,4,Fast checkout and friendly advice,2021-02-01
9334,14691,8,4,Helpful staff and healthy plants,2025-01-03
9335,2947,21,4,Fast checkout and friendly advice,2023-12-14
9336,12262,13,4,Fast checkout and friendly advice,2022-05-06
9337,11927,22,4,Loved the indoor plant variety,2024-11-02
9338,10979,3,4,Helpful staff and healthy plants,2021-07-12
9339,2754,25,5,Loved the indoor plant variety,2023-10-20
9340,13132,23,4,Fast checkout and friendly advice,2025-09-27
9341,8159,22,4,Helpful staff and healthy plants,2022-05-14
9342,9853,13,3,Decent experience overall,2021-05-03
9343,958,3,4,Helpful staff and healthy plants,2025-12-20
9344,27,6,4,Helpful staff and healthy plants,2022-02-01
9345,3543,16,2,Discount was confusing,2024-03-24
9346,14843,2,4,Loved the indoor plant variety,2025-03-17
9347,2539,15,3,Some items were out of stock,2024-07-01
9348,5571,15,4,Helpful staff and healthy plants,2021-06-20
9349,11305,14,4,Good prices during promotion,2024-11-05
9350,8131,14,3,Some items were out of stock,2024-02-23
9351,1774,5,4,Great selection and clean store,2025-12-09
9352,2352,20,3,Decent experience overall,2021-06-06
9353,837,3,4,Good prices during promotion,2023-04-24
9354,5318,14,5,Loved the indoor plant variety,2022-03-28
9355,11268,17,4,Loved the indoor plant variety,2023-01-21
9356,10191,21,5,Loved the indoor plant variety,2021-09-07
9357,14061,13,4,Good prices during promotion,2023-12-06
9358,10468,4,5,Great selection and clean store,2025-10-03
9359,2513,16,4,Great selection and clean store,2025-04-25
9360,5723,19,4,Good prices during promotion,2024-04-03
9361,12158,12,5,Helpful staff and healthy plants,2021-07-22
9362,5579,16,5,Good prices during promotion,2022-12-01
9363,6111,24,5,Loved the indoor plant variety,2024-04-15
9364,3175,17,3,Prices were a bit high,2021-08-11
9365,6087,4,5,Helpful staff and healthy plants,2021-09-20
9366,8920,14,4,Helpful staff and healthy plants,2023-11-24
9367,14044,21,5,Great selection and clean store,2021-11-18
9368,14862,20,4,Good prices during promotion,2023-03-21
9369,13130,6,4,Great selection and clean store,2022-07-18
9370,2149,17,3,Store was busy but okay,2025-07-27
9371,8569,13,4,Helpful staff and healthy plants,2023-11-11
9372,5820,6,4,Good prices during promotion,2025-03-02
9373,2208,16,4,Fast checkout and friendly advice,2022-07-20
9374,9367,2,4,Fast checkout and friendly advice,2021-02-13
9375,2180,23,5,Good prices during promotion,2021-09-18
9376,12647,11,4,Helpful staff and healthy plants,2024-01-19
9377,7928,3,5,Helpful staff and healthy plants,2022-03-20
9378,7016,22,5,Loved the indoor plant variety,2023-03-16
9379,443,19,3,Prices were a bit high,2021-03-21
9380,3167,20,4,Good prices during promotion,2021-11-13
9381,2849,12,3,Store was busy but okay,2022-04-25
9382,5986,18,4,Helpful staff and healthy plants,2023-07-27
9383,181,22,3,Store was busy but okay,2022-04-01
9384,885,13,4,Helpful staff and healthy plants,2022-04-09
9385,1901,13,4,Loved the indoor plant variety,2024-03-19
9386,14189,23,4,Helpful staff and healthy plants,2022-07-20
9387,4380,17,3,Decent experience overall,2025-03-07
9388,11910,22,5,Good prices during promotion,2021-05-18
9389,3602,22,4,Loved the indoor plant variety,2025-01-01
9390,14256,13,4,Fast checkout and friendly advice,2022-09-24
9391,7290,7,4,Fast checkout and friendly advice,2023-11-21
9392,3807,20,4,Great selection and clean store,2022-01-16
9393,6179,10,4,Helpful staff and healthy plants,2023-06-22
9394,1572,20,3,Some items were out of stock,2021-03-16
9395,11002,22,4,Helpful staff and healthy plants,2023-11-03
9396,10289,3,5,Loved the indoor plant variety,2021-01-03
9397,7774,4,4,Helpful staff and healthy plants,2021-06-19
9398,2678,5,4,Fast checkout and friendly advice,2022-07-28
9399,36,25,5,Fast checkout and friendly advice,2024-03-27
9400,385,11,4,Helpful staff and healthy plants,2025-04-10
9401,14446,12,5,Fast checkout and friendly advice,2024-02-10
9402,13962,2,4,Loved the indoor plant variety,2024-03-04
9403,10475,22,4,Loved the indoor plant variety,2021-03-17
9404,13105,15,3,Store was busy but okay,2022-04-04
9405,3852,6,3,Decent experience overall,2025-06-06
9406,227,14,4,Helpful staff and healthy plants,2021-01-06
9407,6233,20,4,Good prices during promotion,2024-03-28
9408,10422,2,4,Loved the indoor plant variety,2022-03-02
9409,6443,22,4,Fast checkout and friendly advice,2021-12-17
9410,4142,24,5,Helpful staff and healthy plants,2023-10-01
9411,2236,3,5,Good prices during promotion,2024-06-07
9412,13657,22,5,Great selection and clean store,2025-02-10
9413,2126,10,4,Great selection and clean store,2023-05-18
9414,11246,1,3,Decent experience overall,2021-12-21
9415,10472,23,4,Helpful staff and healthy plants,2023-09-06
9416,2143,19,4,Loved the indoor plant variety,2023-09-03
9417,13742,12,4,Great selection and clean store,2024-04-10
9418,3849,17,4,Fast checkout and friendly advice,2024-07-21
9419,12904,11,3,Some items were out of stock,2022-10-25
9420,9944,22,4,Great selection and clean store,2024-02-06
9421,13745,7,3,Decent experience overall,2025-12-18
9422,4122,22,3,Store was busy but okay,2022-02-09
9423,3966,25,4,Loved the indoor plant variety,2022-05-13
9424,10542,19,4,Fast checkout and friendly advice,2025-03-21
9425,9429,15,4,Helpful staff and healthy plants,2025-03-11
9426,2135,13,4,Helpful staff and healthy plants,2025-11-20
9427,77,20,5,Helpful staff and healthy plants,2021-12-10
9428,8756,8,4,Helpful staff and healthy plants,2021-03-16
9429,4495,12,3,Prices were a bit high,2022-08-05
9430,2887,10,4,Loved the indoor plant variety,2023-10-09
9431,10570,8,4,Good prices during promotion,2025-05-24
9432,9973,18,3,Average product selection,2023-01-12
9433,10426,16,4,Helpful staff and healthy plants,2023-07-06
9434,1370,2,5,Helpful staff and healthy plants,2025-10-11
9435,4430,23,4,Great selection and clean store,2023-12-24
9436,2060,21,4,Fast checkout and friendly advice,2024-01-13
9437,552,12,3,Average product selection,2023-12-26
9438,6714,11,2,Competitor had better price,2023-09-15
9439,3518,25,4,Fast checkout and friendly advice,2024-04-22
9440,1822,3,3,Store was busy but okay,2025-10-27
9441,11580,19,4,Helpful staff and healthy plants,2025-03-18
9442,14432,23,3,Prices were a bit high,2024-06-09
9443,10405,14,3,Decent experience overall,2024-10-07
9444,7052,19,4,Helpful staff and healthy plants,2023-02-13
9445,10981,2,5,Great selection and clean store,2022-04-26
9446,2448,21,4,Great selection and clean store,2023-02-21
9447,2560,14,3,Average product selection,2024-07-28
9448,14727,21,4,Good prices during promotion,2024-04-11
9449,10050,13,5,Great selection and clean store,2023-11-05
9450,3710,13,3,Store was busy but okay,2025-12-11
9451,13438,15,4,Great selection and clean store,2021-08-13
9452,14385,13,4,Great selection and clean store,2025-04-23
9453,5542,20,3,Average product selection,2023-06-12
9454,12534,8,2,Could not find what I needed,2021-05-28
9455,2867,1,4,Great selection and clean store,2024-11-02
9456,1704,4,4,Good prices during promotion,2025-05-27
9457,10781,11,5,Loved the indoor plant variety,2025-05-11
9458,5764,3,3,Decent experience overall,2024-03-05
9459,11443,13,3,Some items were out of stock,2021-05-22
9460,1672,21,5,Helpful staff and healthy plants,2025-01-26
9461,10074,8,5,Helpful staff and healthy plants,2025-12-25
9462,4927,13,4,Great selection and clean store,2025-01-14
9463,4825,10,3,Average product selection,2025-03-03
9464,9397,17,3,Average product selection,2024-04-20
9465,7328,2,3,Store was busy but okay,2021-12-05
9466,5003,21,3,Some items were out of stock,2022-01-14
9467,10725,22,4,Great selection and clean store,2023-07-22
9468,1261,6,5,Good prices during promotion,2021-12-07
9469,10344,17,5,Fast checkout and friendly advice,2025-09-08
9470,12564,16,3,Average product selection,2022-12-08
9471,4861,7,4,Helpful staff and healthy plants,2023-02-16
9472,7739,13,5,Good prices during promotion,2025-02-20
9473,2284,1,4,Good prices during promotion,2022-03-03
9474,4415,19,4,Helpful staff and healthy plants,2022-11-01
9475,8398,17,3,Prices were a bit high,2023-07-18
9476,13111,19,3,Prices were a bit high,2022-05-21
9477,11560,12,3,Some items were out of stock,2024-12-12
9478,10308,12,4,Loved the indoor plant variety,2021-09-16
9479,13038,5,2,Competitor had better price,2021-05-16
9480,6674,25,3,Prices were a bit high,2021-12-10
9481,8475,25,4,Great selection and clean store,2025-08-13
9482,14424,16,4,Helpful staff and healthy plants,2023-09-26
9483,12363,24,4,Helpful staff and healthy plants,2022-10-26
9484,10892,14,4,Fast checkout and friendly advice,2023-10-14
9485,2609,19,5,Loved the indoor plant variety,2022-12-14
9486,8858,24,3,Some items were out of stock,2021-09-20
9487,8321,24,4,Great selection and clean store,2021-10-20
9488,2815,18,5,Great selection and clean store,2022-07-05
9489,7914,15,4,Loved the indoor plant variety,2024-07-23
9490,11618,21,4,Fast checkout and friendly advice,2022-05-27
9491,5789,25,3,Prices were a bit high,2021-05-12
9492,9833,24,3,Prices were a bit high,2025-07-12
9493,11805,18,5,Fast checkout and friendly advice,2025-01-22
9494,6944,2,3,Prices were a bit high,2023-10-09
9495,10157,16,3,Decent experience overall,2022-05-08
9496,7041,16,4,Helpful staff and healthy plants,2023-11-14
9497,10656,15,4,Good prices during promotion,2025-09-25
9498,8232,20,4,Good prices during promotion,2023-11-16
9499,1512,20,4,Great selection and clean store,2022-10-10
9500,34,8,5,Helpful staff and healthy plants,2024-12-04
9501,3967,6,4,Fast checkout and friendly advice,2025-10-20
9502,6171,12,3,Prices were a bit high,2025-04-13
9503,7625,1,4,Helpful staff and healthy plants,2022-05-03
9504,2594,19,3,Store was busy but okay,2021-12-09
9505,12622,3,5,Helpful staff and healthy plants,2023-06-26
9506,4574,12,4,Good prices during promotion,2022-09-12
9507,3745,13,2,Plant quality was disappointing,2021-06-01
9508,5609,4,3,Some items were out of stock,2024-04-02
9509,14367,17,4,Good prices during promotion,2021-03-21
9510,14747,13,3,Store was busy but okay,2022-10-12
9511,4490,7,3,Decent experience overall,2023-09-14
9512,11861,25,4,Fast checkout and friendly advice,2021-03-06
9513,7204,21,3,Store was busy but okay,2021-12-09
9514,3136,14,4,Fast checkout and friendly advice,2021-08-20
9515,13905,15,4,Helpful staff and healthy plants,2021-10-21
9516,4165,12,4,Loved the indoor plant variety,2021-10-05
9517,3787,16,4,Great selection and clean store,2025-12-04
9518,9148,7,3,Average product selection,2021-11-27
9519,7831,9,3,Prices were a bit high,2024-10-23
9520,2972,23,4,Loved the indoor plant variety,2023-05-15
9521,12044,4,4,Helpful staff and healthy plants,2021-11-24
9522,9844,20,3,Average product selection,2023-07-12
9523,7867,9,5,Great selection and clean store,2021-04-17
9524,4511,23,4,Fast checkout and friendly advice,2022-12-05
9525,14862,22,4,Great selection and clean store,2023-05-27
9526,1239,11,4,Great selection and clean store,2021-09-27
9527,14776,6,3,Decent experience overall,2022-12-17
9528,7527,12,4,Great selection and clean store,2024-09-01
9529,6446,16,4,Great selection and clean store,2024-08-22
9530,3245,19,3,Store was busy but okay,2024-08-12
9531,8789,9,3,Store was busy but okay,2023-05-24
9532,5208,9,5,Good prices during promotion,2022-12-28
9533,9257,5,3,Some items were out of stock,2024-06-07
9534,11400,21,4,Fast checkout and friendly advice,2022-12-04
9535,9595,12,4,Loved the indoor plant variety,2025-08-15
9536,10039,23,4,Fast checkout and friendly advice,2022-03-10
9537,11491,15,4,Fast checkout and friendly advice,2024-12-28
9538,14443,25,2,Discount was confusing,2024-12-27
9539,11013,24,4,Good prices during promotion,2022-03-22
9540,6291,25,4,Helpful staff and healthy plants,2022-08-03
9541,2979,3,5,Good prices during promotion,2024-10-14
9542,4841,21,3,Store was busy but okay,2022-12-07
9543,12898,6,3,Store was busy but okay,2021-06-17
9544,1251,6,3,Decent experience overall,2021-10-19
9545,9241,19,4,Fast checkout and friendly advice,2024-01-05
9546,13216,24,4,Fast checkout and friendly advice,2025-09-03
9547,11439,9,5,Helpful staff and healthy plants,2025-04-25
9548,2578,21,4,Great selection and clean store,2025-09-25
9549,7100,1,5,Loved the indoor plant variety,2022-09-20
9550,7758,25,5,Good prices during promotion,2023-09-13
9551,14631,11,5,Good prices during promotion,2022-04-02
9552,1380,1,4,Fast checkout and friendly advice,2023-10-02
9553,12601,24,5,Great selection and clean store,2022-03-24
9554,12265,16,4,Loved the indoor plant variety,2023-05-27
9555,1509,11,4,Loved the indoor plant variety,2025-07-07
9556,2686,1,4,Great selection and clean store,2024-06-06
9557,5442,14,5,Loved the indoor plant variety,2021-12-28
9558,746,20,2,Discount was confusing,2025-12-28
9559,1486,10,4,Good prices during promotion,2023-05-02
9560,4460,20,3,Average product selection,2021-09-23
9561,7573,21,2,Plant quality was disappointing,2021-10-14
9562,11651,18,4,Fast checkout and friendly advice,2023-03-13
9563,2987,4,3,Prices were a bit high,2021-11-27
9564,6891,12,2,Competitor had better price,2025-07-21
9565,12923,9,4,Helpful staff and healthy plants,2022-04-22
9566,14266,4,3,Average product selection,2021-06-26
9567,327,8,4,Helpful staff and healthy plants,2021-12-12
9568,11253,14,3,Some items were out of stock,2023-05-08
9569,7261,21,5,Great selection and clean store,2023-02-19
9570,3117,1,3,Average product selection,2021-05-18
9571,1256,25,4,Loved the indoor plant variety,2024-02-21
9572,11792,24,4,Fast checkout and friendly advice,2023-05-08
9573,12109,21,3,Store was busy but okay,2024-05-11
9574,1115,10,2,Long wait and limited stock,2025-08-01
9575,2885,6,4,Great selection and clean store,2021-05-21
9576,9331,4,3,Decent experience overall,2025-12-14
9577,3515,25,3,Decent experience overall,2023-04-12
9578,10194,4,3,Prices were a bit high,2023-04-11
9579,6704,19,5,Great selection and clean store,2023-12-27
9580,14633,23,3,Prices were a bit high,2022-01-06
9581,12087,10,4,Fast checkout and friendly advice,2024-11-04
9582,13277,12,3,Some items were out of stock,2021-04-02
9583,6217,7,5,Loved the indoor plant variety,2021-12-09
9584,10464,5,2,Competitor had better price,2022-04-22
9585,14373,16,4,Loved the indoor plant variety,2023-12-24
9586,9891,10,3,Decent experience overall,2025-12-03
9587,11636,8,3,Some items were out of stock,2023-08-03
9588,776,6,4,Fast checkout and friendly advice,2024-09-23
9589,6560,5,4,Loved the indoor plant variety,2022-07-07
9590,11770,5,4,Great selection and clean store,2025-06-05
9591,7842,4,4,Helpful staff and healthy plants,2025-06-11
9592,5244,24,3,Store was busy but okay,2023-10-05
9593,622,6,5,Fast checkout and friendly advice,2022-04-01
9594,3633,6,5,Loved the indoor plant variety,2023-12-25
9595,8729,8,3,Some items were out of stock,2023-05-23
9596,11166,21,3,Decent experience overall,2025-07-24
9597,7109,6,4,Helpful staff and healthy plants,2025-10-06
9598,13221,9,4,Loved the indoor plant variety,2022-03-11
9599,110,15,4,Loved the indoor plant variety,2025-03-02
9600,12312,4,4,Great selection and clean store,2023-09-21
9601,5634,25,3,Store was busy but okay,2025-02-18
9602,11703,14,3,Decent experience overall,2025-01-26
9603,7197,1,3,Some items were out of stock,2023-09-10
9604,831,7,5,Loved the indoor plant variety,2022-01-18
9605,12075,24,2,Plant quality was disappointing,2022-04-02
9606,9596,17,5,Good prices during promotion,2025-11-06
9607,13946,3,3,Average product selection,2021-12-07
9608,6159,22,3,Average product selection,2024-06-03
9609,12729,16,3,Some items were out of stock,2025-09-04
9610,11082,10,2,Long wait and limited stock,2021-06-20
9611,1012,22,3,Some items were out of stock,2022-04-01
9612,5578,4,4,Great selection and clean store,2022-04-26
9613,3015,12,3,Prices were a bit high,2024-06-14
9614,4786,10,3,Some items were out of stock,2023-05-08
9615,10058,1,4,Fast checkout and friendly advice,2023-03-11
9616,14604,18,4,Fast checkout and friendly advice,2021-09-09
9617,113,2,3,Some items were out of stock,2025-12-27
9618,856,8,4,Helpful staff and healthy plants,2021-11-05
9619,5526,3,3,Average product selection,2021-11-22
9620,10189,25,5,Helpful staff and healthy plants,2023-04-01
9621,6725,15,5,Great selection and clean store,2025-04-17
9622,1464,6,2,Plant quality was disappointing,2023-05-13
9623,8992,4,5,Good prices during promotion,2021-07-04
9624,1853,21,3,Decent experience overall,2022-01-20
9625,1942,17,3,Store was busy but okay,2023-07-25
9626,12879,1,3,Average product selection,2021-09-03
9627,7830,25,3,Decent experience overall,2021-04-02
9628,8301,25,5,Fast checkout and friendly advice,2023-12-13
9629,543,17,4,Fast checkout and friendly advice,2025-10-08
9630,1972,15,2,Discount was confusing,2021-12-09
9631,1222,3,4,Great selection and clean store,2024-01-03
9632,6050,10,3,Store was busy but okay,2025-04-20
9633,13805,17,3,Store was busy but okay,2025-12-10
9634,1553,20,3,Some items were out of stock,2023-01-23
9635,5758,9,5,Good prices during promotion,2021-05-09
9636,14059,7,3,Average product selection,2024-03-16
9637,13181,11,4,Loved the indoor plant variety,2025-09-15
9638,5789,24,4,Great selection and clean store,2021-07-01
9639,3633,11,4,Fast checkout and friendly advice,2021-05-08
9640,3382,7,4,Fast checkout and friendly advice,2021-03-20
9641,691,20,3,Prices were a bit high,2025-04-01
9642,9167,25,3,Prices were a bit high,2024-03-14
9643,2262,6,4,Great selection and clean store,2025-05-26
9644,2392,6,3,Decent experience overall,2023-10-20
9645,5526,15,4,Helpful staff and healthy plants,2024-11-19
9646,9263,14,4,Good prices during promotion,2021-05-14
9647,11079,12,4,Good prices during promotion,2023-12-06
9648,7580,25,3,Some items were out of stock,2024-03-03
9649,7968,14,2,Discount was confusing,2024-05-10
9650,2589,17,5,Loved the indoor plant variety,2023-12-01
9651,3975,19,5,Loved the indoor plant variety,2021-10-13
9652,13360,24,5,Great selection and clean store,2024-01-21
9653,10265,14,3,Average product selection,2021-05-27
9654,958,14,4,Loved the indoor plant variety,2022-05-02
9655,4248,17,3,Prices were a bit high,2023-11-09
9656,13834,18,5,Fast checkout and friendly advice,2022-03-22
9657,3689,4,4,Fast checkout and friendly advice,2023-04-01
9658,5561,22,4,Good prices during promotion,2021-05-22
9659,14792,19,3,Average product selection,2022-01-23
9660,13594,3,5,Helpful staff and healthy plants,2023-12-25
9661,4370,18,3,Average product selection,2022-12-04
9662,13447,14,4,Loved the indoor plant variety,2022-12-05
9663,13892,24,5,Helpful staff and healthy plants,2024-05-09
9664,12556,11,5,Fast checkout and friendly advice,2025-12-05
9665,4803,17,4,Helpful staff and healthy plants,2021-05-13
9666,9765,7,3,Some items were out of stock,2023-05-25
9667,13882,24,4,Good prices during promotion,2023-11-15
9668,2288,17,3,Average product selection,2024-02-27
9669,12386,10,3,Prices were a bit high,2025-10-02
9670,4073,10,3,Decent experience overall,2021-01-05
9671,12543,3,4,Fast checkout and friendly advice,2023-06-04
9672,13859,11,2,Competitor had better price,2025-10-16
9673,6247,12,4,Fast checkout and friendly advice,2024-01-03
9674,7956,15,4,Good prices during promotion,2025-06-26
9675,7267,13,3,Decent experience overall,2025-08-17
9676,8860,18,4,Helpful staff and healthy plants,2025-10-21
9677,7337,5,5,Fast checkout and friendly advice,2025-01-01
9678,93,14,3,Decent experience overall,2022-08-16
9679,8199,25,3,Average product selection,2023-06-24
9680,3309,10,2,Plant quality was disappointing,2021-05-24
9681,714,16,5,Good prices during promotion,2025-02-17
9682,1494,21,3,Decent experience overall,2023-11-22
9683,10562,24,4,Helpful staff and healthy plants,2024-02-22
9684,2886,17,3,Average product selection,2025-11-25
9685,11492,24,4,Fast checkout and friendly advice,2023-12-14
9686,10937,19,3,Some items were out of stock,2024-06-04
9687,4108,17,5,Helpful staff and healthy plants,2023-03-11
9688,3789,13,3,Average product selection,2023-12-26
9689,11301,14,5,Great selection and clean store,2022-06-23
9690,10766,15,3,Average product selection,2021-05-05
9691,9372,18,5,Loved the indoor plant variety,2024-12-13
9692,2977,22,5,Great selection and clean store,2023-09-02
9693,3191,19,3,Store was busy but okay,2025-09-06
9694,6564,7,3,Decent experience overall,2024-06-18
9695,13693,22,4,Loved the indoor plant variety,2023-02-17
9696,5517,6,4,Good prices during promotion,2022-04-22
9697,3377,5,5,Fast checkout and friendly advice,2023-11-08
9698,7657,1,3,Store was busy but okay,2021-12-06
9699,7096,3,4,Loved the indoor plant variety,2022-10-04
9700,2177,10,4,Fast checkout and friendly advice,2024-05-12
9701,11725,5,4,Great selection and clean store,2024-12-01
9702,1471,14,3,Decent experience overall,2024-12-20
9703,11583,18,4,Loved the indoor plant variety,2021-05-15
9704,6645,6,3,Some items were out of stock,2025-05-28
9705,577,8,4,Loved the indoor plant variety,2021-10-20
9706,8022,8,5,Helpful staff and healthy plants,2022-05-26
9707,13668,24,5,Loved the indoor plant variety,2023-07-28
9708,393,5,4,Good prices during promotion,2021-06-24
9709,5375,1,5,Good prices during promotion,2025-12-27
9710,11702,21,2,Discount was confusing,2024-12-10
9711,10276,20,4,Good prices during promotion,2022-11-11
9712,6069,2,5,Good prices during promotion,2021-12-04
9713,13598,9,4,Helpful staff and healthy plants,2023-01-20
9714,14948,2,4,Good prices during promotion,2024-04-08
9715,11747,3,4,Helpful staff and healthy plants,2024-06-08
9716,540,7,4,Great selection and clean store,2022-05-13
9717,14894,12,5,Great selection and clean store,2022-02-06
9718,4732,18,4,Great selection and clean store,2025-10-21
9719,10354,25,5,Helpful staff and healthy plants,2023-09-13
9720,10881,12,4,Fast checkout and friendly advice,2025-11-05
9721,8830,7,4,Fast checkout and friendly advice,2021-11-10
9722,6969,21,3,Prices were a bit high,2023-12-14
9723,4547,9,3,Store was busy but okay,2024-12-28
9724,8506,20,5,Great selection and clean store,2025-05-26
9725,3729,17,4,Fast checkout and friendly advice,2023-12-18
9726,8353,12,4,Loved the indoor plant variety,2022-04-23
9727,5205,18,4,Helpful staff and healthy plants,2025-12-02
9728,14426,3,5,Great selection and clean store,2022-03-10
9729,5102,15,4,Loved the indoor plant variety,2021-12-06
9730,13751,10,5,Great selection and clean store,2024-08-08
9731,4196,10,5,Great selection and clean store,2022-10-24
9732,12272,1,3,Decent experience overall,2022-07-28
9733,5277,23,4,Great selection and clean store,2021-07-03
9734,7074,23,5,Fast checkout and friendly advice,2025-05-13
9735,10732,12,4,Fast checkout and friendly advice,2021-11-24
9736,481,16,4,Loved the indoor plant variety,2022-10-24
9737,11947,18,5,Good prices during promotion,2025-04-16
9738,5914,2,4,Fast checkout and friendly advice,2025-05-19
9739,9572,5,4,Great selection and clean store,2025-05-02
9740,6455,25,4,Great selection and clean store,2024-11-27
9741,12322,3,4,Fast checkout and friendly advice,2023-02-11
9742,8723,3,5,Loved the indoor plant variety,2021-09-05
9743,10917,1,4,Fast checkout and friendly advice,2021-08-09
9744,11455,25,3,Store was busy but okay,2025-10-03
9745,13483,18,5,Fast checkout and friendly advice,2025-06-14
9746,12473,10,2,Discount was confusing,2023-06-06
9747,14062,9,3,Average product selection,2023-04-28
9748,9648,6,5,Great selection and clean store,2024-05-12
9749,6171,24,4,Fast checkout and friendly advice,2025-09-08
9750,3062,8,4,Loved the indoor plant variety,2023-09-09
9751,958,13,4,Fast checkout and friendly advice,2021-07-11
9752,5535,19,5,Great selection and clean store,2024-12-21
9753,7986,21,2,Competitor had better price,2021-04-22
9754,7195,22,4,Helpful staff and healthy plants,2024-07-24
9755,4804,11,2,Could not find what I needed,2024-09-14
9756,13823,25,4,Great selection and clean store,2022-04-11
9757,4173,20,5,Good prices during promotion,2024-05-22
9758,9253,7,4,Great selection and clean store,2024-08-11
9759,1993,10,2,Plant quality was disappointing,2023-10-09
9760,4220,15,5,Fast checkout and friendly advice,2025-02-20
9761,5385,24,4,Helpful staff and healthy plants,2025-03-19
9762,9947,20,5,Helpful staff and healthy plants,2024-12-18
9763,8051,3,4,Fast checkout and friendly advice,2021-12-25
9764,4457,13,3,Average product selection,2025-04-14
9765,3406,9,3,Store was busy but okay,2022-12-17
9766,14511,24,5,Great selection and clean store,2023-11-10
9767,11509,9,4,Fast checkout and friendly advice,2025-03-07
9768,6523,9,2,Could not find what I needed,2024-04-17
9769,264,19,5,Helpful staff and healthy plants,2021-04-05
9770,10122,19,2,Long wait and limited stock,2023-10-11
9771,5025,4,5,Fast checkout and friendly advice,2025-11-07
9772,2542,4,2,Long wait and limited stock,2022-07-19
9773,481,1,4,Fast checkout and friendly advice,2021-07-20
9774,4748,8,3,Decent experience overall,2025-05-04
9775,8689,1,4,Helpful staff and healthy plants,2025-12-06
9776,11262,24,3,Prices were a bit high,2022-04-17
9777,4864,23,3,Average product selection,2025-03-27
9778,14597,18,4,Fast checkout and friendly advice,2023-03-04
9779,1710,3,5,Fast checkout and friendly advice,2024-11-28
9780,7716,12,2,Competitor had better price,2023-12-24
9781,9443,3,5,Helpful staff and healthy plants,2021-06-19
9782,12921,13,4,Fast checkout and friendly advice,2022-11-20
9783,9724,1,4,Great selection and clean store,2025-03-22
9784,9995,14,5,Fast checkout and friendly advice,2023-05-05
9785,6036,2,4,Great selection and clean store,2022-05-15
9786,11586,19,2,Plant quality was disappointing,2024-07-03
9787,6754,23,4,Fast checkout and friendly advice,2024-12-09
9788,237,9,3,Store was busy but okay,2022-10-27
9789,14913,22,3,Some items were out of stock,2021-12-01
9790,13142,25,4,Fast checkout and friendly advice,2024-08-18
9791,6045,8,5,Good prices during promotion,2021-06-20
9792,1135,24,3,Prices were a bit high,2022-08-07
9793,2906,19,4,Helpful staff and healthy plants,2023-04-10
9794,14162,24,5,Fast checkout and friendly advice,2025-07-06
9795,5361,25,3,Some items were out of stock,2021-06-06
9796,8267,18,3,Average product selection,2022-05-23
9797,8948,19,4,Loved the indoor plant variety,2025-04-15
9798,7686,16,4,Helpful staff and healthy plants,2022-06-07
9799,5757,12,4,Helpful staff and healthy plants,2024-12-02
9800,4997,13,4,Fast checkout and friendly advice,2021-03-02
9801,4690,17,5,Good prices during promotion,2023-02-07
9802,7320,20,5,Loved the indoor plant variety,2023-06-19
9803,4237,7,3,Average product selection,2023-04-21
9804,237,7,4,Helpful staff and healthy plants,2021-03-19
9805,3545,13,4,Fast checkout and friendly advice,2023-04-25
9806,12424,15,3,Store was busy but okay,2025-02-05
9807,9027,9,4,Loved the indoor plant variety,2023-11-22
9808,3278,5,4,Fast checkout and friendly advice,2022-04-06
9809,8691,16,3,Average product selection,2025-06-20
9810,1161,4,3,Prices were a bit high,2022-10-01
9811,7817,24,3,Average product selection,2023-04-17
9812,13397,8,4,Good prices during promotion,2022-04-04
9813,3788,21,5,Great selection and clean store,2022-06-25
9814,4024,24,4,Fast checkout and friendly advice,2023-05-22
9815,12859,12,3,Some items were out of stock,2023-04-21
9816,3872,24,4,Good prices during promotion,2025-02-16
9817,3301,6,4,Loved the indoor plant variety,2025-08-19
9818,9255,9,4,Great selection and clean store,2022-07-09
9819,9320,23,5,Loved the indoor plant variety,2025-11-21
9820,12165,10,4,Great selection and clean store,2021-12-06
9821,605,4,3,Store was busy but okay,2025-06-05
9822,12511,15,4,Loved the indoor plant variety,2025-03-22
9823,12472,14,3,Some items were out of stock,2023-10-15
9824,3695,14,4,Helpful staff and healthy plants,2023-07-16
9825,12648,23,4,Good prices during promotion,2022-11-23
9826,2799,10,4,Fast checkout and friendly advice,2025-07-02
9827,9320,10,4,Helpful staff and healthy plants,2022-11-09
9828,14923,24,4,Good prices during promotion,2022-02-19
9829,2512,25,5,Loved the indoor plant variety,2024-08-25
9830,1415,14,3,Average product selection,2022-12-19
9831,1215,16,5,Great selection and clean store,2022-08-01
9832,649,6,5,Fast checkout and friendly advice,2024-04-06
9833,2138,13,3,Average product selection,2021-04-11
9834,7509,19,4,Helpful staff and healthy plants,2025-07-01
9835,10825,5,4,Fast checkout and friendly advice,2021-12-01
9836,14012,2,4,Loved the indoor plant variety,2021-03-12
9837,8273,25,2,Plant quality was disappointing,2021-11-13
9838,4994,9,4,Good prices during promotion,2022-04-27
9839,17,25,4,Great selection and clean store,2023-08-17
9840,9623,12,4,Loved the indoor plant variety,2023-03-08
9841,12983,17,5,Great selection and clean store,2022-06-20
9842,423,14,5,Helpful staff and healthy plants,2024-03-02
9843,5742,11,3,Decent experience overall,2023-06-06
9844,1356,18,5,Fast checkout and friendly advice,2023-04-03
9845,634,8,4,Great selection and clean store,2023-12-04
9846,5618,14,5,Loved the indoor plant variety,2023-07-21
9847,10532,13,5,Helpful staff and healthy plants,2022-11-26
9848,6401,1,4,Great selection and clean store,2025-07-13
9849,7542,21,5,Great selection and clean store,2021-01-04
9850,11973,11,3,Store was busy but okay,2023-04-23
9851,14769,25,5,Great selection and clean store,2021-02-24
9852,10551,13,4,Loved the indoor plant variety,2024-10-08
9853,11482,4,4,Great selection and clean store,2022-06-08
9854,12175,22,4,Great selection and clean store,2022-05-16
9855,1702,22,3,Some items were out of stock,2025-02-10
9856,3826,18,5,Good prices during promotion,2023-05-27
9857,8272,22,2,Competitor had better price,2024-03-20
9858,12194,2,5,Loved the indoor plant variety,2023-06-21
9859,3437,12,3,Prices were a bit high,2025-11-01
9860,5851,7,4,Fast checkout and friendly advice,2025-06-10
9861,11853,17,3,Store was busy but okay,2024-06-18
9862,10825,24,4,Loved the indoor plant variety,2021-10-22
9863,9197,24,3,Prices were a bit high,2024-09-19
9864,5006,13,4,Great selection and clean store,2023-08-06
9865,4022,19,5,Great selection and clean store,2022-10-09
9866,7804,2,4,Helpful staff and healthy plants,2022-09-24
9867,4211,6,5,Fast checkout and friendly advice,2022-12-27
9868,4602,17,4,Fast checkout and friendly advice,2021-08-07
9869,2136,21,5,Good prices during promotion,2024-04-10
9870,2359,8,5,Helpful staff and healthy plants,2024-08-07
9871,14225,22,4,Helpful staff and healthy plants,2024-11-05
9872,9903,22,5,Good prices during promotion,2025-12-05
9873,8295,6,5,Great selection and clean store,2021-07-16
9874,1135,25,3,Decent experience overall,2021-12-20
9875,12652,4,4,Great selection and clean store,2022-04-26
9876,8016,6,4,Fast checkout and friendly advice,2024-08-23
9877,163,22,4,Helpful staff and healthy plants,2023-05-01
9878,10288,8,4,Fast checkout and friendly advice,2022-03-15
9879,11040,7,5,Great selection and clean store,2024-05-24
9880,11302,8,3,Average product selection,2021-04-12
9881,951,17,4,Great selection and clean store,2025-10-27
9882,5907,25,4,Helpful staff and healthy plants,2024-09-18
9883,4074,15,4,Fast checkout and friendly advice,2022-03-28
9884,9754,23,4,Helpful staff and healthy plants,2021-06-18
9885,14239,18,3,Decent experience overall,2021-11-18
9886,14989,12,4,Fast checkout and friendly advice,2025-12-10
9887,13458,18,5,Fast checkout and friendly advice,2025-10-02
9888,11641,15,2,Competitor had better price,2023-03-12
9889,3566,4,4,Good prices during promotion,2021-01-06
9890,9931,24,5,Great selection and clean store,2021-09-16
9891,1677,19,3,Prices were a bit high,2022-10-17
9892,6088,15,3,Prices were a bit high,2023-08-13
9893,14120,5,4,Fast checkout and friendly advice,2024-07-25
9894,11346,17,5,Helpful staff and healthy plants,2022-02-09
9895,13773,7,4,Loved the indoor plant variety,2023-09-03
9896,9349,2,5,Good prices during promotion,2024-06-26
9897,8915,21,3,Some items were out of stock,2023-11-23
9898,412,3,5,Fast checkout and friendly advice,2025-07-10
9899,12904,12,3,Some items were out of stock,2025-04-04
9900,7978,20,4,Fast checkout and friendly advice,2023-06-15
9901,14516,6,3,Decent experience overall,2021-06-01
9902,14337,2,4,Helpful staff and healthy plants,2024-03-23
9903,7868,8,5,Great selection and clean store,2024-07-02
9904,322,4,2,Long wait and limited stock,2023-12-15
9905,13894,17,4,Great selection and clean store,2024-05-08
9906,111,23,4,Fast checkout and friendly advice,2022-05-09
9907,8378,17,2,Could not find what I needed,2024-04-08
9908,3290,23,5,Loved the indoor plant variety,2025-07-23
9909,4982,16,4,Fast checkout and friendly advice,2022-04-05
9910,13719,8,4,Helpful staff and healthy plants,2022-03-06
9911,4267,22,4,Fast checkout and friendly advice,2022-11-08
9912,8209,16,4,Fast checkout and friendly advice,2023-09-13
9913,2385,1,3,Prices were a bit high,2022-09-03
9914,1005,5,4,Helpful staff and healthy plants,2024-01-18
9915,1954,18,2,Competitor had better price,2022-03-14
9916,4937,1,5,Fast checkout and friendly advice,2023-08-16
9917,2298,6,5,Helpful staff and healthy plants,2021-02-25
9918,5242,6,4,Loved the indoor plant variety,2024-10-09
9919,5518,2,4,Good prices during promotion,2021-11-28
9920,9875,13,5,Loved the indoor plant variety,2022-05-15
9921,1143,11,4,Helpful staff and healthy plants,2025-11-22
9922,4343,12,4,Fast checkout and friendly advice,2023-05-17
9923,11404,11,4,Good prices during promotion,2023-12-04
9924,2237,2,3,Average product selection,2025-05-17
9925,1358,16,4,Helpful staff and healthy plants,2025-04-13
9926,4137,2,3,Decent experience overall,2022-03-20
9927,2678,2,4,Good prices during promotion,2021-03-01
9928,2572,23,4,Good prices during promotion,2021-12-18
9929,5239,12,5,Fast checkout and friendly advice,2025-07-13
9930,6498,19,4,Fast checkout and friendly advice,2021-04-02
9931,9934,18,4,Great selection and clean store,2023-03-13
9932,13930,14,3,Decent experience overall,2022-01-22
9933,5778,2,5,Fast checkout and friendly advice,2024-04-25
9934,10799,13,3,Average product selection,2025-06-12
9935,3293,4,3,Store was busy but okay,2021-10-05
9936,1779,8,4,Loved the indoor plant variety,2025-04-11
9937,6263,20,2,Discount was confusing,2021-10-01
9938,10710,19,5,Fast checkout and friendly advice,2025-11-23
9939,11500,1,3,Decent experience overall,2024-07-24
9940,3082,6,3,Decent experience overall,2024-11-04
9941,1032,5,3,Average product selection,2023-05-12
9942,4714,7,5,Great selection and clean store,2025-09-04
9943,7493,19,4,Fast checkout and friendly advice,2021-10-16
9944,451,21,4,Helpful staff and healthy plants,2023-05-08
9945,6760,25,3,Some items were out of stock,2021-10-19
9946,12356,16,5,Great selection and clean store,2025-04-09
9947,9341,21,3,Average product selection,2024-07-21
9948,11412,14,5,Great selection and clean store,2024-08-22
9949,1684,17,5,Fast checkout and friendly advice,2023-12-14
9950,14291,14,4,Great selection and clean store,2021-09-15
9951,4962,7,4,Fast checkout and friendly advice,2021-06-06
9952,14011,17,4,Great selection and clean store,2021-04-07
9953,1099,6,4,Helpful staff and healthy plants,2021-10-03
9954,9331,13,4,Great selection and clean store,2022-03-09
9955,6244,15,3,Some items were out of stock,2021-04-03
9956,3645,21,3,Average product selection,2022-09-25
9957,6598,14,3,Decent experience overall,2023-05-16
9958,3731,12,3,Store was busy but okay,2021-03-14
9959,14817,23,4,Good prices during promotion,2024-06-07
9960,11505,2,3,Some items were out of stock,2021-12-07
9961,9435,3,3,Average product selection,2023-12-13
9962,9376,8,3,Store was busy but okay,2021-11-13
9963,4743,9,5,Loved the indoor plant variety,2024-08-23
9964,3430,16,4,Fast checkout and friendly advice,2023-04-12
9965,13329,18,3,Decent experience overall,2021-06-21
9966,8304,15,5,Loved the indoor plant variety,2023-05-08
9967,10757,14,3,Some items were out of stock,2021-06-04
9968,8654,20,4,Fast checkout and friendly advice,2024-11-15
9969,11459,14,3,Some items were out of stock,2022-04-08
9970,3926,17,4,Good prices during promotion,2024-03-21
9971,14953,17,5,Great selection and clean store,2021-03-26
9972,6232,25,4,Loved the indoor plant variety,2025-05-07
9973,14244,17,4,Loved the indoor plant variety,2023-12-07
9974,3860,3,2,Long wait and limited stock,2024-01-10
9975,5478,20,3,Some items were out of stock,2024-03-23
9976,13775,3,4,Good prices during promotion,2025-12-07
9977,12171,19,4,Great selection and clean store,2024-09-16
9978,13361,14,4,Fast checkout and friendly advice,2021-12-16
9979,8580,16,4,Great selection and clean store,2021-10-21
9980,6959,3,3,Decent experience overall,2021-05-04
9981,14149,4,3,Average product selection,2025-08-04
9982,8079,19,4,Good prices during promotion,2023-01-11
9983,14552,16,4,Loved the indoor plant variety,2025-07-12
9984,8090,4,3,Prices were a bit high,2022-03-07
9985,8212,9,4,Great selection and clean store,2024-03-19
9986,8763,9,2,Competitor had better price,2021-01-14
9987,14956,3,4,Loved the indoor plant variety,2023-02-08
9988,3959,24,4,Helpful staff and healthy plants,2023-05-06
9989,14077,23,3,Decent experience overall,2023-10-19
9990,14996,17,4,Loved the indoor plant variety,2025-04-12
9991,8657,22,3,Prices were a bit high,2025-12-18
9992,3647,4,3,Store was busy but okay,2025-05-21
9993,6666,6,3,Decent experience overall,2025-12-14
9994,1045,15,3,Average product selection,2025-03-13
9995,8279,5,4,Fast checkout and friendly advice,2022-09-17
9996,12221,2,4,Loved the indoor plant variety,2021-07-12
9997,13605,3,4,Fast checkout and friendly advice,2021-04-01
9998,3441,19,4,Helpful staff and healthy plants,2025-05-07
9999,3962,8,5,Loved the indoor plant variety,2022-07-14
10000,7803,2,4,Loved the indoor plant variety,2022-08-21
10001,14970,16,5,Helpful staff and healthy plants,2021-04-19
10002,13697,22,3,Some items were out of stock,2024-10-14
10003,5848,3,3,Store was busy but okay,2022-03-10
10004,5782,8,3,Average product selection,2024-04-04
10005,13110,7,4,Helpful staff and healthy plants,2022-12-10
10006,2072,2,4,Great selection and clean store,2025-04-04
10007,6969,4,3,Prices were a bit high,2024-11-26
10008,14552,24,4,Great selection and clean store,2023-07-01
10009,8725,18,4,Fast checkout and friendly advice,2022-05-06
10010,9355,14,4,Loved the indoor plant variety,2021-09-19
10011,12416,7,2,Plant quality was disappointing,2022-03-20
10012,1006,9,2,Plant quality was disappointing,2024-11-08
10013,8476,23,3,Store was busy but okay,2023-05-24
10014,2547,5,5,Loved the indoor plant variety,2025-12-24
10015,3682,1,2,Long wait and limited stock,2023-03-06
10016,4911,6,4,Helpful staff and healthy plants,2023-03-27
10017,603,6,4,Loved the indoor plant variety,2022-05-20
10018,3544,14,3,Store was busy but okay,2025-07-26
10019,519,22,5,Great selection and clean store,2023-12-25
10020,11422,18,5,Helpful staff and healthy plants,2023-04-10
10021,13460,10,4,Loved the indoor plant variety,2024-11-10
10022,14233,6,3,Decent experience overall,2024-06-04
10023,435,18,4,Fast checkout and friendly advice,2022-03-26
10024,3049,16,4,Helpful staff and healthy plants,2024-07-12
10025,10600,5,3,Some items were out of stock,2024-12-17
10026,6644,25,3,Store was busy but okay,2021-11-25
10027,12564,10,4,Loved the indoor plant variety,2025-02-24
10028,13422,1,4,Helpful staff and healthy plants,2021-09-05
10029,7612,7,3,Some items were out of stock,2025-06-14
10030,6196,22,4,Fast checkout and friendly advice,2022-03-21
10031,12696,6,4,Loved the indoor plant variety,2022-05-27
10032,5718,3,5,Loved the indoor plant variety,2024-12-27
10033,2361,22,5,Great selection and clean store,2024-03-11
10034,1713,22,3,Average product selection,2021-11-25
10035,13038,21,4,Great selection and clean store,2021-04-04
10036,9545,13,3,Average product selection,2025-06-01
10037,7898,15,3,Store was busy but okay,2022-10-13
10038,14855,8,5,Good prices during promotion,2022-04-13
10039,8636,4,4,Good prices during promotion,2025-03-12
10040,14108,12,2,Could not find what I needed,2022-09-16
10041,12463,5,3,Prices were a bit high,2023-02-11
10042,3596,18,3,Some items were out of stock,2022-02-07
10043,13363,15,4,Fast checkout and friendly advice,2024-01-08
10044,2282,25,2,Plant quality was disappointing,2023-03-28
10045,7224,18,3,Average product selection,2023-12-03
10046,8947,13,5,Helpful staff and healthy plants,2024-11-26
10047,5066,8,5,Loved the indoor plant variety,2021-10-05
10048,1802,10,4,Good prices during promotion,2021-12-23
10049,3492,15,4,Helpful staff and healthy plants,2023-02-21
10050,10393,24,3,Prices were a bit high,2021-12-03
10051,12645,19,3,Decent experience overall,2023-05-01
10052,3440,13,3,Store was busy but okay,2022-01-16
10053,4366,21,4,Good prices during promotion,2022-04-25
10054,10068,10,5,Fast checkout and friendly advice,2025-11-27
10055,1174,8,5,Fast checkout and friendly advice,2025-05-12
10056,3200,1,4,Loved the indoor plant variety,2022-12-20
10057,3085,13,5,Great selection and clean store,2022-09-24
10058,1749,25,4,Helpful staff and healthy plants,2024-07-22
10059,11031,2,3,Store was busy but okay,2023-11-09
10060,10809,23,3,Store was busy but okay,2024-05-18
10061,5470,10,4,Fast checkout and friendly advice,2024-08-28
10062,9820,12,3,Some items were out of stock,2022-01-01
10063,13453,13,3,Decent experience overall,2024-02-25
10064,5011,24,3,Prices were a bit high,2025-10-12
10065,14091,14,5,Good prices during promotion,2022-12-24
10066,14033,7,3,Store was busy but okay,2024-10-23
10067,7357,21,4,Fast checkout and friendly advice,2025-01-25
10068,14045,21,4,Great selection and clean store,2023-04-15
10069,1977,22,4,Helpful staff and healthy plants,2023-12-28
10070,10186,10,5,Great selection and clean store,2022-07-13
10071,1528,2,4,Fast checkout and friendly advice,2024-08-11
10072,7443,20,3,Decent experience overall,2023-02-15
10073,9772,13,4,Loved the indoor plant variety,2021-12-08
10074,7893,11,4,Loved the indoor plant variety,2025-03-10
10075,8299,1,5,Great selection and clean store,2023-09-10
10076,9706,12,5,Loved the indoor plant variety,2025-06-18
10077,12170,10,4,Helpful staff and healthy plants,2023-12-24
10078,7464,25,4,Fast checkout and friendly advice,2023-04-18
10079,9361,17,3,Decent experience overall,2022-12-07
10080,3180,20,5,Fast checkout and friendly advice,2021-04-21
10081,14084,6,5,Helpful staff and healthy plants,2025-10-14
10082,3372,12,4,Great selection and clean store,2022-06-12
10083,10599,19,3,Some items were out of stock,2022-04-11
10084,11638,18,4,Loved the indoor plant variety,2023-12-28
10085,14645,20,5,Fast checkout and friendly advice,2022-11-10
10086,5556,16,4,Fast checkout and friendly advice,2024-02-27
10087,13605,20,5,Helpful staff and healthy plants,2021-11-11
10088,9519,14,3,Prices were a bit high,2023-01-18
10089,155,10,5,Great selection and clean store,2024-04-28
10090,8588,4,4,Good prices during promotion,2023-07-24
10091,1027,5,2,Competitor had better price,2022-02-06
10092,11278,21,5,Fast checkout and friendly advice,2021-03-07
10093,11608,11,3,Some items were out of stock,2021-10-13
10094,14621,11,4,Loved the indoor plant variety,2023-10-22
10095,12164,15,5,Helpful staff and healthy plants,2021-01-28
10096,9111,10,4,Loved the indoor plant variety,2025-12-28
10097,1642,17,3,Average product selection,2022-11-09
10098,4498,20,4,Great selection and clean store,2024-03-07
10099,13571,25,4,Good prices during promotion,2023-04-04
10100,14738,18,4,Good prices during promotion,2025-04-11
10101,11646,11,4,Loved the indoor plant variety,2024-10-01
10102,9665,17,2,Long wait and limited stock,2022-12-27
10103,2153,7,3,Average product selection,2021-07-27
10104,1174,4,4,Helpful staff and healthy plants,2022-05-14
10105,9408,12,5,Great selection and clean store,2023-11-16
10106,6327,1,2,Long wait and limited stock,2025-08-18
10107,7245,4,4,Good prices during promotion,2024-09-25
10108,14367,14,4,Good prices during promotion,2021-04-23
10109,14566,12,4,Loved the indoor plant variety,2023-06-26
10110,4275,23,3,Average product selection,2023-06-25
10111,3169,13,2,Could not find what I needed,2024-11-11
10112,8074,9,4,Good prices during promotion,2022-10-14
10113,14896,9,3,Average product selection,2023-01-25
10114,5891,10,4,Fast checkout and friendly advice,2023-01-02
10115,767,5,4,Helpful staff and healthy plants,2023-10-20
10116,596,4,4,Good prices during promotion,2023-12-21
10117,889,10,5,Helpful staff and healthy plants,2025-09-21
10118,14583,11,3,Average product selection,2021-06-11
10119,11694,13,4,Good prices during promotion,2025-09-12
10120,13566,14,4,Fast checkout and friendly advice,2022-12-05
10121,10510,2,4,Good prices during promotion,2021-05-22
10122,9145,22,3,Prices were a bit high,2023-08-27
10123,7120,6,4,Fast checkout and friendly advice,2022-05-18
10124,3455,12,5,Helpful staff and healthy plants,2025-05-23
10125,2635,11,4,Helpful staff and healthy plants,2023-09-04
10126,8479,4,4,Helpful staff and healthy plants,2021-04-26
10127,9733,13,5,Loved the indoor plant variety,2024-12-17
10128,9135,24,5,Good prices during promotion,2025-01-09
10129,11964,6,4,Helpful staff and healthy plants,2022-01-20
10130,14969,12,4,Loved the indoor plant variety,2022-03-20
10131,6438,3,4,Loved the indoor plant variety,2023-12-26
10132,1717,3,3,Some items were out of stock,2024-03-02
10133,2503,14,4,Good prices during promotion,2024-10-06
10134,14042,12,3,Store was busy but okay,2021-03-25
10135,6360,15,4,Helpful staff and healthy plants,2025-12-08
10136,5303,9,3,Decent experience overall,2022-01-19
10137,13350,3,3,Average product selection,2022-12-16
10138,9286,11,5,Loved the indoor plant variety,2024-12-08
10139,6805,25,4,Loved the indoor plant variety,2023-04-02
10140,4090,14,3,Decent experience overall,2021-03-06
10141,1284,8,3,Store was busy but okay,2023-10-23
10142,1703,22,3,Store was busy but okay,2021-03-20
10143,5292,1,5,Fast checkout and friendly advice,2023-05-10
10144,6052,3,4,Great selection and clean store,2022-02-21
10145,562,6,5,Good prices during promotion,2021-12-10
10146,7923,24,3,Prices were a bit high,2025-06-17
10147,6620,11,5,Helpful staff and healthy plants,2025-11-03
10148,14109,23,3,Average product selection,2025-04-21
10149,8886,22,4,Great selection and clean store,2022-04-10
10150,6388,10,5,Fast checkout and friendly advice,2025-08-17
10151,9881,17,4,Fast checkout and friendly advice,2024-06-07
10152,3054,20,4,Fast checkout and friendly advice,2025-04-21
10153,1346,22,4,Great selection and clean store,2022-10-17
10154,2318,4,3,Prices were a bit high,2024-08-26
10155,1314,14,3,Some items were out of stock,2022-05-08
10156,9415,2,5,Helpful staff and healthy plants,2025-04-19
10157,9046,3,3,Some items were out of stock,2022-05-17
10158,13391,22,3,Decent experience overall,2025-12-27
10159,1969,16,3,Some items were out of stock,2025-12-22
10160,1047,8,4,Great selection and clean store,2021-06-12
10161,9153,13,3,Prices were a bit high,2023-08-02
10162,4108,3,4,Fast checkout and friendly advice,2023-10-20
10163,9115,18,2,Long wait and limited stock,2024-05-02
10164,14408,2,4,Helpful staff and healthy plants,2025-12-21
10165,14230,1,4,Loved the indoor plant variety,2025-12-03
10166,14652,20,2,Long wait and limited stock,2021-12-17
10167,6204,6,3,Prices were a bit high,2023-05-17
10168,13772,20,2,Plant quality was disappointing,2022-08-11
10169,4328,24,4,Fast checkout and friendly advice,2024-06-04
10170,7759,24,3,Average product selection,2023-07-14
10171,3566,10,4,Great selection and clean store,2022-12-22
10172,9565,10,3,Some items were out of stock,2022-10-09
10173,8494,10,2,Competitor had better price,2022-03-22
10174,13621,5,3,Some items were out of stock,2024-09-04
10175,6392,21,4,Good prices during promotion,2025-09-03
10176,9587,21,3,Average product selection,2024-05-19
10177,8740,8,4,Great selection and clean store,2024-04-24
10178,6805,24,4,Helpful staff and healthy plants,2024-07-16
10179,12530,16,5,Helpful staff and healthy plants,2024-11-17
10180,7973,11,3,Some items were out of stock,2023-04-24
10181,8098,23,4,Fast checkout and friendly advice,2024-09-15
10182,1838,25,2,Competitor had better price,2022-06-08
10183,13761,24,4,Fast checkout and friendly advice,2025-04-01
10184,1370,9,3,Some items were out of stock,2023-03-13
10185,3879,10,4,Fast checkout and friendly advice,2022-09-07
10186,8965,13,4,Loved the indoor plant variety,2022-04-27
10187,10578,24,5,Loved the indoor plant variety,2022-08-03
10188,11965,24,4,Loved the indoor plant variety,2023-08-14
10189,14225,22,3,Prices were a bit high,2021-07-25
10190,5059,25,5,Great selection and clean store,2022-10-06
10191,7946,19,4,Fast checkout and friendly advice,2022-02-15
10192,4868,17,3,Average product selection,2025-04-14
10193,6960,15,4,Helpful staff and healthy plants,2021-10-23
10194,13309,13,3,Some items were out of stock,2023-06-21
10195,2829,13,2,Long wait and limited stock,2022-12-21
10196,4662,19,3,Store was busy but okay,2021-05-22
10197,6476,25,2,Plant quality was disappointing,2025-08-18
10198,6882,1,5,Fast checkout and friendly advice,2025-03-25
10199,521,1,3,Store was busy but okay,2025-05-26
10200,4976,3,3,Prices were a bit high,2023-05-15
10201,6469,21,4,Great selection and clean store,2021-03-08
10202,3776,9,3,Average product selection,2023-08-26
10203,8042,18,5,Good prices during promotion,2023-11-12
10204,8578,18,4,Good prices during promotion,2022-09-18
10205,4718,16,4,Loved the indoor plant variety,2025-03-11
10206,6934,10,4,Great selection and clean store,2021-06-17
10207,2258,23,5,Great selection and clean store,2021-08-09
10208,10174,3,4,Good prices during promotion,2021-02-26
10209,3816,18,4,Good prices during promotion,2024-07-24
10210,6337,18,4,Helpful staff and healthy plants,2022-05-24
10211,2394,24,4,Fast checkout and friendly advice,2022-01-12
10212,5713,19,3,Some items were out of stock,2023-03-20
10213,1836,15,3,Some items were out of stock,2024-11-25
10214,1190,6,4,Helpful staff and healthy plants,2025-12-23
10215,661,23,4,Great selection and clean store,2021-07-13
10216,14897,13,4,Loved the indoor plant variety,2022-04-21
10217,7290,4,5,Helpful staff and healthy plants,2025-06-23
10218,2648,21,4,Loved the indoor plant variety,2023-05-17
10219,3386,21,4,Good prices during promotion,2022-01-24
10220,5129,1,3,Store was busy but okay,2022-12-20
10221,9220,20,4,Great selection and clean store,2024-10-23
10222,7114,22,4,Loved the indoor plant variety,2025-06-22
10223,7157,20,4,Good prices during promotion,2025-05-09
10224,12091,5,4,Loved the indoor plant variety,2022-04-14
10225,9919,17,4,Helpful staff and healthy plants,2024-02-27
10226,3890,15,4,Loved the indoor plant variety,2024-05-18
10227,8021,1,4,Loved the indoor plant variety,2022-02-06
10228,990,14,4,Great selection and clean store,2024-05-28
10229,5757,12,4,Loved the indoor plant variety,2025-12-02
10230,978,20,3,Store was busy but okay,2024-06-05
10231,4391,15,3,Store was busy but okay,2023-01-15
10232,10728,7,3,Decent experience overall,2024-06-21
10233,10066,7,4,Loved the indoor plant variety,2025-03-05
10234,9511,23,5,Loved the indoor plant variety,2024-05-06
10235,6635,24,4,Good prices during promotion,2022-05-18
10236,9752,11,4,Great selection and clean store,2024-04-21
10237,10423,20,4,Great selection and clean store,2022-02-01
10238,832,10,5,Great selection and clean store,2022-10-26
10239,6820,5,3,Prices were a bit high,2021-06-18
10240,6763,3,3,Prices were a bit high,2025-07-05
10241,7527,14,4,Helpful staff and healthy plants,2025-08-09
10242,13631,13,4,Fast checkout and friendly advice,2024-03-12
10243,14763,1,4,Helpful staff and healthy plants,2023-12-23
10244,12687,16,3,Average product selection,2021-07-10
10245,952,3,3,Prices were a bit high,2021-11-12
10246,4830,6,4,Helpful staff and healthy plants,2021-05-17
10247,1665,6,5,Good prices during promotion,2023-04-14
10248,10445,12,4,Helpful staff and healthy plants,2024-04-09
10249,13790,1,3,Store was busy but okay,2021-08-06
10250,2104,23,4,Helpful staff and healthy plants,2021-10-02
10251,11067,21,4,Good prices during promotion,2021-03-23
10252,2592,15,3,Average product selection,2025-12-04
10253,5123,10,3,Prices were a bit high,2023-04-15
10254,3608,2,3,Decent experience overall,2025-07-27
10255,14292,20,3,Prices were a bit high,2022-01-10
10256,3571,1,4,Great selection and clean store,2021-06-07
10257,6543,25,5,Helpful staff and healthy plants,2025-03-19
10258,11279,3,4,Helpful staff and healthy plants,2024-03-18
10259,9176,4,4,Great selection and clean store,2024-11-11
10260,4756,6,4,Great selection and clean store,2022-01-04
10261,2752,1,5,Great selection and clean store,2024-12-27
10262,9047,20,3,Average product selection,2024-07-21
10263,366,18,3,Average product selection,2025-11-01
10264,3915,18,3,Decent experience overall,2024-03-03
10265,12852,19,2,Plant quality was disappointing,2023-09-17
10266,2517,24,3,Average product selection,2023-04-12
10267,6655,24,5,Helpful staff and healthy plants,2024-04-20
10268,12450,3,3,Average product selection,2025-03-12
10269,8890,2,3,Some items were out of stock,2024-07-01
10270,12134,5,5,Fast checkout and friendly advice,2025-08-19
10271,10594,11,3,Prices were a bit high,2024-01-27
10272,12962,22,4,Helpful staff and healthy plants,2021-05-02
10273,13068,25,3,Store was busy but okay,2021-02-21
10274,10684,2,3,Store was busy but okay,2022-12-16
10275,10866,14,4,Good prices during promotion,2023-10-10
10276,14450,19,4,Good prices during promotion,2024-02-06
10277,11463,13,4,Helpful staff and healthy plants,2022-03-06
10278,4805,22,4,Loved the indoor plant variety,2021-12-23
10279,12225,21,5,Good prices during promotion,2023-10-02
10280,1472,17,4,Helpful staff and healthy plants,2022-05-09
10281,11457,10,3,Average product selection,2022-04-20
10282,1318,17,4,Helpful staff and healthy plants,2021-03-20
10283,14141,2,2,Competitor had better price,2024-02-13
10284,5217,20,5,Loved the indoor plant variety,2021-04-07
10285,12745,11,3,Prices were a bit high,2025-10-25
10286,5572,12,3,Some items were out of stock,2021-07-22
10287,3812,4,4,Fast checkout and friendly advice,2025-12-06
10288,12099,13,4,Helpful staff and healthy plants,2024-10-16
10289,12384,19,4,Loved the indoor plant variety,2023-12-23
10290,6875,24,3,Store was busy but okay,2022-10-07
10291,2742,4,4,Great selection and clean store,2021-08-27
10292,5402,20,4,Helpful staff and healthy plants,2024-03-01
10293,11275,17,5,Good prices during promotion,2021-04-02
10294,2054,17,3,Store was busy but okay,2022-07-07
10295,11613,17,5,Good prices during promotion,2025-06-09
10296,6704,16,5,Loved the indoor plant variety,2023-04-15
10297,3867,17,3,Store was busy but okay,2021-08-19
10298,4880,10,4,Helpful staff and healthy plants,2023-08-11
10299,1654,2,5,Helpful staff and healthy plants,2024-10-26
10300,6500,7,4,Great selection and clean store,2021-04-20
10301,7787,8,2,Could not find what I needed,2023-11-10
10302,1537,17,4,Loved the indoor plant variety,2021-10-21
10303,890,24,4,Helpful staff and healthy plants,2021-12-12
10304,9711,21,4,Loved the indoor plant variety,2025-04-02
10305,3852,21,3,Store was busy but okay,2023-05-03
10306,13728,8,3,Store was busy but okay,2024-05-07
10307,4853,10,5,Fast checkout and friendly advice,2024-03-02
10308,10547,16,5,Good prices during promotion,2022-04-19
10309,5715,3,5,Great selection and clean store,2021-06-09
10310,8868,8,3,Store was busy but okay,2025-02-22
10311,126,19,4,Great selection and clean store,2023-08-07
10312,14211,11,3,Store was busy but okay,2023-03-27
10313,6245,7,3,Store was busy but okay,2023-12-10
10314,1394,24,4,Great selection and clean store,2025-04-25
10315,1083,19,4,Great selection and clean store,2023-02-05
10316,14114,15,5,Loved the indoor plant variety,2021-09-13
10317,12396,17,4,Loved the indoor plant variety,2024-05-18
10318,9755,23,3,Decent experience overall,2022-02-16
10319,4948,5,4,Great selection and clean store,2022-04-24
10320,7469,19,3,Decent experience overall,2023-02-26
10321,6867,6,3,Store was busy but okay,2023-11-06
10322,7338,7,4,Fast checkout and friendly advice,2025-08-17
10323,11703,3,3,Average product selection,2021-12-22
10324,1988,22,5,Great selection and clean store,2021-12-19
10325,13636,4,3,Decent experience overall,2024-11-28
10326,7600,16,2,Could not find what I needed,2024-02-20
10327,13952,20,5,Fast checkout and friendly advice,2023-03-06
10328,6146,17,4,Great selection and clean store,2023-09-06
10329,4937,1,3,Prices were a bit high,2025-05-27
10330,6116,10,4,Helpful staff and healthy plants,2021-06-14
10331,7703,23,3,Store was busy but okay,2024-10-08
10332,12374,7,3,Prices were a bit high,2021-12-08
10333,10561,11,3,Some items were out of stock,2023-10-13
10334,10805,21,4,Good prices during promotion,2022-06-22
10335,7981,23,4,Loved the indoor plant variety,2023-11-05
10336,5161,4,4,Good prices during promotion,2024-04-03
10337,2118,9,4,Helpful staff and healthy plants,2023-07-16
10338,11066,5,4,Loved the indoor plant variety,2024-10-22
10339,6890,23,4,Great selection and clean store,2025-04-01
10340,6530,15,3,Decent experience overall,2023-05-20
10341,1645,25,4,Helpful staff and healthy plants,2023-12-18
10342,7652,12,3,Some items were out of stock,2023-06-19
10343,595,14,5,Fast checkout and friendly advice,2022-12-11
10344,4762,17,3,Store was busy but okay,2024-02-09
10345,3345,16,4,Fast checkout and friendly advice,2021-01-02
10346,887,25,4,Great selection and clean store,2022-05-15
10347,983,10,4,Great selection and clean store,2021-04-20
10348,8320,25,4,Good prices during promotion,2022-03-26
10349,9741,21,3,Average product selection,2024-06-02
10350,8910,20,3,Prices were a bit high,2023-03-13
10351,864,3,3,Store was busy but okay,2023-09-20
10352,14067,16,3,Prices were a bit high,2023-01-28
10353,6963,4,3,Some items were out of stock,2021-09-04
10354,13929,2,4,Good prices during promotion,2022-03-25
10355,13165,3,4,Good prices during promotion,2023-04-10
10356,9347,14,5,Helpful staff and healthy plants,2022-05-08
10357,5773,3,4,Good prices during promotion,2025-06-09
10358,6506,23,3,Store was busy but okay,2025-12-26
10359,3228,3,3,Prices were a bit high,2022-05-28
10360,3250,19,5,Great selection and clean store,2024-10-06
10361,6199,10,4,Helpful staff and healthy plants,2024-06-13
10362,13687,18,3,Some items were out of stock,2025-12-03
10363,14876,25,5,Good prices during promotion,2022-08-04
10364,1460,11,3,Some items were out of stock,2022-11-18
10365,11090,13,4,Fast checkout and friendly advice,2021-02-01
10366,8217,2,3,Store was busy but okay,2024-07-07
10367,7865,12,3,Prices were a bit high,2025-07-13
10368,5027,18,4,Helpful staff and healthy plants,2021-08-22
10369,3094,22,4,Great selection and clean store,2024-12-22
10370,217,5,4,Helpful staff and healthy plants,2025-05-11
10371,14720,20,3,Store was busy but okay,2024-05-11
10372,6240,13,5,Good prices during promotion,2021-11-05
10373,10484,11,5,Great selection and clean store,2024-02-20
10374,3813,24,2,Discount was confusing,2022-12-24
10375,14321,13,4,Good prices during promotion,2021-04-09
10376,12984,2,4,Great selection and clean store,2021-06-08
10377,10860,25,3,Decent experience overall,2024-03-19
10378,14085,11,3,Some items were out of stock,2022-01-09
10379,13370,24,4,Loved the indoor plant variety,2024-01-24
10380,5706,8,4,Fast checkout and friendly advice,2022-12-06
10381,9164,11,3,Average product selection,2025-11-10
10382,7965,2,4,Fast checkout and friendly advice,2024-06-27
10383,11070,25,5,Loved the indoor plant variety,2024-03-07
10384,8037,24,3,Average product selection,2023-10-21
10385,731,12,4,Fast checkout and friendly advice,2023-11-05
10386,1012,4,4,Helpful staff and healthy plants,2022-07-01
10387,13026,22,4,Helpful staff and healthy plants,2021-01-12
10388,8204,2,4,Loved the indoor plant variety,2025-01-20
10389,8345,10,3,Some items were out of stock,2023-03-21
10390,11862,22,3,Store was busy but okay,2023-10-24
10391,13468,5,4,Great selection and clean store,2025-06-27
10392,10864,19,3,Prices were a bit high,2022-04-15
10393,14328,17,4,Helpful staff and healthy plants,2022-04-04
10394,8054,8,3,Prices were a bit high,2023-12-14
10395,10156,22,3,Average product selection,2024-01-16
10396,3269,23,4,Great selection and clean store,2021-11-04
10397,5571,15,4,Good prices during promotion,2022-11-04
10398,1001,23,3,Store was busy but okay,2024-12-21
10399,11450,15,5,Loved the indoor plant variety,2021-05-14
10400,3767,17,4,Great selection and clean store,2023-10-09
10401,13831,9,4,Good prices during promotion,2023-05-10
10402,6967,17,3,Store was busy but okay,2021-11-04
10403,9307,24,4,Helpful staff and healthy plants,2023-04-27
10404,9225,13,4,Loved the indoor plant variety,2024-02-14
10405,6816,23,5,Loved the indoor plant variety,2022-05-15
10406,13071,17,4,Great selection and clean store,2023-09-18
10407,14610,15,4,Helpful staff and healthy plants,2024-09-18
10408,14090,10,4,Great selection and clean store,2022-03-02
10409,7533,17,4,Helpful staff and healthy plants,2021-03-28
10410,8815,11,3,Average product selection,2024-12-10
10411,7010,7,3,Decent experience overall,2025-07-06
10412,3014,15,4,Fast checkout and friendly advice,2023-12-26
10413,4639,4,3,Prices were a bit high,2025-12-11
10414,4079,17,5,Loved the indoor plant variety,2023-05-24
10415,13488,14,5,Good prices during promotion,2024-11-10
10416,10995,6,4,Helpful staff and healthy plants,2022-12-16
10417,5501,19,5,Fast checkout and friendly advice,2024-05-22
10418,647,7,4,Great selection and clean store,2022-08-21
10419,11392,2,2,Could not find what I needed,2025-05-11
10420,9222,24,3,Some items were out of stock,2021-10-10
10421,12851,3,5,Loved the indoor plant variety,2023-04-14
10422,5968,23,4,Fast checkout and friendly advice,2025-02-27
10423,2631,11,4,Helpful staff and healthy plants,2021-09-24
10424,13480,10,4,Good prices during promotion,2024-10-19
10425,5958,15,4,Loved the indoor plant variety,2024-07-08
10426,14669,16,3,Average product selection,2021-11-28
10427,9960,2,4,Fast checkout and friendly advice,2024-02-24
10428,4829,19,4,Fast checkout and friendly advice,2023-07-14
10429,516,5,3,Some items were out of stock,2023-04-09
10430,2307,3,4,Good prices during promotion,2022-06-12
10431,7943,22,5,Loved the indoor plant variety,2022-09-01
10432,1667,7,4,Fast checkout and friendly advice,2023-06-28
10433,970,20,3,Average product selection,2024-08-06
10434,4698,24,4,Good prices during promotion,2022-10-13
10435,54,24,4,Great selection and clean store,2023-12-05
10436,786,14,4,Loved the indoor plant variety,2024-01-05
10437,3683,21,4,Great selection and clean store,2021-05-01
10438,751,19,2,Could not find what I needed,2021-08-13
10439,2365,15,3,Prices were a bit high,2021-05-26
10440,8616,20,4,Good prices during promotion,2021-11-17
10441,10769,3,3,Some items were out of stock,2021-11-17
10442,1270,5,5,Loved the indoor plant variety,2025-05-14
10443,13362,25,4,Good prices during promotion,2024-06-20
10444,11850,21,3,Prices were a bit high,2021-08-01
10445,359,8,4,Helpful staff and healthy plants,2025-08-12
10446,13415,25,4,Fast checkout and friendly advice,2023-02-11
10447,1855,18,4,Helpful staff and healthy plants,2023-04-01
10448,3728,14,3,Some items were out of stock,2025-12-11
10449,3767,2,3,Decent experience overall,2021-09-10
10450,3120,25,3,Average product selection,2024-12-04
10451,9935,7,3,Some items were out of stock,2022-03-04
10452,6289,8,4,Helpful staff and healthy plants,2021-11-07
10453,1997,22,4,Loved the indoor plant variety,2024-05-18
10454,12282,2,4,Loved the indoor plant variety,2021-03-12
10455,2559,10,3,Some items were out of stock,2022-09-20
10456,10567,14,3,Average product selection,2023-06-11
10457,11025,25,3,Some items were out of stock,2022-04-01
10458,4339,22,5,Loved the indoor plant variety,2022-02-11
10459,3897,13,4,Great selection and clean store,2025-11-24
10460,3014,25,4,Loved the indoor plant variety,2024-05-21
10461,2122,21,3,Average product selection,2024-09-09
10462,9227,15,3,Decent experience overall,2025-05-16
10463,5870,4,4,Fast checkout and friendly advice,2025-05-20
10464,11832,23,3,Decent experience overall,2023-11-08
10465,12063,16,3,Some items were out of stock,2023-04-11
10466,790,22,5,Loved the indoor plant variety,2021-03-08
10467,13584,6,4,Good prices during promotion,2024-12-27
10468,7175,19,3,Average product selection,2025-04-26
10469,6546,14,4,Good prices during promotion,2025-07-25
10470,13573,11,3,Store was busy but okay,2025-03-16
10471,4870,4,3,Some items were out of stock,2021-11-27
10472,6833,12,4,Loved the indoor plant variety,2023-01-23
10473,1778,14,5,Loved the indoor plant variety,2025-04-27
10474,10610,16,4,Fast checkout and friendly advice,2022-01-14
10475,7453,4,4,Loved the indoor plant variety,2022-12-09
10476,2489,6,4,Good prices during promotion,2022-05-20
10477,13639,2,3,Prices were a bit high,2025-06-05
10478,8852,19,3,Some items were out of stock,2024-02-22
10479,13699,7,4,Great selection and clean store,2022-10-01
10480,7164,2,4,Loved the indoor plant variety,2021-12-24
10481,7249,22,4,Helpful staff and healthy plants,2022-10-21
10482,5923,19,3,Store was busy but okay,2021-11-13
10483,1071,8,5,Good prices during promotion,2021-08-12
10484,7378,17,4,Loved the indoor plant variety,2021-09-24
10485,5367,6,4,Loved the indoor plant variety,2023-11-26
10486,11939,9,3,Prices were a bit high,2024-11-22
10487,4664,15,5,Good prices during promotion,2022-11-23
10488,8357,10,4,Loved the indoor plant variety,2021-02-11
10489,10192,10,3,Some items were out of stock,2022-05-18
10490,11742,7,3,Prices were a bit high,2022-04-28
10491,13226,13,4,Loved the indoor plant variety,2021-10-08
10492,5422,21,4,Fast checkout and friendly advice,2021-01-24
10493,7327,12,4,Loved the indoor plant variety,2021-05-04
10494,2037,18,4,Great selection and clean store,2024-01-20
10495,5225,20,4,Fast checkout and friendly advice,2024-12-23
10496,14995,15,4,Helpful staff and healthy plants,2024-02-12
10497,14658,5,3,Decent experience overall,2021-05-26
10498,8823,19,4,Good prices during promotion,2025-04-21
10499,2753,7,3,Some items were out of stock,2024-06-08
10500,6561,4,4,Good prices during promotion,2025-09-02
10501,14103,19,4,Loved the indoor plant variety,2025-11-05
10502,8097,8,4,Loved the indoor plant variety,2024-07-18
10503,10254,1,5,Good prices during promotion,2022-05-12
10504,3391,16,3,Average product selection,2025-12-04
10505,6636,12,2,Could not find what I needed,2021-12-22
10506,8988,16,4,Great selection and clean store,2024-12-05
10507,10852,5,4,Helpful staff and healthy plants,2025-03-20
10508,2703,20,2,Discount was confusing,2022-04-22
10509,9408,4,5,Good prices during promotion,2024-02-08
10510,2451,8,3,Decent experience overall,2024-07-11
10511,3967,23,3,Some items were out of stock,2022-06-15
10512,14433,2,4,Good prices during promotion,2022-08-21
10513,8079,3,4,Loved the indoor plant variety,2024-06-20
10514,4164,17,3,Prices were a bit high,2024-01-09
10515,10756,16,4,Great selection and clean store,2024-10-23
10516,8424,13,5,Helpful staff and healthy plants,2023-07-06
10517,4553,21,4,Fast checkout and friendly advice,2021-11-27
10518,2160,23,5,Fast checkout and friendly advice,2021-12-23
10519,9559,13,4,Great selection and clean store,2025-04-24
10520,4006,23,4,Fast checkout and friendly advice,2022-07-06
10521,3854,14,4,Fast checkout and friendly advice,2022-07-03
10522,13648,6,4,Great selection and clean store,2021-05-07
10523,5514,9,3,Average product selection,2022-10-09
10524,10950,25,3,Store was busy but okay,2021-11-26
10525,13496,10,4,Loved the indoor plant variety,2022-01-05
10526,8285,11,4,Fast checkout and friendly advice,2021-03-19
10527,7461,8,5,Fast checkout and friendly advice,2024-04-06
10528,14533,3,3,Prices were a bit high,2022-03-04
10529,692,8,4,Good prices during promotion,2025-05-12
10530,10495,23,3,Decent experience overall,2025-10-16
10531,4684,13,5,Helpful staff and healthy plants,2025-12-26
10532,11668,14,4,Helpful staff and healthy plants,2025-06-11
10533,137,15,2,Discount was confusing,2021-05-21
10534,10387,3,3,Some items were out of stock,2021-09-08
10535,908,20,4,Helpful staff and healthy plants,2024-05-02
10536,1008,23,4,Fast checkout and friendly advice,2022-07-10
10537,11867,17,5,Good prices during promotion,2024-10-13
10538,2565,12,4,Good prices during promotion,2025-09-04
10539,14976,17,4,Helpful staff and healthy plants,2024-03-06
10540,5600,18,4,Helpful staff and healthy plants,2022-12-10
10541,2480,4,5,Helpful staff and healthy plants,2025-09-27
10542,14134,5,4,Loved the indoor plant variety,2025-10-21
10543,4857,11,5,Helpful staff and healthy plants,2021-05-05
10544,2006,10,4,Loved the indoor plant variety,2022-11-10
10545,9401,18,3,Store was busy but okay,2021-12-14
10546,11286,6,3,Store was busy but okay,2021-09-01
10547,4354,17,4,Good prices during promotion,2022-01-03
10548,10,14,4,Helpful staff and healthy plants,2023-11-20
10549,9140,16,4,Fast checkout and friendly advice,2021-12-14
10550,12018,7,3,Some items were out of stock,2024-04-21
10551,1179,17,3,Some items were out of stock,2022-01-07
10552,14460,8,4,Great selection and clean store,2025-07-23
10553,6189,3,4,Loved the indoor plant variety,2025-12-06
10554,6105,13,4,Good prices during promotion,2024-09-21
10555,3070,3,3,Store was busy but okay,2021-05-08
10556,14212,1,3,Prices were a bit high,2022-11-13
10557,4522,12,4,Loved the indoor plant variety,2024-11-23
10558,2673,10,3,Store was busy but okay,2021-07-16
10559,12962,7,3,Decent experience overall,2025-11-20
10560,1271,8,3,Prices were a bit high,2022-11-06
10561,1566,25,4,Loved the indoor plant variety,2025-02-04
10562,12708,19,4,Fast checkout and friendly advice,2021-01-24
10563,7617,18,2,Plant quality was disappointing,2024-04-24
10564,7140,3,3,Some items were out of stock,2023-09-28
10565,4031,12,3,Average product selection,2024-03-14
10566,12479,9,5,Good prices during promotion,2024-03-18
10567,5226,8,5,Good prices during promotion,2025-11-10
10568,4009,12,2,Plant quality was disappointing,2023-05-09
10569,13882,21,3,Store was busy but okay,2021-04-20
10570,5886,6,4,Great selection and clean store,2023-05-14
10571,3269,15,4,Great selection and clean store,2022-04-28
10572,10926,4,4,Loved the indoor plant variety,2022-06-23
10573,12472,24,4,Fast checkout and friendly advice,2022-08-14
10574,5879,20,5,Fast checkout and friendly advice,2022-05-02
10575,2638,21,2,Long wait and limited stock,2024-02-04
10576,6929,15,3,Some items were out of stock,2022-04-24
10577,9613,21,4,Good prices during promotion,2021-07-05
10578,13705,7,3,Decent experience overall,2023-05-03
10579,13408,15,3,Decent experience overall,2022-09-28
10580,10384,11,3,Prices were a bit high,2023-05-16
10581,11394,9,3,Decent experience overall,2022-12-05
10582,6199,23,4,Good prices during promotion,2023-01-01
10583,3520,25,4,Helpful staff and healthy plants,2023-08-10
10584,5444,14,4,Loved the indoor plant variety,2021-05-17
10585,13734,6,3,Store was busy but okay,2024-04-21
10586,11298,9,3,Prices were a bit high,2024-03-10
10587,6726,22,3,Average product selection,2025-03-21
10588,14046,21,3,Store was busy but okay,2024-11-18
10589,14971,19,3,Store was busy but okay,2023-07-08
10590,3870,8,4,Good prices during promotion,2023-02-26
10591,11993,20,3,Prices were a bit high,2022-09-28
10592,7051,7,3,Some items were out of stock,2021-03-11
10593,11452,23,4,Great selection and clean store,2021-12-13
10594,8271,19,4,Helpful staff and healthy plants,2024-04-20
10595,12165,4,3,Average product selection,2023-08-25
10596,9745,24,3,Store was busy but okay,2024-03-05
10597,1931,14,4,Great selection and clean store,2025-03-01
10598,7851,6,5,Good prices during promotion,2022-10-08
10599,11075,9,4,Great selection and clean store,2022-08-22
10600,7986,12,4,Loved the indoor plant variety,2022-10-18
10601,5549,16,5,Great selection and clean store,2022-01-18
10602,7551,11,4,Good prices during promotion,2024-07-07
10603,5631,11,5,Helpful staff and healthy plants,2021-10-18
10604,9304,19,4,Loved the indoor plant variety,2023-06-20
10605,3424,22,4,Good prices during promotion,2023-03-03
10606,1781,15,5,Great selection and clean store,2021-03-08
10607,8362,12,4,Loved the indoor plant variety,2023-12-10
10608,8410,1,4,Good prices during promotion,2022-12-16
10609,10341,13,3,Prices were a bit high,2023-05-24
10610,236,7,4,Fast checkout and friendly advice,2022-03-13
10611,2706,4,4,Loved the indoor plant variety,2024-10-15
10612,14691,22,2,Competitor had better price,2021-12-18
10613,338,21,5,Fast checkout and friendly advice,2023-03-08
10614,14100,24,3,Prices were a bit high,2025-07-16
10615,13828,2,4,Helpful staff and healthy plants,2021-02-18
10616,3385,22,3,Decent experience overall,2021-06-28
10617,191,22,4,Good prices during promotion,2021-03-12
10618,8891,22,3,Store was busy but okay,2025-10-24
10619,12813,21,3,Some items were out of stock,2024-06-03
10620,3367,5,5,Loved the indoor plant variety,2021-06-03
10621,13653,2,3,Average product selection,2021-04-01
10622,4414,12,4,Loved the indoor plant variety,2024-03-17
10623,4872,17,3,Prices were a bit high,2025-04-05
10624,2053,17,4,Fast checkout and friendly advice,2025-06-16
10625,13538,22,4,Helpful staff and healthy plants,2025-09-25
10626,6249,17,4,Fast checkout and friendly advice,2025-03-17
10627,8519,18,3,Store was busy but okay,2024-06-03
10628,14898,17,5,Good prices during promotion,2024-09-15
10629,10468,4,4,Loved the indoor plant variety,2022-04-27
10630,609,18,3,Store was busy but okay,2024-11-01
10631,5138,11,3,Some items were out of stock,2023-01-25
10632,1221,23,4,Fast checkout and friendly advice,2023-08-02
10633,8060,18,4,Fast checkout and friendly advice,2024-04-14
10634,4656,11,5,Great selection and clean store,2022-04-23
10635,3877,25,4,Great selection and clean store,2025-05-12
10636,14574,9,4,Loved the indoor plant variety,2022-12-11
10637,10942,10,4,Fast checkout and friendly advice,2023-06-13
10638,2871,1,4,Fast checkout and friendly advice,2021-04-19
10639,11365,7,3,Decent experience overall,2023-04-20
10640,10381,8,4,Helpful staff and healthy plants,2023-03-21
10641,14560,2,3,Average product selection,2024-11-26
10642,12321,12,5,Great selection and clean store,2022-04-05
10643,8999,17,4,Helpful staff and healthy plants,2023-06-24
10644,14834,21,5,Good prices during promotion,2023-08-18
10645,1403,12,5,Good prices during promotion,2021-04-01
10646,1661,24,4,Helpful staff and healthy plants,2022-12-21
10647,2630,7,3,Average product selection,2021-02-09
10648,11138,4,5,Loved the indoor plant variety,2022-09-07
10649,9859,22,4,Loved the indoor plant variety,2023-11-16
10650,4218,1,5,Great selection and clean store,2021-12-04
10651,7080,4,4,Great selection and clean store,2025-12-12
10652,4280,22,4,Helpful staff and healthy plants,2025-06-09
10653,3297,25,4,Great selection and clean store,2025-06-06
10654,13051,8,4,Great selection and clean store,2025-04-16
10655,14012,13,2,Competitor had better price,2024-05-27
10656,8279,25,4,Great selection and clean store,2025-12-27
10657,1117,16,3,Some items were out of stock,2022-05-04
10658,2481,2,5,Good prices during promotion,2022-05-03
10659,11122,20,4,Good prices during promotion,2021-02-20
10660,9596,8,4,Loved the indoor plant variety,2023-04-11
10661,6157,9,4,Great selection and clean store,2024-09-22
10662,3465,16,4,Loved the indoor plant variety,2021-10-14
10663,7169,18,4,Helpful staff and healthy plants,2025-02-08
10664,10529,13,3,Prices were a bit high,2023-03-09
10665,9719,9,4,Fast checkout and friendly advice,2024-01-18
10666,7896,20,4,Helpful staff and healthy plants,2022-08-21
10667,4147,3,4,Good prices during promotion,2022-04-12
10668,12712,3,3,Prices were a bit high,2021-04-18
10669,11665,15,3,Store was busy but okay,2025-03-27
10670,8629,13,5,Helpful staff and healthy plants,2021-10-28
10671,11579,7,4,Good prices during promotion,2022-05-08
10672,1604,8,3,Prices were a bit high,2022-04-08
10673,13621,10,4,Great selection and clean store,2024-07-05
10674,3231,15,4,Great selection and clean store,2022-10-05
10675,12442,17,4,Helpful staff and healthy plants,2022-12-10
10676,7038,1,4,Loved the indoor plant variety,2023-11-18
10677,13591,12,4,Great selection and clean store,2021-05-27
10678,8936,10,3,Average product selection,2024-05-01
10679,4607,19,4,Good prices during promotion,2025-06-23
10680,5728,23,3,Store was busy but okay,2025-09-02
10681,12129,7,3,Store was busy but okay,2024-05-05
10682,12384,19,3,Store was busy but okay,2025-12-27
10683,591,21,3,Decent experience overall,2024-10-06
10684,3653,22,4,Helpful staff and healthy plants,2023-05-20
10685,9522,22,3,Decent experience overall,2021-04-11
10686,8940,14,3,Average product selection,2022-04-12
10687,4769,11,4,Loved the indoor plant variety,2024-07-12
10688,13741,10,3,Decent experience overall,2021-02-24
10689,2968,23,3,Average product selection,2021-10-28
10690,9240,4,4,Loved the indoor plant variety,2023-07-01
10691,12558,23,3,Average product selection,2024-12-20
10692,14712,16,2,Competitor had better price,2024-11-02
10693,11318,16,2,Could not find what I needed,2024-04-25
10694,14602,12,3,Prices were a bit high,2023-09-28
10695,11712,11,3,Average product selection,2022-02-26
10696,5876,25,3,Average product selection,2023-02-18
10697,14501,2,4,Fast checkout and friendly advice,2021-03-19
10698,13825,22,3,Average product selection,2023-06-16
10699,13976,18,3,Some items were out of stock,2024-08-17
10700,9606,20,5,Great selection and clean store,2024-05-02
10701,3751,2,3,Some items were out of stock,2023-12-10
10702,6514,16,4,Good prices during promotion,2024-11-13
10703,5641,2,3,Decent experience overall,2021-03-05
10704,8914,17,3,Store was busy but okay,2025-07-26
10705,9855,9,4,Great selection and clean store,2023-01-19
10706,2673,19,3,Store was busy but okay,2023-06-17
10707,10233,4,4,Loved the indoor plant variety,2024-05-10
10708,5588,13,4,Helpful staff and healthy plants,2022-12-17
10709,10310,25,4,Great selection and clean store,2023-12-23
10710,1158,14,4,Helpful staff and healthy plants,2023-11-28
10711,7411,5,4,Loved the indoor plant variety,2021-10-08
10712,10570,6,4,Helpful staff and healthy plants,2022-01-20
10713,13858,4,4,Helpful staff and healthy plants,2025-11-25
10714,4488,12,3,Some items were out of stock,2022-03-09
10715,4906,12,5,Fast checkout and friendly advice,2022-07-04
10716,12787,22,3,Some items were out of stock,2023-04-04
10717,11892,22,4,Loved the indoor plant variety,2023-04-05
10718,807,21,5,Fast checkout and friendly advice,2021-02-10
10719,1150,19,4,Good prices during promotion,2022-04-04
10720,3450,4,3,Decent experience overall,2023-05-02
10721,13337,8,3,Average product selection,2025-12-07
10722,4796,16,4,Fast checkout and friendly advice,2021-08-12
10723,12500,2,3,Prices were a bit high,2024-10-03
10724,13365,9,3,Prices were a bit high,2021-08-07
10725,3510,15,3,Some items were out of stock,2021-12-15
10726,5676,25,4,Great selection and clean store,2024-06-27
10727,5623,5,3,Store was busy but okay,2024-12-21
10728,14252,16,4,Great selection and clean store,2024-03-24
10729,1446,21,3,Prices were a bit high,2023-09-11
10730,8247,17,4,Good prices during promotion,2024-09-14
10731,246,21,3,Average product selection,2024-12-10
10732,1805,24,4,Fast checkout and friendly advice,2023-11-06
10733,1782,2,4,Great selection and clean store,2022-04-27
10734,5859,11,4,Fast checkout and friendly advice,2024-03-27
10735,12328,23,3,Prices were a bit high,2024-06-01
10736,6227,20,4,Great selection and clean store,2022-07-08
10737,8352,6,4,Good prices during promotion,2025-06-18
10738,820,25,3,Some items were out of stock,2024-06-12
10739,1777,6,4,Good prices during promotion,2023-04-23
10740,9340,24,4,Fast checkout and friendly advice,2024-01-17
10741,4200,15,3,Prices were a bit high,2024-03-05
10742,862,15,3,Some items were out of stock,2023-04-23
10743,4291,7,5,Fast checkout and friendly advice,2025-12-10
10744,10043,21,3,Some items were out of stock,2025-05-22
10745,12663,13,3,Prices were a bit high,2021-01-19
10746,10153,20,4,Fast checkout and friendly advice,2022-03-19
10747,2147,1,3,Decent experience overall,2025-06-06
10748,3974,22,4,Fast checkout and friendly advice,2021-04-08
10749,10897,10,4,Fast checkout and friendly advice,2022-01-17
10750,1616,18,4,Good prices during promotion,2022-05-18
10751,617,5,3,Some items were out of stock,2024-03-07
10752,7799,18,4,Helpful staff and healthy plants,2024-04-17
10753,14376,23,4,Loved the indoor plant variety,2022-07-03
10754,1849,19,4,Great selection and clean store,2025-10-13
10755,14524,20,2,Competitor had better price,2023-03-26
10756,11388,8,4,Helpful staff and healthy plants,2024-06-25
10757,3159,7,5,Good prices during promotion,2021-11-04
10758,11746,3,3,Prices were a bit high,2025-12-21
10759,5935,14,3,Prices were a bit high,2025-10-15
10760,7507,2,3,Prices were a bit high,2021-01-15
10761,3313,23,4,Loved the indoor plant variety,2023-12-25
10762,11719,10,3,Average product selection,2023-12-27
10763,3560,11,4,Great selection and clean store,2025-12-18
10764,11873,7,2,Long wait and limited stock,2025-05-09
10765,8258,17,4,Helpful staff and healthy plants,2025-12-27
10766,2606,9,4,Great selection and clean store,2023-10-22
10767,310,13,5,Helpful staff and healthy plants,2024-03-10
10768,4027,25,4,Helpful staff and healthy plants,2021-12-05
10769,5933,6,4,Helpful staff and healthy plants,2022-06-07
10770,7070,24,3,Average product selection,2025-02-07
10771,13909,9,5,Fast checkout and friendly advice,2023-03-19
10772,8042,1,4,Good prices during promotion,2021-12-03
10773,4241,19,5,Great selection and clean store,2021-11-24
10774,979,5,5,Fast checkout and friendly advice,2024-01-13
10775,3653,10,5,Helpful staff and healthy plants,2022-05-26
10776,1438,4,3,Prices were a bit high,2022-03-28
10777,13862,11,4,Fast checkout and friendly advice,2025-08-18
10778,14760,17,4,Good prices during promotion,2021-03-04
10779,5302,1,4,Loved the indoor plant variety,2023-05-24
10780,11158,14,4,Helpful staff and healthy plants,2024-08-28
10781,12483,7,3,Average product selection,2022-05-15
10782,4900,4,5,Helpful staff and healthy plants,2021-05-05
10783,12786,2,3,Some items were out of stock,2023-05-05
10784,1630,8,3,Prices were a bit high,2024-02-02
10785,2955,5,4,Fast checkout and friendly advice,2025-04-17
10786,5077,17,4,Good prices during promotion,2025-09-06
10787,10728,13,3,Prices were a bit high,2021-05-01
10788,5864,3,4,Helpful staff and healthy plants,2025-08-05
10789,12256,12,5,Helpful staff and healthy plants,2024-04-18
10790,12803,17,5,Good prices during promotion,2025-06-14
10791,5721,21,4,Loved the indoor plant variety,2024-07-04
10792,6963,15,3,Decent experience overall,2023-03-05
10793,5124,9,4,Great selection and clean store,2024-02-04
10794,7086,12,3,Prices were a bit high,2023-11-16
10795,11969,24,3,Store was busy but okay,2023-10-15
10796,12827,23,3,Decent experience overall,2024-05-09
10797,12789,10,4,Loved the indoor plant variety,2023-05-21
10798,13616,12,5,Good prices during promotion,2022-09-10
10799,14608,24,4,Great selection and clean store,2024-03-11
10800,5700,15,5,Helpful staff and healthy plants,2024-03-13
10801,7552,25,3,Store was busy but okay,2022-09-22
10802,9023,22,4,Helpful staff and healthy plants,2025-07-17
10803,1164,3,4,Loved the indoor plant variety,2021-08-11
10804,4714,2,4,Good prices during promotion,2023-06-04
10805,3400,10,5,Helpful staff and healthy plants,2025-09-12
10806,3141,21,4,Helpful staff and healthy plants,2021-09-24
10807,3025,1,3,Store was busy but okay,2022-12-02
10808,14690,8,4,Fast checkout and friendly advice,2023-07-26
10809,11442,15,5,Good prices during promotion,2025-11-07
10810,8789,10,4,Great selection and clean store,2021-12-02
10811,2093,23,4,Helpful staff and healthy plants,2024-12-06
10812,3195,18,5,Good prices during promotion,2021-11-23
10813,9158,1,3,Store was busy but okay,2025-03-20
10814,170,17,4,Good prices during promotion,2021-03-11
10815,2600,13,4,Great selection and clean store,2023-11-01
10816,5376,2,4,Good prices during promotion,2021-12-14
10817,12102,3,3,Prices were a bit high,2021-05-02
10818,7578,15,4,Great selection and clean store,2024-06-28
10819,24,1,4,Good prices during promotion,2024-05-21
10820,1169,14,2,Long wait and limited stock,2021-11-18
10821,6285,2,3,Some items were out of stock,2023-08-13
10822,4038,17,4,Great selection and clean store,2021-03-25
10823,13211,5,4,Loved the indoor plant variety,2022-12-26
10824,11396,6,3,Prices were a bit high,2022-03-15
10825,106,15,5,Great selection and clean store,2022-10-05
10826,3098,24,3,Prices were a bit high,2025-12-21
10827,13376,23,4,Good prices during promotion,2023-03-06
10828,79,4,4,Good prices during promotion,2025-04-24
10829,13613,10,4,Good prices during promotion,2021-07-22
10830,12243,9,3,Some items were out of stock,2023-11-11
10831,5425,9,4,Great selection and clean store,2025-04-03
10832,679,10,3,Store was busy but okay,2025-05-27
10833,13008,4,3,Average product selection,2025-10-05
10834,4961,23,5,Great selection and clean store,2025-06-11
10835,6085,6,5,Great selection and clean store,2025-06-04
10836,6852,14,2,Plant quality was disappointing,2024-06-18
10837,5922,17,3,Some items were out of stock,2024-08-10
10838,1218,1,3,Some items were out of stock,2022-01-05
10839,1430,10,4,Loved the indoor plant variety,2025-04-10
10840,9869,1,4,Fast checkout and friendly advice,2025-08-02
10841,7617,18,4,Good prices during promotion,2025-06-18
10842,4988,20,4,Helpful staff and healthy plants,2024-05-14
10843,3052,5,3,Decent experience overall,2021-04-08
10844,1937,11,4,Helpful staff and healthy plants,2023-06-28
10845,11684,1,4,Fast checkout and friendly advice,2023-04-24
10846,2237,19,3,Decent experience overall,2023-08-20
10847,14969,19,4,Loved the indoor plant variety,2022-06-08
10848,9879,5,3,Decent experience overall,2023-12-16
10849,4865,15,4,Loved the indoor plant variety,2024-06-17
10850,11811,20,4,Loved the indoor plant variety,2024-04-12
10851,4890,25,4,Loved the indoor plant variety,2024-03-23
10852,8865,1,2,Competitor had better price,2024-03-22
10853,5964,12,5,Helpful staff and healthy plants,2021-06-09
10854,12005,16,3,Decent experience overall,2024-12-14
10855,6379,14,4,Great selection and clean store,2021-11-09
10856,13366,24,4,Fast checkout and friendly advice,2023-12-26
10857,7191,3,4,Loved the indoor plant variety,2023-09-10
10858,993,24,5,Great selection and clean store,2024-12-09
10859,6576,12,5,Helpful staff and healthy plants,2022-07-02
10860,8948,1,4,Loved the indoor plant variety,2023-05-06
10861,4753,9,4,Helpful staff and healthy plants,2023-05-05
10862,4414,25,4,Fast checkout and friendly advice,2021-08-09
10863,12111,7,5,Loved the indoor plant variety,2025-02-26
10864,12486,25,5,Great selection and clean store,2024-05-01
10865,10826,20,4,Helpful staff and healthy plants,2023-03-11
10866,13681,23,4,Helpful staff and healthy plants,2021-03-22
10867,9627,11,3,Decent experience overall,2021-08-11
10868,7641,16,3,Prices were a bit high,2025-03-23
10869,10520,19,4,Good prices during promotion,2025-03-13
10870,2884,20,4,Good prices during promotion,2023-02-16
10871,3790,14,5,Fast checkout and friendly advice,2021-05-01
10872,8650,12,3,Decent experience overall,2021-05-23
10873,13375,5,4,Loved the indoor plant variety,2024-01-23
10874,3510,12,4,Helpful staff and healthy plants,2023-10-09
10875,1051,9,3,Prices were a bit high,2021-05-23
10876,9300,16,2,Could not find what I needed,2025-09-27
10877,5095,1,4,Great selection and clean store,2022-11-07
10878,9699,19,4,Great selection and clean store,2024-03-12
10879,12961,3,4,Loved the indoor plant variety,2024-12-17
10880,10960,11,4,Loved the indoor plant variety,2024-08-04
10881,3414,23,4,Fast checkout and friendly advice,2022-04-07
10882,4534,4,5,Fast checkout and friendly advice,2024-10-25
10883,4294,11,5,Good prices during promotion,2025-03-19
10884,2994,16,4,Great selection and clean store,2025-12-22
10885,12417,19,5,Great selection and clean store,2023-03-25
10886,5708,15,3,Average product selection,2021-04-12
10887,5398,4,3,Some items were out of stock,2021-12-02
10888,5598,4,4,Loved the indoor plant variety,2024-05-22
10889,11345,6,3,Decent experience overall,2025-10-02
10890,10079,22,3,Prices were a bit high,2024-12-28
10891,11291,18,5,Helpful staff and healthy plants,2024-06-08
10892,10553,13,4,Great selection and clean store,2024-03-20
10893,12725,18,3,Prices were a bit high,2023-09-03
10894,7486,16,3,Decent experience overall,2025-12-19
10895,13840,9,5,Helpful staff and healthy plants,2023-06-19
10896,4125,21,2,Plant quality was disappointing,2023-04-14
10897,11073,16,3,Store was busy but okay,2023-04-27
10898,4303,10,5,Helpful staff and healthy plants,2021-05-17
10899,11024,21,5,Good prices during promotion,2024-08-21
10900,4830,21,4,Great selection and clean store,2022-06-08
10901,9782,19,3,Some items were out of stock,2025-07-28
10902,1948,2,5,Loved the indoor plant variety,2021-12-22
10903,8763,18,4,Loved the indoor plant variety,2024-12-01
10904,4324,20,4,Great selection and clean store,2023-04-16
10905,8051,9,4,Fast checkout and friendly advice,2023-04-21
10906,12441,7,4,Fast checkout and friendly advice,2022-12-27
10907,588,13,3,Some items were out of stock,2022-06-16
10908,13366,19,5,Helpful staff and healthy plants,2022-01-02
10909,12671,7,4,Loved the indoor plant variety,2025-12-15
10910,4554,7,5,Great selection and clean store,2021-04-21
10911,696,16,3,Prices were a bit high,2024-08-14
10912,13377,24,4,Loved the indoor plant variety,2021-06-08
10913,6101,19,4,Great selection and clean store,2025-05-02
10914,3979,24,2,Long wait and limited stock,2025-12-05
10915,4615,23,4,Good prices during promotion,2022-07-15
10916,10093,15,2,Discount was confusing,2024-07-06
10917,10888,4,4,Helpful staff and healthy plants,2025-06-07
10918,12004,20,4,Good prices during promotion,2022-11-22
10919,3812,22,4,Loved the indoor plant variety,2024-04-24
10920,13533,12,4,Good prices during promotion,2021-05-18
10921,8899,25,3,Average product selection,2022-10-23
10922,2811,25,4,Loved the indoor plant variety,2024-11-07
10923,7607,17,2,Competitor had better price,2022-03-18
10924,7408,2,4,Loved the indoor plant variety,2025-06-20
10925,7380,4,4,Fast checkout and friendly advice,2021-10-10
10926,4056,25,3,Average product selection,2023-08-08
10927,2066,11,3,Store was busy but okay,2021-12-09
10928,8162,6,5,Great selection and clean store,2022-11-16
10929,13387,8,3,Store was busy but okay,2023-05-16
10930,11927,3,3,Store was busy but okay,2024-09-02
10931,12101,3,4,Good prices during promotion,2024-10-17
10932,458,19,4,Good prices during promotion,2024-09-17
10933,14343,3,3,Average product selection,2022-10-02
10934,4137,22,5,Helpful staff and healthy plants,2023-03-02
10935,3263,25,4,Good prices during promotion,2024-08-25
10936,12264,12,4,Loved the indoor plant variety,2022-11-09
10937,7687,16,3,Decent experience overall,2021-05-20
10938,1619,13,3,Store was busy but okay,2024-12-23
10939,4775,18,4,Good prices during promotion,2023-12-23
10940,8678,7,5,Loved the indoor plant variety,2022-06-04
10941,4409,9,4,Loved the indoor plant variety,2021-04-22
10942,9978,19,4,Good prices during promotion,2021-07-09
10943,13326,25,4,Fast checkout and friendly advice,2025-10-01
10944,11405,2,4,Loved the indoor plant variety,2024-10-21
10945,6388,15,5,Helpful staff and healthy plants,2021-03-01
10946,3546,20,4,Great selection and clean store,2022-10-16
10947,6785,5,4,Fast checkout and friendly advice,2022-10-08
10948,13151,4,3,Decent experience overall,2021-10-10
10949,772,14,4,Loved the indoor plant variety,2024-02-27
10950,1244,16,4,Loved the indoor plant variety,2025-10-24
10951,810,1,4,Loved the indoor plant variety,2023-09-15
10952,8335,16,4,Helpful staff and healthy plants,2025-01-01
10953,14479,6,3,Prices were a bit high,2021-11-27
10954,7328,11,2,Plant quality was disappointing,2023-05-09
10955,10318,7,4,Helpful staff and healthy plants,2021-06-01
10956,5023,2,3,Some items were out of stock,2025-08-05
10957,5450,15,4,Good prices during promotion,2022-08-02
10958,10116,2,3,Some items were out of stock,2022-05-17
10959,10437,14,5,Good prices during promotion,2025-10-23
10960,7370,14,4,Loved the indoor plant variety,2024-02-18
10961,2252,21,4,Helpful staff and healthy plants,2021-12-14
10962,1018,12,4,Fast checkout and friendly advice,2023-05-22
10963,10814,14,3,Prices were a bit high,2022-12-24
10964,1113,13,4,Helpful staff and healthy plants,2022-03-15
10965,9165,11,4,Fast checkout and friendly advice,2024-04-17
10966,12382,23,4,Helpful staff and healthy plants,2021-07-06
10967,922,14,3,Prices were a bit high,2025-03-08
10968,5431,19,3,Decent experience overall,2024-05-11
10969,311,12,3,Prices were a bit high,2023-05-19
10970,13671,24,4,Great selection and clean store,2024-10-19
10971,1295,22,3,Some items were out of stock,2024-08-19
10972,12510,23,4,Good prices during promotion,2021-12-26
10973,1830,16,4,Good prices during promotion,2025-01-18
10974,5557,7,4,Loved the indoor plant variety,2021-12-19
10975,10608,24,5,Great selection and clean store,2022-10-14
10976,7097,2,4,Loved the indoor plant variety,2021-06-27
10977,2303,25,3,Decent experience overall,2023-05-18
10978,13635,9,5,Good prices during promotion,2021-04-23
10979,11853,8,3,Average product selection,2022-11-09
10980,1479,6,4,Fast checkout and friendly advice,2022-03-23
10981,3596,20,4,Loved the indoor plant variety,2025-12-21
10982,12037,25,2,Could not find what I needed,2025-07-11
10983,14851,16,3,Store was busy but okay,2021-12-15
10984,1429,10,5,Helpful staff and healthy plants,2023-04-25
10985,10855,5,4,Fast checkout and friendly advice,2023-02-17
10986,3515,2,3,Average product selection,2024-03-19
10987,8673,16,5,Loved the indoor plant variety,2023-09-16
10988,1886,17,4,Helpful staff and healthy plants,2021-05-14
10989,6147,4,4,Helpful staff and healthy plants,2022-01-27
10990,14062,16,4,Loved the indoor plant variety,2025-11-02
10991,2927,17,5,Loved the indoor plant variety,2022-04-12
10992,4910,21,4,Great selection and clean store,2022-11-10
10993,7204,17,2,Competitor had better price,2021-01-09
10994,3589,18,5,Great selection and clean store,2021-05-22
10995,14443,17,4,Great selection and clean store,2023-10-10
10996,3373,17,3,Prices were a bit high,2021-12-11
10997,8975,3,4,Helpful staff and healthy plants,2023-05-07
10998,5340,15,3,Decent experience overall,2024-04-15
10999,9314,5,5,Helpful staff and healthy plants,2025-06-06
11000,1907,19,5,Great selection and clean store,2025-03-13
11001,13,12,3,Prices were a bit high,2024-08-23
11002,4755,24,3,Decent experience overall,2021-05-11
11003,6869,10,5,Loved the indoor plant variety,2024-04-06
11004,2984,17,3,Some items were out of stock,2021-12-03
11005,3624,1,4,Great selection and clean store,2025-05-12
11006,14868,9,5,Helpful staff and healthy plants,2021-08-13
11007,8887,3,5,Loved the indoor plant variety,2023-07-25
11008,3090,19,4,Fast checkout and friendly advice,2025-05-07
11009,3343,21,4,Loved the indoor plant variety,2024-03-28
11010,14138,21,3,Some items were out of stock,2021-06-15
11011,4025,21,4,Helpful staff and healthy plants,2021-04-14
11012,14888,13,4,Fast checkout and friendly advice,2022-06-16
11013,10922,11,4,Helpful staff and healthy plants,2025-03-03
11014,2557,21,2,Plant quality was disappointing,2021-05-20
11015,12388,14,3,Average product selection,2024-10-28
11016,10312,3,4,Loved the indoor plant variety,2021-05-01
11017,3080,24,4,Good prices during promotion,2023-02-25
11018,6287,20,2,Plant quality was disappointing,2025-08-15
11019,406,24,4,Helpful staff and healthy plants,2025-01-04
11020,6412,12,3,Some items were out of stock,2024-10-27
11021,3872,4,4,Helpful staff and healthy plants,2025-07-24
11022,3696,1,3,Prices were a bit high,2023-06-22
11023,6737,2,2,Long wait and limited stock,2025-09-18
11024,8465,15,3,Some items were out of stock,2022-05-22
11025,11169,12,4,Fast checkout and friendly advice,2021-06-20
11026,11962,9,4,Good prices during promotion,2021-12-08
11027,7143,10,4,Fast checkout and friendly advice,2023-10-09
11028,2489,20,4,Great selection and clean store,2025-04-02
11029,12152,7,4,Loved the indoor plant variety,2021-02-10
11030,13596,7,3,Store was busy but okay,2022-03-20
11031,1011,13,4,Loved the indoor plant variety,2022-06-08
11032,8410,17,3,Prices were a bit high,2022-04-16
11033,9339,9,4,Fast checkout and friendly advice,2025-05-08
11034,4978,21,3,Some items were out of stock,2024-10-25
11035,2924,18,4,Fast checkout and friendly advice,2024-11-06
11036,9609,2,4,Good prices during promotion,2025-06-23
11037,12071,17,4,Good prices during promotion,2023-05-12
11038,3857,13,3,Some items were out of stock,2024-06-23
11039,4854,16,3,Some items were out of stock,2023-11-02
11040,1217,8,4,Fast checkout and friendly advice,2023-05-07
11041,4580,11,4,Loved the indoor plant variety,2021-10-07
11042,2250,23,3,Some items were out of stock,2025-12-20
11043,5441,9,4,Good prices during promotion,2021-12-23
11044,14499,13,4,Fast checkout and friendly advice,2025-12-04
11045,6543,1,4,Helpful staff and healthy plants,2024-06-15
11046,2230,12,2,Discount was confusing,2024-04-04
11047,5851,4,5,Good prices during promotion,2025-06-01
11048,4840,11,3,Store was busy but okay,2025-05-27
11049,4909,19,4,Great selection and clean store,2023-10-22
11050,11514,13,3,Some items were out of stock,2023-11-03
11051,9080,17,2,Plant quality was disappointing,2021-11-02
11052,878,8,3,Decent experience overall,2021-05-27
11053,11316,11,4,Great selection and clean store,2023-03-01
11054,13241,5,3,Prices were a bit high,2021-09-24
11055,5623,9,3,Store was busy but okay,2021-06-22
11056,2366,25,3,Prices were a bit high,2023-04-13
11057,13681,9,4,Great selection and clean store,2022-06-19
11058,4883,15,4,Good prices during promotion,2021-03-19
11059,13469,12,4,Loved the indoor plant variety,2025-09-28
11060,3127,18,3,Decent experience overall,2025-03-18
11061,14655,4,4,Fast checkout and friendly advice,2025-03-18
11062,9025,9,2,Long wait and limited stock,2022-12-17
11063,6782,20,3,Prices were a bit high,2021-04-01
11064,437,13,2,Competitor had better price,2023-05-02
11065,11095,11,5,Great selection and clean store,2023-10-17
11066,8609,3,4,Fast checkout and friendly advice,2024-07-20
11067,4554,16,3,Store was busy but okay,2022-04-08
11068,6178,12,4,Fast checkout and friendly advice,2023-08-11
11069,2578,23,5,Good prices during promotion,2021-03-25
11070,3722,4,4,Helpful staff and healthy plants,2021-04-17
11071,7631,22,3,Some items were out of stock,2022-09-23
11072,13566,14,3,Average product selection,2022-11-17
11073,6946,15,3,Store was busy but okay,2022-06-06
11074,1003,16,4,Loved the indoor plant variety,2023-09-09
11075,6298,12,3,Decent experience overall,2025-05-13
11076,6228,5,4,Helpful staff and healthy plants,2024-04-21
11077,1287,21,4,Helpful staff and healthy plants,2023-06-25
11078,8846,8,4,Loved the indoor plant variety,2023-05-27
11079,7825,6,4,Good prices during promotion,2021-12-19
11080,5279,19,4,Loved the indoor plant variety,2025-02-12
11081,8004,5,3,Some items were out of stock,2022-06-15
11082,7123,13,4,Helpful staff and healthy plants,2022-03-26
11083,8371,16,5,Good prices during promotion,2021-12-15
11084,1143,14,5,Loved the indoor plant variety,2024-05-07
11085,2854,2,4,Fast checkout and friendly advice,2022-06-08
11086,2241,5,5,Helpful staff and healthy plants,2024-10-17
11087,4653,23,4,Loved the indoor plant variety,2023-04-06
11088,3533,2,3,Prices were a bit high,2025-05-11
11089,9771,21,4,Great selection and clean store,2023-12-27
11090,3024,25,3,Prices were a bit high,2022-07-03
11091,5554,24,4,Great selection and clean store,2024-09-01
11092,2210,10,3,Average product selection,2022-08-27
11093,14564,14,2,Competitor had better price,2021-05-12
11094,12564,12,2,Competitor had better price,2021-10-07
11095,999,16,5,Loved the indoor plant variety,2021-12-18
11096,3838,25,3,Store was busy but okay,2023-11-18
11097,11377,7,5,Helpful staff and healthy plants,2023-01-23
11098,10439,17,4,Fast checkout and friendly advice,2024-11-28
11099,1760,8,4,Good prices during promotion,2021-10-24
11100,5457,8,2,Could not find what I needed,2025-12-01
11101,10081,18,3,Average product selection,2024-06-28
11102,8272,1,3,Some items were out of stock,2024-11-22
11103,3445,24,5,Great selection and clean store,2024-11-28
11104,111,21,3,Decent experience overall,2025-11-02
11105,6077,23,5,Great selection and clean store,2023-03-19
11106,9763,23,2,Competitor had better price,2025-04-10
11107,3257,23,4,Helpful staff and healthy plants,2023-05-22
11108,9733,17,4,Helpful staff and healthy plants,2023-07-04
11109,11043,13,4,Fast checkout and friendly advice,2022-01-08
11110,2948,8,3,Prices were a bit high,2025-12-14
11111,2646,11,3,Store was busy but okay,2023-07-25
11112,11654,2,3,Prices were a bit high,2022-04-22
11113,11050,2,4,Loved the indoor plant variety,2021-03-05
11114,3209,19,5,Great selection and clean store,2024-07-03
11115,9195,21,4,Loved the indoor plant variety,2022-05-01
11116,8907,23,2,Plant quality was disappointing,2021-11-01
11117,8861,17,3,Some items were out of stock,2023-03-10
11118,9568,8,4,Fast checkout and friendly advice,2025-03-13
11119,14156,11,5,Great selection and clean store,2021-10-01
11120,9186,17,4,Fast checkout and friendly advice,2024-02-02
11121,12599,22,3,Average product selection,2021-05-12
11122,1249,16,4,Great selection and clean store,2025-09-06
11123,2146,19,3,Prices were a bit high,2022-07-28
11124,13038,9,2,Plant quality was disappointing,2023-09-02
11125,1093,10,4,Fast checkout and friendly advice,2024-03-15
11126,14776,9,4,Loved the indoor plant variety,2025-10-21
11127,3072,11,4,Good prices during promotion,2022-02-26
11128,1277,21,4,Fast checkout and friendly advice,2023-10-11
11129,12171,12,4,Loved the indoor plant variety,2023-05-07
11130,8250,12,5,Great selection and clean store,2021-03-04
11131,7936,12,3,Decent experience overall,2025-04-07
11132,7520,13,4,Fast checkout and friendly advice,2021-11-02
11133,5974,22,5,Helpful staff and healthy plants,2024-08-11
11134,10857,25,3,Store was busy but okay,2021-01-01
11135,8052,21,4,Fast checkout and friendly advice,2022-11-05
11136,930,23,5,Great selection and clean store,2024-08-01
11137,3413,5,5,Loved the indoor plant variety,2023-04-14
11138,11068,8,4,Great selection and clean store,2021-05-28
11139,9944,19,3,Store was busy but okay,2023-03-21
11140,14792,17,5,Great selection and clean store,2024-06-23
11141,6834,23,3,Decent experience overall,2025-02-01
11142,12489,23,5,Good prices during promotion,2022-08-08
11143,5704,18,4,Fast checkout and friendly advice,2022-11-04
11144,1164,3,4,Fast checkout and friendly advice,2023-11-12
11145,11251,6,3,Decent experience overall,2024-02-27
11146,10137,10,4,Loved the indoor plant variety,2024-03-08
11147,10557,10,4,Fast checkout and friendly advice,2023-08-24
11148,4303,14,4,Fast checkout and friendly advice,2024-05-07
11149,5563,4,5,Good prices during promotion,2024-09-22
11150,4363,20,5,Fast checkout and friendly advice,2021-09-23
11151,3029,5,5,Good prices during promotion,2024-06-13
11152,9547,15,4,Fast checkout and friendly advice,2024-04-18
11153,13308,3,4,Good prices during promotion,2025-02-25
11154,1445,11,5,Helpful staff and healthy plants,2025-07-09
11155,5390,5,3,Some items were out of stock,2024-09-20
11156,4432,9,4,Helpful staff and healthy plants,2024-12-13
11157,2226,2,4,Fast checkout and friendly advice,2025-07-01
11158,8086,11,4,Great selection and clean store,2025-10-03
11159,2695,13,4,Fast checkout and friendly advice,2022-03-15
11160,3037,16,5,Helpful staff and healthy plants,2025-04-04
11161,2191,1,5,Helpful staff and healthy plants,2025-11-07
11162,7234,18,3,Average product selection,2021-07-18
11163,7065,22,3,Store was busy but okay,2025-12-24
11164,10292,2,4,Helpful staff and healthy plants,2021-10-13
11165,4187,17,3,Some items were out of stock,2025-03-27
11166,6554,21,4,Loved the indoor plant variety,2022-04-26
11167,2324,8,4,Good prices during promotion,2025-06-13
11168,13990,22,4,Great selection and clean store,2021-05-03
11169,12343,19,3,Store was busy but okay,2025-05-20
11170,10859,12,5,Good prices during promotion,2025-12-27
11171,578,2,3,Average product selection,2025-04-01
11172,2427,17,4,Great selection and clean store,2022-10-25
11173,6274,20,4,Helpful staff and healthy plants,2021-09-22
11174,8539,16,5,Loved the indoor plant variety,2024-06-17
11175,5103,18,5,Loved the indoor plant variety,2024-08-04
11176,10933,10,4,Great selection and clean store,2022-12-12
11177,5834,3,4,Good prices during promotion,2022-01-28
11178,14423,18,5,Great selection and clean store,2025-04-26
11179,5708,4,3,Store was busy but okay,2021-02-23
11180,3554,23,3,Store was busy but okay,2025-11-28
11181,14155,1,3,Decent experience overall,2024-02-16
11182,9908,4,3,Decent experience overall,2022-07-21
11183,580,9,4,Fast checkout and friendly advice,2025-12-10
11184,1750,2,3,Some items were out of stock,2024-12-27
11185,11014,6,3,Average product selection,2025-07-08
11186,8631,7,4,Helpful staff and healthy plants,2023-04-10
11187,3155,1,5,Good prices during promotion,2021-07-08
11188,9201,10,4,Helpful staff and healthy plants,2024-12-27
11189,11609,2,4,Loved the indoor plant variety,2022-06-13
11190,13939,12,3,Prices were a bit high,2024-06-16
11191,10553,23,4,Good prices during promotion,2023-05-06
11192,6440,25,4,Helpful staff and healthy plants,2021-02-25
11193,4226,11,4,Fast checkout and friendly advice,2025-08-09
11194,2371,13,4,Good prices during promotion,2024-01-25
11195,7389,14,4,Good prices during promotion,2025-04-22
11196,6171,24,4,Helpful staff and healthy plants,2024-06-21
11197,2942,6,3,Decent experience overall,2021-11-04
11198,540,7,4,Good prices during promotion,2023-05-09
11199,12927,3,3,Some items were out of stock,2025-01-05
11200,10863,23,4,Great selection and clean store,2025-06-22
11201,4798,23,4,Loved the indoor plant variety,2025-02-01
11202,1875,10,4,Loved the indoor plant variety,2022-12-14
11203,4805,1,3,Decent experience overall,2023-09-16
11204,9155,14,5,Loved the indoor plant variety,2023-01-20
11205,13551,24,4,Fast checkout and friendly advice,2024-12-15
11206,11982,1,4,Fast checkout and friendly advice,2023-05-15
11207,4416,12,4,Loved the indoor plant variety,2022-10-06
11208,10462,10,5,Fast checkout and friendly advice,2023-11-23
11209,9241,10,4,Helpful staff and healthy plants,2024-03-28
11210,467,12,3,Decent experience overall,2024-05-12
11211,9032,10,4,Fast checkout and friendly advice,2023-02-24
11212,10066,10,4,Fast checkout and friendly advice,2025-12-18
11213,2652,18,3,Prices were a bit high,2023-03-17
11214,4054,6,3,Decent experience overall,2024-02-02
11215,8388,25,4,Great selection and clean store,2022-11-20
11216,10993,4,4,Good prices during promotion,2025-12-24
11217,1472,19,3,Some items were out of stock,2021-05-19
11218,6747,18,4,Helpful staff and healthy plants,2025-11-20
11219,4331,1,3,Store was busy but okay,2024-07-06
11220,3224,14,4,Helpful staff and healthy plants,2022-11-11
11221,9631,16,4,Fast checkout and friendly advice,2025-03-16
11222,13962,4,5,Good prices during promotion,2025-02-03
11223,11778,19,4,Loved the indoor plant variety,2021-12-20
11224,1595,4,4,Helpful staff and healthy plants,2021-11-11
11225,6247,1,4,Good prices during promotion,2023-04-27
11226,9158,18,3,Average product selection,2025-07-07
11227,7713,6,4,Fast checkout and friendly advice,2023-08-16
11228,12177,12,2,Could not find what I needed,2022-07-12
11229,14867,15,5,Fast checkout and friendly advice,2025-07-28
11230,3808,6,4,Fast checkout and friendly advice,2025-11-11
11231,11521,21,4,Great selection and clean store,2022-09-25
11232,604,18,4,Good prices during promotion,2025-06-11
11233,5327,23,5,Fast checkout and friendly advice,2025-10-12
11234,991,17,4,Great selection and clean store,2024-01-04
11235,9139,13,4,Loved the indoor plant variety,2022-05-17
11236,138,18,4,Good prices during promotion,2025-02-07
11237,2228,13,2,Discount was confusing,2021-07-06
11238,5421,25,3,Prices were a bit high,2021-04-10
11239,8707,20,2,Could not find what I needed,2022-11-24
11240,1969,9,3,Some items were out of stock,2021-03-18
11241,5092,15,4,Loved the indoor plant variety,2024-11-26
11242,4914,4,4,Good prices during promotion,2022-02-28
11243,13485,7,4,Great selection and clean store,2025-09-17
11244,8934,11,5,Fast checkout and friendly advice,2024-10-25
11245,10118,12,4,Helpful staff and healthy plants,2023-12-08
11246,8876,17,4,Fast checkout and friendly advice,2021-01-18
11247,6461,10,4,Loved the indoor plant variety,2025-04-11
11248,2476,23,5,Good prices during promotion,2022-06-08
11249,6358,2,4,Fast checkout and friendly advice,2025-11-21
11250,5518,15,4,Great selection and clean store,2022-05-21
11251,12703,7,5,Good prices during promotion,2022-12-07
11252,6603,6,5,Good prices during promotion,2022-10-08
11253,8730,15,4,Fast checkout and friendly advice,2022-12-21
11254,8274,16,5,Helpful staff and healthy plants,2022-12-01
11255,9662,15,5,Loved the indoor plant variety,2021-04-22
11256,8464,4,4,Good prices during promotion,2021-03-20
11257,408,3,4,Good prices during promotion,2024-06-28
11258,14703,5,2,Plant quality was disappointing,2024-07-24
11259,6025,9,3,Some items were out of stock,2025-03-22
11260,11000,14,5,Fast checkout and friendly advice,2022-08-28
11261,4522,10,3,Prices were a bit high,2021-01-14
11262,4384,16,5,Good prices during promotion,2023-02-19
11263,7494,4,5,Fast checkout and friendly advice,2022-03-19
11264,14342,18,3,Average product selection,2021-01-28
11265,6728,25,4,Helpful staff and healthy plants,2022-06-07
11266,3557,22,4,Helpful staff and healthy plants,2023-03-06
11267,6241,6,4,Helpful staff and healthy plants,2024-12-17
11268,5906,15,3,Store was busy but okay,2022-04-15
11269,4481,23,4,Loved the indoor plant variety,2021-12-15
11270,857,11,3,Decent experience overall,2024-04-15
11271,14698,15,3,Decent experience overall,2024-11-16
11272,5789,19,3,Prices were a bit high,2023-12-05
11273,5534,6,4,Great selection and clean store,2021-11-23
11274,8743,17,4,Fast checkout and friendly advice,2024-02-28
11275,5289,3,4,Helpful staff and healthy plants,2024-11-09
11276,7640,18,4,Good prices during promotion,2025-03-15
11277,7751,12,4,Good prices during promotion,2024-04-18
11278,2762,16,4,Good prices during promotion,2023-06-11
11279,7273,11,4,Good prices during promotion,2021-06-07
11280,10439,4,5,Good prices during promotion,2023-05-12
11281,3274,12,3,Prices were a bit high,2021-08-24
11282,11737,13,4,Great selection and clean store,2022-03-25
11283,875,23,3,Store was busy but okay,2022-11-01
11284,5472,8,4,Good prices during promotion,2024-06-07
11285,6601,25,4,Loved the indoor plant variety,2021-04-04
11286,7846,9,4,Great selection and clean store,2025-09-11
11287,12261,10,5,Fast checkout and friendly advice,2022-12-10
11288,7026,22,5,Good prices during promotion,2022-03-05
11289,12384,11,4,Fast checkout and friendly advice,2022-07-10
11290,6126,4,5,Fast checkout and friendly advice,2023-02-11
11291,11076,11,3,Prices were a bit high,2022-04-05
11292,13630,23,5,Fast checkout and friendly advice,2022-03-04
11293,1853,9,4,Fast checkout and friendly advice,2023-08-11
11294,6709,10,5,Fast checkout and friendly advice,2023-12-25
11295,5114,24,4,Good prices during promotion,2023-04-19
11296,8404,21,4,Fast checkout and friendly advice,2024-03-28
11297,13724,17,3,Average product selection,2024-02-08
11298,1446,10,4,Loved the indoor plant variety,2022-05-10
11299,13927,24,4,Great selection and clean store,2021-10-08
11300,35,6,4,Loved the indoor plant variety,2022-12-26
11301,14873,2,5,Loved the indoor plant variety,2024-09-03
11302,2015,22,3,Average product selection,2025-08-05
11303,10778,10,3,Decent experience overall,2024-09-04
11304,748,7,3,Average product selection,2024-04-08
11305,12748,8,4,Fast checkout and friendly advice,2023-02-24
11306,5660,3,4,Great selection and clean store,2023-05-23
11307,10386,8,5,Good prices during promotion,2021-06-27
11308,7302,3,5,Good prices during promotion,2025-08-09
11309,3455,20,4,Helpful staff and healthy plants,2022-06-14
11310,5693,20,4,Helpful staff and healthy plants,2024-08-10
11311,3383,23,4,Loved the indoor plant variety,2023-11-26
11312,3239,25,4,Fast checkout and friendly advice,2024-12-19
11313,9397,20,4,Great selection and clean store,2023-11-09
11314,14212,15,5,Great selection and clean store,2023-12-13
11315,14280,4,3,Some items were out of stock,2025-02-15
11316,12031,3,4,Helpful staff and healthy plants,2025-03-21
11317,375,3,4,Helpful staff and healthy plants,2021-02-17
11318,6196,10,3,Some items were out of stock,2023-03-24
11319,2257,22,4,Great selection and clean store,2021-04-18
11320,6144,7,3,Decent experience overall,2021-03-24
11321,11066,13,3,Average product selection,2025-03-18
11322,3640,6,5,Great selection and clean store,2024-01-01
11323,4231,12,4,Good prices during promotion,2022-12-01
11324,11552,11,2,Could not find what I needed,2023-06-10
11325,1522,16,4,Fast checkout and friendly advice,2025-10-28
11326,5918,22,5,Helpful staff and healthy plants,2022-11-28
11327,6409,13,3,Average product selection,2021-10-28
11328,9591,15,5,Helpful staff and healthy plants,2021-03-16
11329,9830,2,4,Loved the indoor plant variety,2023-04-24
11330,13854,2,4,Fast checkout and friendly advice,2023-10-14
11331,4393,22,3,Store was busy but okay,2023-12-02
11332,12604,7,4,Helpful staff and healthy plants,2024-01-01
11333,1837,15,4,Helpful staff and healthy plants,2025-06-24
11334,11494,11,4,Helpful staff and healthy plants,2022-11-09
11335,8442,4,5,Helpful staff and healthy plants,2021-05-02
11336,7264,7,4,Good prices during promotion,2025-04-20
11337,10531,22,4,Loved the indoor plant variety,2025-10-08
11338,6596,13,3,Store was busy but okay,2022-02-05
11339,6282,23,4,Great selection and clean store,2025-09-09
11340,13112,8,5,Loved the indoor plant variety,2021-12-19
11341,386,4,5,Loved the indoor plant variety,2023-04-07
11342,12901,10,4,Helpful staff and healthy plants,2025-05-17
11343,11429,21,5,Fast checkout and friendly advice,2025-11-23
11344,3496,19,3,Decent experience overall,2025-06-27
11345,12739,14,4,Loved the indoor plant variety,2023-05-14
11346,1430,4,5,Fast checkout and friendly advice,2022-05-25
11347,2943,17,4,Helpful staff and healthy plants,2022-03-08
11348,13776,13,3,Prices were a bit high,2021-07-09
11349,13483,9,3,Prices were a bit high,2025-05-23
11350,6540,3,4,Good prices during promotion,2021-11-09
11351,13245,19,4,Loved the indoor plant variety,2025-04-24
11352,14350,15,4,Good prices during promotion,2024-09-21
11353,1619,22,3,Some items were out of stock,2022-02-04
11354,10154,25,3,Prices were a bit high,2022-03-03
11355,5038,22,5,Good prices during promotion,2023-10-17
11356,5283,11,5,Loved the indoor plant variety,2021-06-17
11357,9051,17,2,Competitor had better price,2025-12-05
11358,2133,1,3,Decent experience overall,2022-09-21
11359,5670,8,3,Average product selection,2021-11-08
11360,13555,2,4,Great selection and clean store,2024-05-09
11361,2304,12,5,Good prices during promotion,2025-04-19
11362,8481,14,5,Helpful staff and healthy plants,2023-09-02
11363,3182,24,3,Store was busy but okay,2025-01-10
11364,5036,9,4,Loved the indoor plant variety,2025-05-09
11365,5260,16,4,Helpful staff and healthy plants,2021-06-05
11366,5790,23,4,Good prices during promotion,2022-04-02
11367,4778,17,4,Great selection and clean store,2022-12-25
11368,8053,15,4,Loved the indoor plant variety,2024-11-15
11369,4863,12,4,Great selection and clean store,2021-11-05
11370,12575,17,4,Good prices during promotion,2021-07-27
11371,11406,1,4,Helpful staff and healthy plants,2022-02-03
11372,4676,16,3,Decent experience overall,2023-09-25
11373,3607,5,4,Loved the indoor plant variety,2023-05-22
11374,6409,19,5,Loved the indoor plant variety,2021-06-08
11375,5665,11,4,Great selection and clean store,2025-05-04
11376,11594,25,3,Average product selection,2024-03-07
11377,5728,5,4,Helpful staff and healthy plants,2023-11-10
11378,11771,15,4,Loved the indoor plant variety,2023-04-04
11379,7359,11,4,Good prices during promotion,2021-08-24
11380,3341,2,3,Store was busy but okay,2022-01-01
11381,2719,16,4,Fast checkout and friendly advice,2025-12-14
11382,7494,6,4,Fast checkout and friendly advice,2022-08-07
11383,5716,13,5,Fast checkout and friendly advice,2024-09-11
11384,1029,11,4,Loved the indoor plant variety,2024-04-24
11385,9415,6,4,Helpful staff and healthy plants,2023-07-17
11386,14688,23,3,Prices were a bit high,2023-09-02
11387,8189,2,4,Helpful staff and healthy plants,2022-09-23
11388,1294,16,5,Loved the indoor plant variety,2024-08-22
11389,6649,4,4,Loved the indoor plant variety,2025-10-16
11390,2296,1,3,Store was busy but okay,2024-03-11
11391,3020,6,3,Prices were a bit high,2022-04-01
11392,3555,22,4,Good prices during promotion,2024-03-01
11393,9564,16,4,Loved the indoor plant variety,2023-03-14
11394,3347,7,5,Fast checkout and friendly advice,2021-04-24
11395,2951,7,5,Good prices during promotion,2021-04-19
11396,13472,21,4,Great selection and clean store,2022-12-24
11397,5973,2,4,Helpful staff and healthy plants,2024-01-03
11398,12351,21,5,Great selection and clean store,2021-03-10
11399,8885,7,4,Great selection and clean store,2022-05-24
11400,580,19,5,Great selection and clean store,2023-06-12
11401,7964,1,4,Good prices during promotion,2023-06-22
11402,8872,16,4,Fast checkout and friendly advice,2023-06-23
11403,1074,4,4,Great selection and clean store,2022-11-15
11404,9473,12,3,Some items were out of stock,2023-02-04
11405,6932,17,4,Helpful staff and healthy plants,2021-04-15
11406,1444,25,5,Helpful staff and healthy plants,2021-10-28
11407,1005,22,4,Helpful staff and healthy plants,2021-06-28
11408,14615,12,3,Decent experience overall,2023-11-07
11409,14959,6,5,Good prices during promotion,2021-04-08
11410,3722,15,2,Plant quality was disappointing,2025-11-09
11411,12637,1,2,Discount was confusing,2022-05-25
11412,6620,23,5,Great selection and clean store,2022-11-20
11413,11249,5,5,Loved the indoor plant variety,2024-01-11
11414,8790,6,3,Some items were out of stock,2021-04-08
11415,10502,1,3,Some items were out of stock,2021-07-26
11416,11935,4,3,Store was busy but okay,2024-12-06
11417,7622,6,4,Good prices during promotion,2023-03-01
11418,9602,7,5,Fast checkout and friendly advice,2025-11-20
11419,183,3,2,Competitor had better price,2025-04-02
11420,8303,16,3,Store was busy but okay,2025-01-14
11421,10581,13,4,Great selection and clean store,2025-06-12
11422,12957,5,4,Loved the indoor plant variety,2023-08-10
11423,4544,22,4,Great selection and clean store,2025-04-03
11424,1351,12,5,Good prices during promotion,2025-04-25
11425,11515,17,4,Great selection and clean store,2021-12-03
11426,6759,16,5,Good prices during promotion,2024-09-09
11427,13857,10,4,Loved the indoor plant variety,2021-02-08
11428,10761,10,4,Good prices during promotion,2025-02-26
11429,7906,19,4,Helpful staff and healthy plants,2023-10-17
11430,10478,20,2,Could not find what I needed,2022-12-19
11431,6241,6,3,Decent experience overall,2022-01-15
11432,8012,16,4,Loved the indoor plant variety,2022-07-15
11433,1602,15,4,Fast checkout and friendly advice,2024-11-15
11434,4852,1,3,Average product selection,2023-10-19
11435,1786,20,5,Helpful staff and healthy plants,2023-06-01
11436,10112,24,3,Store was busy but okay,2025-05-23
11437,9058,11,4,Great selection and clean store,2023-03-23
11438,3542,3,3,Decent experience overall,2025-07-21
11439,4542,8,4,Fast checkout and friendly advice,2025-11-26
11440,5960,9,4,Fast checkout and friendly advice,2021-09-25
11441,14254,6,3,Decent experience overall,2024-05-25
11442,2638,23,5,Helpful staff and healthy plants,2023-05-26
11443,8162,17,4,Helpful staff and healthy plants,2022-12-12
11444,1974,15,4,Fast checkout and friendly advice,2023-09-14
11445,14643,18,2,Competitor had better price,2021-08-19
11446,3738,8,4,Fast checkout and friendly advice,2025-03-14
11447,9593,4,4,Great selection and clean store,2021-07-06
11448,1902,10,5,Helpful staff and healthy plants,2021-12-22
11449,13582,25,4,Great selection and clean store,2024-11-26
11450,9200,14,4,Good prices during promotion,2024-02-17
11451,3709,5,3,Prices were a bit high,2021-06-11
11452,9194,15,4,Fast checkout and friendly advice,2022-04-01
11453,8332,10,3,Prices were a bit high,2024-10-25
11454,5008,25,4,Helpful staff and healthy plants,2025-10-20
11455,14199,10,4,Helpful staff and healthy plants,2024-07-10
11456,136,15,5,Great selection and clean store,2023-01-26
11457,9748,14,2,Competitor had better price,2021-04-12
11458,8260,15,4,Loved the indoor plant variety,2024-12-24
11459,3590,14,4,Loved the indoor plant variety,2024-04-03
11460,8521,4,4,Loved the indoor plant variety,2023-12-12
11461,8693,4,3,Some items were out of stock,2021-07-20
11462,334,13,4,Helpful staff and healthy plants,2021-09-22
11463,83,17,5,Great selection and clean store,2023-05-14
11464,14609,14,5,Good prices during promotion,2021-03-26
11465,348,12,4,Great selection and clean store,2021-04-02
11466,4207,6,5,Loved the indoor plant variety,2022-09-24
11467,5154,23,4,Fast checkout and friendly advice,2022-12-28
11468,6918,8,3,Decent experience overall,2024-12-18
11469,14325,22,4,Fast checkout and friendly advice,2021-01-21
11470,3969,3,5,Good prices during promotion,2022-12-21
11471,11895,11,5,Loved the indoor plant variety,2025-05-08
11472,9980,2,3,Decent experience overall,2023-05-10
11473,13623,1,3,Decent experience overall,2025-07-01
11474,6048,18,4,Great selection and clean store,2025-05-28
11475,12453,22,5,Good prices during promotion,2023-03-21
11476,13405,14,5,Fast checkout and friendly advice,2024-08-14
11477,5119,9,5,Loved the indoor plant variety,2022-02-16
11478,12973,23,4,Loved the indoor plant variety,2024-05-28
11479,4775,20,4,Loved the indoor plant variety,2022-03-25
11480,6591,12,4,Loved the indoor plant variety,2024-03-01
11481,12522,2,2,Could not find what I needed,2025-03-18
11482,13462,17,3,Decent experience overall,2023-09-11
11483,4918,16,4,Good prices during promotion,2025-04-02
11484,12126,8,4,Helpful staff and healthy plants,2025-11-27
11485,5193,14,4,Fast checkout and friendly advice,2024-07-14
11486,10644,24,5,Good prices during promotion,2021-10-21
11487,9553,13,2,Discount was confusing,2023-11-11
11488,12820,18,3,Some items were out of stock,2021-10-23
11489,14738,14,3,Some items were out of stock,2022-12-13
11490,1981,22,3,Store was busy but okay,2023-06-15
11491,14117,21,4,Helpful staff and healthy plants,2021-05-12
11492,12016,5,3,Store was busy but okay,2024-03-12
11493,3608,18,4,Helpful staff and healthy plants,2021-12-06
11494,4697,19,5,Loved the indoor plant variety,2023-08-24
11495,1384,17,2,Long wait and limited stock,2023-12-24
11496,13589,4,3,Prices were a bit high,2024-12-12
11497,9313,7,4,Helpful staff and healthy plants,2025-12-28
11498,5298,16,5,Great selection and clean store,2023-03-24
11499,12185,24,4,Loved the indoor plant variety,2024-07-27
11500,6739,23,5,Great selection and clean store,2024-04-25
11501,5874,2,4,Fast checkout and friendly advice,2024-08-14
11502,9281,11,4,Helpful staff and healthy plants,2023-03-05
11503,13002,8,4,Loved the indoor plant variety,2024-07-16
11504,12833,22,3,Some items were out of stock,2024-08-24
11505,5280,2,4,Fast checkout and friendly advice,2025-05-01
11506,7133,23,4,Fast checkout and friendly advice,2022-03-04
11507,3994,24,4,Helpful staff and healthy plants,2021-05-24
11508,5704,20,4,Good prices during promotion,2022-11-20
11509,2435,13,5,Fast checkout and friendly advice,2024-10-05
11510,14924,14,5,Great selection and clean store,2023-05-14
11511,9294,24,4,Fast checkout and friendly advice,2021-03-01
11512,389,23,5,Great selection and clean store,2021-10-11
11513,1554,1,4,Great selection and clean store,2021-05-01
11514,10669,19,4,Great selection and clean store,2022-11-02
11515,1648,3,3,Average product selection,2022-02-28
11516,7619,14,5,Loved the indoor plant variety,2024-12-25
11517,11812,7,3,Decent experience overall,2022-10-13
11518,1586,15,4,Loved the indoor plant variety,2025-09-04
11519,11853,11,4,Great selection and clean store,2023-03-28
11520,14763,16,5,Good prices during promotion,2022-04-02
11521,1909,20,5,Great selection and clean store,2024-05-28
11522,3606,2,4,Fast checkout and friendly advice,2024-11-24
11523,1173,9,4,Helpful staff and healthy plants,2024-11-04
11524,7561,5,5,Great selection and clean store,2024-04-17
11525,2687,23,5,Good prices during promotion,2023-05-08
11526,10239,12,4,Great selection and clean store,2023-07-20
11527,723,8,4,Good prices during promotion,2024-05-07
11528,3423,9,4,Great selection and clean store,2022-08-13
11529,7472,12,2,Competitor had better price,2021-12-22
11530,8687,1,3,Prices were a bit high,2024-03-09
11531,7378,9,4,Fast checkout and friendly advice,2024-05-25
11532,13182,16,3,Some items were out of stock,2025-04-24
11533,13673,1,3,Store was busy but okay,2025-08-01
11534,5655,14,5,Great selection and clean store,2024-11-06
11535,10720,10,4,Loved the indoor plant variety,2024-10-26
11536,8639,3,3,Store was busy but okay,2023-08-17
11537,10971,11,4,Loved the indoor plant variety,2022-12-20
11538,3928,7,4,Fast checkout and friendly advice,2023-12-21
11539,8841,8,4,Helpful staff and healthy plants,2025-05-07
11540,10118,1,5,Loved the indoor plant variety,2021-10-25
11541,10866,14,3,Store was busy but okay,2024-07-10
11542,12160,15,5,Great selection and clean store,2021-05-05
11543,4917,4,4,Loved the indoor plant variety,2021-07-18
11544,6781,25,3,Average product selection,2022-07-07
11545,4915,11,4,Helpful staff and healthy plants,2023-06-14
11546,10843,18,4,Good prices during promotion,2025-06-22
11547,9346,22,4,Great selection and clean store,2022-09-10
11548,3918,7,4,Good prices during promotion,2024-10-01
11549,10434,18,3,Some items were out of stock,2025-01-04
11550,4161,9,4,Great selection and clean store,2023-03-06
11551,14188,5,4,Fast checkout and friendly advice,2021-05-19
11552,8434,20,3,Some items were out of stock,2025-06-17
11553,3621,19,5,Fast checkout and friendly advice,2022-04-15
11554,4361,7,4,Good prices during promotion,2021-01-16
11555,13962,15,3,Decent experience overall,2021-04-17
11556,7848,14,3,Average product selection,2025-12-16
11557,6319,21,5,Helpful staff and healthy plants,2024-11-15
11558,12894,17,3,Store was busy but okay,2025-08-09
11559,10840,12,4,Loved the indoor plant variety,2021-05-21
11560,4341,13,5,Good prices during promotion,2021-12-24
11561,3827,19,4,Fast checkout and friendly advice,2023-12-01
11562,8572,15,2,Discount was confusing,2023-11-26
11563,8305,2,3,Decent experience overall,2021-04-12
11564,3017,10,4,Helpful staff and healthy plants,2022-03-06
11565,6289,20,4,Fast checkout and friendly advice,2025-03-05
11566,5058,21,4,Loved the indoor plant variety,2024-04-20
11567,12139,7,4,Helpful staff and healthy plants,2024-07-28
11568,2248,2,3,Decent experience overall,2024-03-12
11569,10746,11,5,Fast checkout and friendly advice,2022-10-22
11570,3307,23,4,Great selection and clean store,2024-12-19
11571,7011,6,4,Fast checkout and friendly advice,2023-08-08
11572,10981,2,5,Helpful staff and healthy plants,2023-11-22
11573,6087,12,3,Decent experience overall,2025-06-10
11574,10728,11,2,Competitor had better price,2024-11-06
11575,10765,5,4,Good prices during promotion,2022-04-03
11576,2375,7,3,Decent experience overall,2023-12-17
11577,6005,5,3,Prices were a bit high,2022-06-19
11578,3007,2,3,Average product selection,2023-03-10
11579,10784,3,4,Loved the indoor plant variety,2024-08-03
11580,6759,15,4,Helpful staff and healthy plants,2022-05-12
11581,10938,3,4,Fast checkout and friendly advice,2021-10-21
11582,1347,6,3,Store was busy but okay,2023-03-25
11583,13119,18,4,Loved the indoor plant variety,2023-07-03
11584,2086,23,2,Plant quality was disappointing,2025-07-18
11585,404,11,3,Average product selection,2023-03-03
11586,13769,3,5,Loved the indoor plant variety,2025-01-12
11587,2136,13,5,Loved the indoor plant variety,2025-06-21
11588,1817,10,5,Loved the indoor plant variety,2021-11-06
11589,4253,25,4,Good prices during promotion,2022-09-13
11590,10981,13,4,Great selection and clean store,2021-06-24
11591,2823,15,4,Good prices during promotion,2022-09-18
11592,14854,7,4,Helpful staff and healthy plants,2023-10-08
11593,8618,21,5,Loved the indoor plant variety,2025-05-10
11594,13415,17,5,Fast checkout and friendly advice,2024-09-01
11595,4218,6,4,Fast checkout and friendly advice,2024-11-25
11596,2685,5,4,Helpful staff and healthy plants,2024-02-18
11597,11133,20,4,Loved the indoor plant variety,2022-03-10
11598,5888,1,4,Fast checkout and friendly advice,2025-09-11
11599,629,3,5,Helpful staff and healthy plants,2021-04-21
11600,10198,14,5,Loved the indoor plant variety,2021-03-28
11601,7622,25,4,Helpful staff and healthy plants,2024-05-11
11602,3960,8,5,Fast checkout and friendly advice,2021-08-22
11603,1022,17,2,Could not find what I needed,2021-04-27
11604,14129,13,4,Helpful staff and healthy plants,2024-08-28
11605,9921,6,4,Good prices during promotion,2023-04-13
11606,11014,21,5,Fast checkout and friendly advice,2022-06-22
11607,5640,11,4,Good prices during promotion,2021-11-14
11608,9850,14,5,Helpful staff and healthy plants,2025-03-22
11609,7155,21,5,Good prices during promotion,2023-09-11
11610,3430,21,4,Fast checkout and friendly advice,2024-11-28
11611,1275,22,4,Fast checkout and friendly advice,2025-08-26
11612,8566,20,3,Prices were a bit high,2022-05-27
11613,10576,9,5,Good prices during promotion,2022-06-02
11614,12627,2,3,Decent experience overall,2023-04-05
11615,5232,2,3,Average product selection,2024-05-08
11616,8427,15,3,Some items were out of stock,2022-05-03
11617,13362,3,4,Great selection and clean store,2021-07-07
11618,14711,12,4,Fast checkout and friendly advice,2024-09-11
11619,10211,25,4,Loved the indoor plant variety,2025-06-17
11620,14572,13,3,Decent experience overall,2023-12-01
11621,4708,12,5,Great selection and clean store,2023-05-20
11622,14131,20,4,Great selection and clean store,2025-05-20
11623,136,6,4,Fast checkout and friendly advice,2021-12-26
11624,33,21,3,Prices were a bit high,2022-09-24
11625,1117,20,4,Fast checkout and friendly advice,2025-12-17
11626,10910,3,4,Good prices during promotion,2022-07-21
11627,670,19,4,Great selection and clean store,2022-06-16
11628,4268,2,3,Average product selection,2025-07-07
11629,9255,9,4,Fast checkout and friendly advice,2024-12-16
11630,4156,10,4,Good prices during promotion,2021-09-13
11631,9061,11,3,Average product selection,2022-10-19
11632,1848,1,4,Good prices during promotion,2024-11-15
11633,6066,17,5,Loved the indoor plant variety,2021-01-15
11634,10836,22,4,Fast checkout and friendly advice,2025-11-26
11635,11666,8,4,Good prices during promotion,2024-12-26
11636,8857,19,5,Great selection and clean store,2025-04-15
11637,455,16,3,Store was busy but okay,2021-04-10
11638,6524,8,3,Average product selection,2024-03-09
11639,2881,8,4,Helpful staff and healthy plants,2021-12-17
11640,1835,7,3,Average product selection,2021-12-04
11641,9217,5,5,Good prices during promotion,2025-04-16
11642,4461,7,4,Fast checkout and friendly advice,2022-01-04
11643,6484,17,4,Good prices during promotion,2022-04-07
11644,14787,21,5,Loved the indoor plant variety,2021-05-06
11645,11675,4,4,Helpful staff and healthy plants,2023-04-07
11646,8223,18,5,Helpful staff and healthy plants,2024-05-16
11647,14725,25,3,Average product selection,2023-05-27
11648,13016,20,4,Helpful staff and healthy plants,2024-03-14
11649,14706,2,4,Loved the indoor plant variety,2025-12-28
11650,5272,24,3,Store was busy but okay,2023-06-06
11651,6027,13,3,Average product selection,2023-08-06
11652,12302,11,5,Fast checkout and friendly advice,2022-04-10
11653,6796,10,2,Competitor had better price,2021-12-13
11654,877,17,4,Good prices during promotion,2024-07-20
11655,5627,9,3,Some items were out of stock,2022-03-10
11656,11547,3,3,Prices were a bit high,2025-01-25
11657,5081,2,2,Plant quality was disappointing,2023-12-12
11658,8056,10,4,Loved the indoor plant variety,2024-11-09
11659,905,13,4,Loved the indoor plant variety,2025-04-16
11660,4171,7,3,Prices were a bit high,2023-06-15
11661,131,16,4,Great selection and clean store,2021-05-23
11662,4733,16,3,Some items were out of stock,2025-12-15
11663,4896,24,4,Good prices during promotion,2024-04-04
11664,14148,20,4,Fast checkout and friendly advice,2025-08-23
11665,11863,9,5,Loved the indoor plant variety,2024-02-21
11666,771,12,2,Discount was confusing,2024-11-25
11667,1898,13,4,Great selection and clean store,2021-09-04
11668,11252,3,4,Great selection and clean store,2023-10-08
11669,3030,25,4,Helpful staff and healthy plants,2025-09-11
11670,14707,14,5,Helpful staff and healthy plants,2025-10-02
11671,3532,16,4,Great selection and clean store,2021-12-27
11672,2657,1,4,Great selection and clean store,2021-05-26
11673,14280,7,3,Prices were a bit high,2023-11-11
11674,2265,2,5,Fast checkout and friendly advice,2024-02-07
11675,3140,20,5,Loved the indoor plant variety,2025-04-02
11676,9938,18,4,Loved the indoor plant variety,2024-08-22
11677,9319,9,4,Helpful staff and healthy plants,2022-08-15
11678,12901,6,4,Fast checkout and friendly advice,2025-03-20
11679,11382,17,4,Good prices during promotion,2023-03-27
11680,1541,16,1,Competitor had better price,2024-05-04
11681,4482,24,3,Prices were a bit high,2022-02-09
11682,7047,8,4,Helpful staff and healthy plants,2021-11-20
11683,7164,14,3,Average product selection,2024-12-05
11684,2793,11,3,Decent experience overall,2025-06-03
11685,10163,21,3,Prices were a bit high,2024-10-13
11686,155,10,4,Helpful staff and healthy plants,2022-12-21
11687,5018,9,3,Prices were a bit high,2025-07-26
11688,6263,21,5,Loved the indoor plant variety,2024-03-25
11689,13467,6,3,Decent experience overall,2021-10-05
11690,3782,23,4,Great selection and clean store,2024-05-24
11691,10648,22,4,Helpful staff and healthy plants,2025-02-26
11692,13278,15,4,Loved the indoor plant variety,2021-08-02
11693,5514,14,5,Great selection and clean store,2021-05-03
11694,7060,11,4,Good prices during promotion,2021-07-27
11695,14029,12,3,Some items were out of stock,2021-12-11
11696,6409,22,4,Great selection and clean store,2022-03-21
11697,5944,20,3,Store was busy but okay,2023-05-03
11698,8490,21,3,Average product selection,2025-10-12
11699,8055,3,4,Loved the indoor plant variety,2025-09-08
11700,4856,4,3,Decent experience overall,2021-09-07
11701,10674,3,4,Helpful staff and healthy plants,2023-08-01
11702,13241,20,4,Fast checkout and friendly advice,2024-03-19
11703,11213,24,4,Good prices during promotion,2022-09-02
11704,9842,7,4,Good prices during promotion,2025-05-13
11705,1504,15,4,Loved the indoor plant variety,2023-04-17
11706,195,16,5,Great selection and clean store,2021-12-10
11707,13807,2,3,Average product selection,2023-07-05
11708,4231,11,4,Great selection and clean store,2024-05-12
11709,447,11,3,Prices were a bit high,2021-03-18
11710,4192,6,4,Helpful staff and healthy plants,2021-08-11
11711,11201,17,4,Loved the indoor plant variety,2021-09-24
11712,6224,18,3,Prices were a bit high,2023-05-17
11713,12733,14,5,Good prices during promotion,2024-03-24
11714,9655,10,5,Great selection and clean store,2021-08-14
11715,7079,11,3,Store was busy but okay,2022-03-26
11716,8156,20,3,Prices were a bit high,2023-05-21
11717,3740,1,5,Great selection and clean store,2024-02-27
11718,9279,13,5,Helpful staff and healthy plants,2022-06-07
11719,12874,13,5,Loved the indoor plant variety,2023-01-24
11720,3381,19,4,Helpful staff and healthy plants,2021-02-09
11721,13240,11,4,Great selection and clean store,2021-12-03
11722,1516,23,4,Helpful staff and healthy plants,2021-05-18
11723,9944,6,4,Great selection and clean store,2021-08-01
11724,3899,23,3,Store was busy but okay,2023-10-18
11725,6310,16,5,Loved the indoor plant variety,2025-06-07
11726,11014,9,5,Fast checkout and friendly advice,2022-04-11
11727,13647,4,4,Loved the indoor plant variety,2022-09-14
11728,733,22,3,Some items were out of stock,2022-07-21
11729,1637,21,5,Great selection and clean store,2021-03-01
11730,6289,10,3,Store was busy but okay,2021-01-09
11731,11858,7,4,Helpful staff and healthy plants,2021-03-17
11732,4347,16,3,Store was busy but okay,2024-08-15
11733,506,13,4,Good prices during promotion,2022-03-08
11734,4845,15,4,Good prices during promotion,2024-11-26
11735,7072,23,5,Helpful staff and healthy plants,2022-06-13
11736,14109,22,4,Good prices during promotion,2021-03-06
11737,2880,11,2,Competitor had better price,2022-04-11
11738,7752,7,4,Great selection and clean store,2021-02-01
11739,4804,9,4,Good prices during promotion,2023-10-27
11740,7446,23,2,Could not find what I needed,2021-08-23
11741,11459,25,2,Discount was confusing,2023-08-06
11742,6617,22,4,Loved the indoor plant variety,2022-04-28
11743,6775,8,5,Fast checkout and friendly advice,2025-03-08
11744,1,2,4,Loved the indoor plant variety,2021-05-25
11745,1983,25,3,Average product selection,2024-06-04
11746,5044,6,4,Great selection and clean store,2022-08-21
11747,6630,22,4,Good prices during promotion,2023-05-06
11748,14654,13,4,Fast checkout and friendly advice,2021-09-07
11749,13558,24,5,Loved the indoor plant variety,2023-03-12
11750,9350,10,4,Good prices during promotion,2021-03-24
11751,14482,24,3,Some items were out of stock,2023-07-28
11752,999,8,4,Great selection and clean store,2022-06-09
11753,792,1,5,Great selection and clean store,2022-10-08
11754,2284,1,5,Loved the indoor plant variety,2022-12-24
11755,5542,5,4,Good prices during promotion,2021-12-12
11756,1419,1,4,Helpful staff and healthy plants,2024-02-28
11757,6484,20,4,Loved the indoor plant variety,2023-10-10
11758,6641,2,5,Fast checkout and friendly advice,2023-06-27
11759,3393,3,4,Fast checkout and friendly advice,2025-05-10
11760,14014,22,4,Good prices during promotion,2023-02-25
11761,6564,4,3,Some items were out of stock,2025-03-22
11762,843,7,5,Good prices during promotion,2023-12-09
11763,8884,18,5,Fast checkout and friendly advice,2021-10-27
11764,4671,9,4,Loved the indoor plant variety,2021-07-09
11765,10450,2,3,Average product selection,2021-04-19
11766,5446,8,3,Store was busy but okay,2022-04-07
11767,7605,23,3,Decent experience overall,2024-11-02
11768,7578,8,4,Great selection and clean store,2021-07-24
11769,5803,11,3,Store was busy but okay,2025-05-28
11770,228,20,5,Loved the indoor plant variety,2025-12-19
11771,10503,5,3,Some items were out of stock,2024-06-27
11772,12334,2,4,Great selection and clean store,2022-07-03
11773,10125,2,2,Competitor had better price,2024-06-09
11774,1211,14,4,Good prices during promotion,2023-06-06
11775,255,3,3,Average product selection,2021-12-07
11776,10188,2,4,Great selection and clean store,2023-12-25
11777,4768,8,4,Fast checkout and friendly advice,2023-08-01
11778,13004,22,3,Decent experience overall,2025-09-11
11779,2589,1,3,Decent experience overall,2022-06-22
11780,14209,15,4,Fast checkout and friendly advice,2024-01-24
11781,13254,20,5,Good prices during promotion,2025-05-04
11782,13216,12,4,Good prices during promotion,2022-11-02
11783,13533,19,4,Good prices during promotion,2021-03-02
11784,11913,11,4,Loved the indoor plant variety,2024-12-28
11785,8046,23,3,Some items were out of stock,2022-08-01
11786,6038,4,4,Fast checkout and friendly advice,2021-10-05
11787,8996,8,3,Some items were out of stock,2022-03-12
11788,473,21,4,Helpful staff and healthy plants,2023-04-04
11789,14361,5,4,Loved the indoor plant variety,2023-07-21
11790,3639,11,4,Fast checkout and friendly advice,2021-09-17
11791,14856,6,4,Good prices during promotion,2024-08-10
11792,421,3,3,Decent experience overall,2025-01-13
11793,14149,9,2,Could not find what I needed,2024-12-26
11794,6853,11,3,Decent experience overall,2024-05-02
11795,221,23,3,Average product selection,2023-03-26
11796,4896,22,3,Prices were a bit high,2023-12-04
11797,3689,5,4,Great selection and clean store,2022-11-01
11798,12483,22,5,Loved the indoor plant variety,2022-07-03
11799,2039,4,5,Fast checkout and friendly advice,2021-12-13
11800,8265,18,5,Good prices during promotion,2022-02-05
11801,11542,21,5,Fast checkout and friendly advice,2024-11-09
11802,4284,9,4,Good prices during promotion,2021-05-25
11803,8150,24,3,Store was busy but okay,2022-04-06
11804,10273,11,2,Long wait and limited stock,2023-04-24
11805,12741,6,4,Loved the indoor plant variety,2025-12-17
11806,6352,20,3,Prices were a bit high,2022-05-02
11807,10068,11,5,Fast checkout and friendly advice,2025-07-15
11808,2317,16,4,Helpful staff and healthy plants,2024-09-02
11809,5444,15,3,Prices were a bit high,2022-04-28
11810,4343,23,3,Average product selection,2024-05-23
11811,8234,17,3,Store was busy but okay,2023-05-13
11812,7201,15,4,Good prices during promotion,2024-12-04
11813,5543,9,3,Some items were out of stock,2023-09-20
11814,9151,24,4,Fast checkout and friendly advice,2024-03-19
11815,14772,8,5,Helpful staff and healthy plants,2021-04-24
11816,3048,15,3,Store was busy but okay,2025-03-14
11817,11458,3,5,Fast checkout and friendly advice,2021-05-18
11818,12088,14,5,Loved the indoor plant variety,2024-04-01
11819,5792,6,4,Fast checkout and friendly advice,2025-09-19
11820,3908,20,3,Store was busy but okay,2022-07-09
11821,7503,17,4,Fast checkout and friendly advice,2022-03-02
11822,1514,11,3,Decent experience overall,2023-11-12
11823,12548,22,4,Helpful staff and healthy plants,2022-12-07
11824,3153,3,3,Average product selection,2024-12-25
11825,1330,18,3,Some items were out of stock,2024-09-19
11826,8325,5,4,Good prices during promotion,2024-04-01
11827,529,21,3,Store was busy but okay,2023-04-01
11828,2435,12,5,Loved the indoor plant variety,2022-05-16
11829,14576,14,4,Helpful staff and healthy plants,2022-09-14
11830,10836,15,4,Helpful staff and healthy plants,2025-04-24
11831,13355,15,4,Helpful staff and healthy plants,2024-11-19
11832,13940,19,4,Good prices during promotion,2023-04-10
11833,5209,24,4,Fast checkout and friendly advice,2024-12-10
11834,12919,14,3,Some items were out of stock,2023-05-21
11835,2564,23,4,Helpful staff and healthy plants,2021-10-25
11836,4133,14,3,Store was busy but okay,2021-01-09
11837,14664,24,5,Great selection and clean store,2022-12-14
11838,1370,16,5,Loved the indoor plant variety,2021-12-07
11839,9888,14,4,Fast checkout and friendly advice,2022-05-16
11840,5814,8,4,Fast checkout and friendly advice,2021-09-09
11841,2995,8,2,Plant quality was disappointing,2021-03-07
11842,13633,3,4,Good prices during promotion,2025-06-08
11843,1398,6,5,Loved the indoor plant variety,2025-10-17
11844,9547,15,3,Decent experience overall,2023-05-06
11845,5676,24,4,Helpful staff and healthy plants,2021-01-27
11846,5933,8,3,Decent experience overall,2025-11-05
11847,12067,8,3,Average product selection,2025-10-14
11848,13667,19,4,Great selection and clean store,2025-12-26
11849,6446,23,3,Some items were out of stock,2023-09-05
11850,10782,11,3,Average product selection,2021-03-16
11851,3615,19,4,Good prices during promotion,2025-01-24
11852,13565,22,4,Great selection and clean store,2022-04-05
11853,4156,21,4,Loved the indoor plant variety,2023-03-12
11854,4305,18,4,Helpful staff and healthy plants,2025-02-07
11855,5734,18,5,Good prices during promotion,2022-04-12
11856,13624,10,4,Fast checkout and friendly advice,2021-03-09
11857,2697,24,3,Store was busy but okay,2022-06-10
11858,2869,8,3,Store was busy but okay,2025-01-04
11859,7971,13,3,Some items were out of stock,2022-02-03
11860,10653,25,4,Good prices during promotion,2024-05-18
11861,14045,22,3,Store was busy but okay,2025-05-28
11862,306,8,4,Great selection and clean store,2022-06-26
11863,12851,16,3,Average product selection,2022-11-05
11864,508,23,4,Good prices during promotion,2021-12-16
11865,6849,19,4,Great selection and clean store,2023-11-26
11866,95,3,3,Store was busy but okay,2024-07-20
11867,14903,3,5,Good prices during promotion,2025-03-03
11868,8034,21,4,Loved the indoor plant variety,2021-03-16
11869,4638,12,5,Loved the indoor plant variety,2021-12-15
11870,8047,17,3,Prices were a bit high,2025-11-10
11871,6836,4,5,Great selection and clean store,2023-02-16
11872,5821,23,5,Fast checkout and friendly advice,2025-07-26
11873,8321,6,5,Fast checkout and friendly advice,2021-04-24
11874,4165,19,4,Loved the indoor plant variety,2023-12-02
11875,950,2,3,Some items were out of stock,2022-08-01
11876,8271,22,2,Plant quality was disappointing,2023-11-07
11877,2528,4,5,Helpful staff and healthy plants,2024-10-01
11878,14129,15,3,Decent experience overall,2022-04-23
11879,8000,13,5,Great selection and clean store,2025-12-02
11880,17,9,4,Good prices during promotion,2024-12-22
11881,1759,12,4,Helpful staff and healthy plants,2021-03-17
11882,7178,13,2,Plant quality was disappointing,2022-04-17
11883,993,21,4,Loved the indoor plant variety,2025-02-16
11884,12119,20,4,Great selection and clean store,2022-03-20
11885,6663,6,4,Great selection and clean store,2022-11-04
11886,720,17,4,Great selection and clean store,2021-08-22
11887,7082,14,4,Loved the indoor plant variety,2023-12-05
11888,9133,7,4,Loved the indoor plant variety,2023-04-02
11889,5626,21,4,Great selection and clean store,2022-09-19
11890,7417,23,4,Loved the indoor plant variety,2022-10-27
11891,1918,17,5,Great selection and clean store,2023-03-25
11892,2122,23,4,Fast checkout and friendly advice,2025-12-27
11893,4650,13,3,Store was busy but okay,2024-09-04
11894,887,14,5,Fast checkout and friendly advice,2025-08-25
11895,2018,9,5,Fast checkout and friendly advice,2024-04-28
11896,6036,5,5,Fast checkout and friendly advice,2021-09-05
11897,4109,1,4,Great selection and clean store,2021-04-22
11898,8866,17,4,Loved the indoor plant variety,2022-03-17
11899,6215,8,4,Great selection and clean store,2023-12-08
11900,13835,16,4,Loved the indoor plant variety,2024-04-10
11901,2016,24,5,Great selection and clean store,2021-01-09
11902,2150,7,3,Some items were out of stock,2021-01-07
11903,4043,13,4,Helpful staff and healthy plants,2025-07-03
11904,4951,4,3,Some items were out of stock,2022-04-06
11905,9400,24,5,Great selection and clean store,2023-05-08
11906,6950,20,4,Good prices during promotion,2021-06-21
11907,13616,18,4,Helpful staff and healthy plants,2025-12-18
11908,11495,16,3,Some items were out of stock,2022-09-03
11909,12780,24,4,Loved the indoor plant variety,2024-04-03
11910,14096,15,4,Loved the indoor plant variety,2024-04-16
11911,2849,11,3,Decent experience overall,2023-12-21
11912,13519,2,2,Could not find what I needed,2022-05-05
11913,5261,11,4,Great selection and clean store,2022-03-13
11914,1566,21,5,Fast checkout and friendly advice,2025-07-02
11915,2718,12,5,Fast checkout and friendly advice,2022-12-04
11916,1617,21,4,Good prices during promotion,2025-12-15
11917,6665,3,5,Helpful staff and healthy plants,2021-11-12
11918,12143,15,4,Loved the indoor plant variety,2022-04-06
11919,2895,21,5,Fast checkout and friendly advice,2021-05-03
11920,13181,18,3,Some items were out of stock,2025-08-10
11921,14139,6,5,Great selection and clean store,2021-10-04
11922,8612,5,3,Store was busy but okay,2021-11-13
11923,1543,1,3,Average product selection,2021-11-12
11924,1809,16,3,Store was busy but okay,2024-11-11
11925,11009,25,3,Prices were a bit high,2023-11-24
11926,9418,6,4,Fast checkout and friendly advice,2024-04-04
11927,10976,6,3,Decent experience overall,2022-09-15
11928,7146,12,4,Helpful staff and healthy plants,2021-12-12
11929,2631,1,4,Loved the indoor plant variety,2022-04-07
11930,8019,19,3,Prices were a bit high,2023-01-07
11931,8917,10,3,Some items were out of stock,2024-02-17
11932,5018,2,4,Helpful staff and healthy plants,2025-04-05
11933,14986,1,4,Fast checkout and friendly advice,2025-01-17
11934,10687,15,3,Decent experience overall,2021-10-06
11935,8332,5,3,Prices were a bit high,2023-04-03
11936,1920,19,4,Helpful staff and healthy plants,2021-04-24
11937,11199,20,3,Store was busy but okay,2023-04-11
11938,7246,17,4,Loved the indoor plant variety,2022-01-02
11939,7015,15,5,Helpful staff and healthy plants,2023-05-24
11940,11551,7,4,Fast checkout and friendly advice,2024-12-14
11941,944,11,4,Great selection and clean store,2022-07-09
11942,10314,11,4,Fast checkout and friendly advice,2022-04-20
11943,9949,17,5,Fast checkout and friendly advice,2022-11-28
11944,12324,1,4,Good prices during promotion,2025-08-09
11945,7127,6,3,Store was busy but okay,2022-10-15
11946,1411,11,4,Good prices during promotion,2025-03-15
11947,5624,8,3,Some items were out of stock,2022-02-13
11948,8252,12,3,Store was busy but okay,2022-04-27
11949,9243,23,4,Fast checkout and friendly advice,2021-02-28
11950,6017,20,4,Good prices during promotion,2021-03-27
11951,2374,20,5,Helpful staff and healthy plants,2022-04-11
11952,13185,16,5,Great selection and clean store,2021-09-26
11953,4720,9,3,Store was busy but okay,2022-05-09
11954,9157,4,4,Great selection and clean store,2022-05-20
11955,3565,8,4,Great selection and clean store,2021-10-10
11956,339,12,4,Loved the indoor plant variety,2021-05-22
11957,2464,25,5,Loved the indoor plant variety,2025-03-05
11958,216,23,3,Decent experience overall,2025-08-23
11959,2565,16,3,Prices were a bit high,2023-05-10
11960,10828,24,5,Fast checkout and friendly advice,2023-12-07
11961,5178,5,3,Some items were out of stock,2023-07-08
11962,3865,9,3,Average product selection,2025-11-10
11963,14291,1,4,Fast checkout and friendly advice,2024-05-03
11964,13137,11,3,Prices were a bit high,2021-05-03
11965,7451,12,3,Store was busy but okay,2023-08-27
11966,9975,22,5,Loved the indoor plant variety,2023-05-09
11967,5047,22,3,Average product selection,2022-12-28
11968,3049,1,3,Average product selection,2021-01-14
11969,1022,9,3,Decent experience overall,2024-11-03
11970,7632,15,3,Some items were out of stock,2024-06-23
11971,3447,22,5,Great selection and clean store,2022-06-20
11972,11785,15,3,Prices were a bit high,2025-11-15
11973,12410,14,3,Store was busy but okay,2022-04-15
11974,8994,10,5,Good prices during promotion,2023-11-16
11975,5088,3,4,Fast checkout and friendly advice,2024-12-07
11976,8007,3,4,Helpful staff and healthy plants,2022-12-19
11977,9373,1,4,Good prices during promotion,2023-12-19
11978,5780,20,5,Loved the indoor plant variety,2021-03-20
11979,8226,17,3,Store was busy but okay,2025-12-27
11980,8077,3,4,Good prices during promotion,2021-12-16
11981,5486,24,4,Great selection and clean store,2022-10-24
11982,10973,3,5,Good prices during promotion,2021-09-20
11983,3456,2,3,Some items were out of stock,2024-08-28
11984,8886,24,4,Great selection and clean store,2023-04-04
11985,1160,20,4,Helpful staff and healthy plants,2022-10-18
11986,14785,8,5,Fast checkout and friendly advice,2023-11-18
11987,1059,13,5,Fast checkout and friendly advice,2024-02-13
11988,7399,1,4,Good prices during promotion,2023-11-26
11989,12186,4,4,Good prices during promotion,2024-11-12
11990,4713,4,3,Decent experience overall,2023-10-08
11991,2823,15,4,Good prices during promotion,2022-06-24
11992,12542,16,4,Fast checkout and friendly advice,2023-01-15
11993,2804,25,3,Decent experience overall,2023-08-02
11994,14947,23,5,Good prices during promotion,2024-04-20
11995,9009,2,3,Prices were a bit high,2024-08-05
11996,13675,9,5,Fast checkout and friendly advice,2022-06-18
11997,5526,17,3,Some items were out of stock,2024-10-19
11998,11078,4,4,Loved the indoor plant variety,2025-04-13
11999,8470,10,4,Great selection and clean store,2023-12-09
12000,3635,15,4,Great selection and clean store,2022-06-23
